dataset_id,sample_id,condition_id,request_id,status,generation_attempted,fidelity_availability,fidelity_reason,candidate_explanation_fidelity
ULB,FOLLOWUP_ULB_007,C_lexical,036977a8-0419-4e9c-96e9-64aae6cb7c59,suppressed,False,unavailable,not_generated,
ULB,FOLLOWUP_ULB_002,D_hybrid,0cb3ad6c-1874-4c61-9a65-04a7f841ce58,suppressed,False,unavailable,not_generated,
ULB,FOLLOWUP_ULB_003,A_direct,1804ef2c-daf5-46b4-a340-56eb539a3671,completed,True,available,available,1.0
ULB,FOLLOWUP_ULB_005,B_dense,1c03e796-92a0-4908-a886-755bddf5c0f7,completed,True,unavailable,candidate_invalid_json,
ULB,FOLLOWUP_ULB_003,C_lexical,1e25c9d2-3b5a-46ed-b3fe-e6cf2bb258b0,suppressed,False,unavailable,not_generated,
ULB,FOLLOWUP_ULB_010,A_direct,2e34d9cf-1fbe-4414-b3bd-1065b3a7e0ae,completed,True,unavailable,candidate_invalid_json,
ULB,FOLLOWUP_ULB_001,C_lexical,3015d072-ec38-4ab1-ae3c-051af5e3e580,suppressed,False,unavailable,not_generated,
ULB,FOLLOWUP_ULB_004,A_direct,33ac8d56-8e88-4ae7-a312-53cf6568773a,completed,True,available,available,1.0
ULB,FOLLOWUP_ULB_007,A_direct,37aa84fd-f718-4d99-a173-8b102d49c13f,completed,True,available,available,0.9
ULB,FOLLOWUP_ULB_008,B_dense,38175b44-3e67-4de1-8153-f1ec2fd06795,completed,True,unavailable,candidate_invalid_json,
ULB,FOLLOWUP_ULB_003,D_hybrid,38935871-9c04-489d-8ce1-e47c4c8e7d8d,suppressed,False,unavailable,not_generated,
ULB,FOLLOWUP_ULB_005,C_dense,3c52bff9-410d-4ca2-8a67-fc5920b988f4,suppressed,False,unavailable,not_generated,
ULB,FOLLOWUP_ULB_010,C_dense,41c09f08-1f44-43dc-b99a-7f91aa67ff3c,suppressed,False,unavailable,not_generated,
ULB,FOLLOWUP_ULB_001,B_lexical,439f1540-86f5-4324-bd3a-758df6f5e42c,completed,True,available,available,0.0
ULB,FOLLOWUP_ULB_006,B_dense,47378004-ef7b-49c7-b096-2129bd8ff225,completed,True,unavailable,candidate_invalid_json,
ULB,FOLLOWUP_ULB_009,B_dense,47cc7778-0c8a-4292-9f66-593cff092391,completed,True,available,available,0.0
ULB,FOLLOWUP_ULB_006,A_direct,4b061ef6-977e-49aa-b17b-3303b952c720,completed,True,unavailable,candidate_invalid_json,
ULB,FOLLOWUP_ULB_005,C_lexical,4b67d2d6-a105-459d-9138-f9dea049c486,suppressed,False,unavailable,not_generated,
ULB,FOLLOWUP_ULB_002,C_dense,4cbafb37-eca2-420a-bc71-b06f463344b3,suppressed,False,unavailable,not_generated,
ULB,FOLLOWUP_ULB_006,C_lexical,4e126de3-1ee5-485b-8133-c0d6b32960d0,suppressed,False,unavailable,not_generated,
ULB,FOLLOWUP_ULB_003,C_dense,4ebe7b61-1d3e-47f1-b88c-0ee3a0c94b35,suppressed,False,unavailable,not_generated,
ULB,FOLLOWUP_ULB_004,C_lexical,4fac4bb6-71ca-4aa7-bc55-806c8eeeaa77,suppressed,False,unavailable,not_generated,
ULB,FOLLOWUP_ULB_010,D_hybrid,509b0ec0-ff4c-4664-9e17-96134546dca8,suppressed,False,unavailable,not_generated,
ULB,FOLLOWUP_ULB_006,D_hybrid,5326de51-fdeb-45a1-a2a7-7dc5c454d16f,suppressed,False,unavailable,not_generated,
ULB,FOLLOWUP_ULB_008,D_hybrid,536dfef6-4f7a-470a-aa9d-f5c1167aea2f,suppressed,False,unavailable,not_generated,
ULB,FOLLOWUP_ULB_001,A_direct,5d937fbe-0df0-477b-8075-fdbcd9bc3df2,completed,True,unavailable,candidate_invalid_json,
ULB,FOLLOWUP_ULB_009,C_dense,5e0111d3-e3bc-4b68-99ab-c8caa0112b30,suppressed,False,unavailable,not_generated,
ULB,FOLLOWUP_ULB_005,A_direct,5ea14bc2-a535-4c4d-bdb9-2b80ade08843,completed,True,available,available,0.9
ULB,FOLLOWUP_ULB_009,A_direct,6310c711-e42f-4f65-b74d-dd487bd46996,completed,True,available,available,1.0
ULB,FOLLOWUP_ULB_001,B_dense,64eb11a6-32a6-48e1-b0b8-749412c869ea,completed,True,unavailable,candidate_invalid_json,
ULB,FOLLOWUP_ULB_006,C_dense,6e650425-a937-4b55-98ac-7f4f5e642637,suppressed,False,unavailable,not_generated,
ULB,FOLLOWUP_ULB_008,B_lexical,6faa2e3f-7f20-413f-afac-d75672a2be08,completed,True,unavailable,candidate_invalid_json,
ULB,FOLLOWUP_ULB_007,D_hybrid,72cb3288-e20b-49a3-9399-27e683c2fc88,suppressed,False,unavailable,not_generated,
ULB,FOLLOWUP_ULB_008,C_dense,76b987a5-a86e-4140-8cee-bff574b107eb,suppressed,False,unavailable,not_generated,
ULB,FOLLOWUP_ULB_005,B_lexical,7a139f56-ff83-43ea-a1bc-42224f3ff53a,completed,True,unavailable,candidate_invalid_json,
ULB,FOLLOWUP_ULB_003,B_dense,84130486-ec21-4281-bd10-b5c5d924da28,completed,True,unavailable,candidate_invalid_json,
ULB,FOLLOWUP_ULB_004,D_hybrid,8ff407df-3a78-4ffa-a220-8396d74236a8,suppressed,False,unavailable,not_generated,
ULB,FOLLOWUP_ULB_004,B_dense,9e87857c-1d38-47fd-9408-e4109adad0d1,completed,True,available,available,0.0
ULB,FOLLOWUP_ULB_003,B_lexical,9fba1bfb-ee2c-4066-b743-855f23cea089,completed,True,available,available,0.0
ULB,FOLLOWUP_ULB_010,B_dense,a18fb12d-c0cd-4054-b1b9-f7b4d7dbfcf8,completed,True,available,available,0.0
ULB,FOLLOWUP_ULB_002,C_lexical,a479a99b-783b-4cef-ac70-8e4a9d44fb1d,suppressed,False,unavailable,not_generated,
ULB,FOLLOWUP_ULB_008,C_lexical,a630bd1b-bc75-4e9b-8af7-61fbf0cfc860,suppressed,False,unavailable,not_generated,
ULB,FOLLOWUP_ULB_010,C_lexical,a7c73041-9267-4c9a-b86e-3912fa062627,suppressed,False,unavailable,not_generated,
ULB,FOLLOWUP_ULB_007,B_dense,b9db20c2-669c-488e-aff3-de238d6b55ed,completed,True,unavailable,candidate_invalid_json,
ULB,FOLLOWUP_ULB_002,B_lexical,bf0404a0-5a2e-4b71-a090-9b3d02273f39,completed,True,available,available,1.0
ULB,FOLLOWUP_ULB_002,A_direct,c504b2ab-f876-48e0-bda5-57d30b9925cc,completed,True,unavailable,candidate_invalid_json,
ULB,FOLLOWUP_ULB_004,C_dense,c6a46a70-a53c-4a6f-8e58-b506bccb34da,suppressed,False,unavailable,not_generated,
ULB,FOLLOWUP_ULB_001,D_hybrid,cdb16a39-04f3-4337-b89d-509326acfe3d,suppressed,False,unavailable,not_generated,
ULB,FOLLOWUP_ULB_010,B_lexical,cea10ed0-919e-49ba-a707-40f9b5a080ef,completed,True,available,available,0.0
ULB,FOLLOWUP_ULB_001,C_dense,d08e114c-0b28-4be1-854a-899e5a94e648,suppressed,False,unavailable,not_generated,
ULB,FOLLOWUP_ULB_008,A_direct,d22cb7e4-d5b6-49ab-868d-0ba6b9e91add,completed,True,available,available,1.0
ULB,FOLLOWUP_ULB_007,C_dense,dc3254cc-344b-4922-8805-b26e025c9858,suppressed,False,unavailable,not_generated,
ULB,FOLLOWUP_ULB_004,B_lexical,dd8a82ed-a7bd-4e47-99a3-4e423be44087,completed,True,available,available,0.0
ULB,FOLLOWUP_ULB_002,B_dense,e7b6439f-cf18-4689-9217-6ca57cf5a91a,completed,True,available,available,0.0
ULB,FOLLOWUP_ULB_009,B_lexical,ed2c34f7-a5ea-44e9-a5d5-71c98f979bb8,completed,True,available,available,0.0
ULB,FOLLOWUP_ULB_009,C_lexical,ee9a8593-0a5e-4e11-8dd3-c300f2d4a1b0,suppressed,False,unavailable,not_generated,
ULB,FOLLOWUP_ULB_007,B_lexical,ef7de2e6-8b6c-45fe-b831-4d42895ea243,completed,True,unavailable,candidate_invalid_json,
ULB,FOLLOWUP_ULB_006,B_lexical,efab01a6-b1b5-47bb-a96e-f27745cdeb16,completed,True,unavailable,candidate_invalid_json,
ULB,FOLLOWUP_ULB_009,D_hybrid,f1ecd789-aef1-4ef0-9818-a53f44ad41b6,suppressed,False,unavailable,not_generated,
ULB,FOLLOWUP_ULB_005,D_hybrid,f3636350-0cfe-43e3-98e9-39d88cfd37d3,suppressed,False,unavailable,not_generated,
ULB,FOLLOWUP_ULB_012,B_dense,0c61e75f-572a-4c62-8f0a-a4f824a9f44c,completed,True,available,available,1.0
ULB,FOLLOWUP_ULB_011,B_dense,148453e7-9df8-4435-a69b-ccd166cac705,completed,True,unavailable,candidate_invalid_json,
ULB,FOLLOWUP_ULB_012,D_hybrid,19bc4356-ded3-4e33-843b-22f7dfdbcff0,suppressed,False,unavailable,not_generated,
ULB,FOLLOWUP_ULB_020,C_lexical,20c66f21-b924-4e78-bc7b-b75784cb51ae,suppressed,False,unavailable,not_generated,
ULB,FOLLOWUP_ULB_011,B_lexical,20dbf3cd-e998-437c-aa15-9aabc196d7db,completed,True,available,available,0.0
ULB,FOLLOWUP_ULB_017,A_direct,282510b6-a846-406d-8172-bf17f5d22230,completed,True,available,available,1.0
ULB,FOLLOWUP_ULB_012,B_lexical,29d77e2f-4956-4d2e-b048-3547aef3dd09,completed,True,available,available,0.0
ULB,FOLLOWUP_ULB_014,C_lexical,2ae89f51-d3ef-4dbd-b61e-dc6579a8a2dc,suppressed,False,unavailable,not_generated,
ULB,FOLLOWUP_ULB_018,B_dense,30f30ffd-c592-4588-a652-ea26ba56f999,completed,True,available,available,0.0
ULB,FOLLOWUP_ULB_019,A_direct,3a397a6c-41ce-4311-bf90-2a6bd13f2e08,completed,True,available,available,1.0
ULB,FOLLOWUP_ULB_014,C_dense,41e238b7-cfc5-43bc-bd7f-3460b0a25dc4,suppressed,False,unavailable,not_generated,
ULB,FOLLOWUP_ULB_019,C_lexical,4744070c-55b0-43eb-a51a-ac336bf60ebc,suppressed,False,unavailable,not_generated,
ULB,FOLLOWUP_ULB_014,B_lexical,5de4562c-4be2-420a-b7bf-ff3c97ee6dc9,completed,True,unavailable,candidate_invalid_json,
ULB,FOLLOWUP_ULB_020,B_dense,610a85f1-45c9-46c1-ad9e-10adeea8ac40,completed,True,available,available,0.0
ULB,FOLLOWUP_ULB_015,D_hybrid,638aeb59-2aec-4d66-99cf-816b955c2e04,suppressed,False,unavailable,not_generated,
ULB,FOLLOWUP_ULB_016,B_dense,67dbb88b-8339-4b99-af76-62cd0e4c6a65,completed,True,unavailable,candidate_invalid_json,
ULB,FOLLOWUP_ULB_011,C_dense,681fb58a-b325-43e4-b514-9ea3557e045f,suppressed,False,unavailable,not_generated,
ULB,FOLLOWUP_ULB_020,D_hybrid,6bc13f08-f1bf-4017-9515-167446ad024f,suppressed,False,unavailable,not_generated,
ULB,FOLLOWUP_ULB_017,D_hybrid,6f050cc7-9f9a-4723-8aeb-d1873e0847ab,suppressed,False,unavailable,not_generated,
ULB,FOLLOWUP_ULB_015,A_direct,74689a93-d3fd-47ee-aafa-7fb4bb539362,completed,True,available,available,1.0
ULB,FOLLOWUP_ULB_016,C_lexical,7823d349-85a5-4999-9282-e9c2a0d33cb3,suppressed,False,unavailable,not_generated,
ULB,FOLLOWUP_ULB_018,C_lexical,7d722bd5-705a-4dde-be8c-43b3a59b9315,suppressed,False,unavailable,not_generated,
ULB,FOLLOWUP_ULB_016,A_direct,7f2afd0f-046e-425b-9068-645f84a0e022,completed,True,available,available,1.0
ULB,FOLLOWUP_ULB_017,C_lexical,7fefa880-46d9-4a58-b7e5-4c32b817dfec,suppressed,False,unavailable,not_generated,
ULB,FOLLOWUP_ULB_019,B_dense,8af6d929-7f1c-41bc-a0b5-74a7d76d29d0,completed,True,unavailable,candidate_invalid_json,
ULB,FOLLOWUP_ULB_013,B_dense,8b1a7e69-7bcb-4222-8dd3-977d3afd12af,completed,True,available,available,0.0
ULB,FOLLOWUP_ULB_014,D_hybrid,8ea3d6fc-ef84-40b7-ac39-1765d52b01e7,suppressed,False,unavailable,not_generated,
ULB,FOLLOWUP_ULB_016,C_dense,92177ce2-c70e-44f1-93c1-5f8c64655155,suppressed,False,unavailable,not_generated,
ULB,FOLLOWUP_ULB_020,C_dense,96cef982-f827-4216-9246-ea1e893d29bc,suppressed,False,unavailable,not_generated,
ULB,FOLLOWUP_ULB_013,A_direct,973f9c15-a574-404a-8a86-4e5da3b9fa29,completed,True,unavailable,candidate_invalid_json,
ULB,FOLLOWUP_ULB_018,B_lexical,98742ffb-19c7-45db-bc81-0680589ab33f,completed,True,unavailable,candidate_invalid_json,
ULB,FOLLOWUP_ULB_011,A_direct,9b2917e8-528b-4917-a33f-4aaf6d625e10,completed,True,unavailable,candidate_invalid_json,
ULB,FOLLOWUP_ULB_018,A_direct,a1f07f21-29b3-424c-981e-7527e9fb033b,completed,True,available,available,1.0
ULB,FOLLOWUP_ULB_018,C_dense,a774c770-f8aa-47b5-953f-a34980dcba19,suppressed,False,unavailable,not_generated,
ULB,FOLLOWUP_ULB_020,B_lexical,aba48294-e7e9-4534-b103-b991861d2287,completed,True,unavailable,candidate_invalid_json,
ULB,FOLLOWUP_ULB_014,A_direct,add42743-7580-4326-8ee0-f06832ebe610,completed,True,unavailable,candidate_invalid_json,
ULB,FOLLOWUP_ULB_016,D_hybrid,af3f697e-84db-44f7-a846-bc6034851502,suppressed,False,unavailable,not_generated,
ULB,FOLLOWUP_ULB_015,B_lexical,b8169764-fb78-46ad-9e44-cf1907bc75a2,completed,True,available,available,0.0
ULB,FOLLOWUP_ULB_019,B_lexical,c2ec4a04-7d60-4c99-a5e0-7597dd9e2f22,completed,True,unavailable,candidate_invalid_json,
ULB,FOLLOWUP_ULB_012,C_dense,c4e2e45f-10b7-4608-a9fb-1ce5dc902550,suppressed,False,unavailable,not_generated,
ULB,FOLLOWUP_ULB_013,C_dense,c80751f5-c7d8-4402-abdf-307d23c0c46b,suppressed,False,unavailable,not_generated,
ULB,FOLLOWUP_ULB_013,B_lexical,c8e4152b-6632-439a-8250-18a0ff72eeaa,completed,True,available,available,0.0
ULB,FOLLOWUP_ULB_011,D_hybrid,c8fa2830-d570-4850-9a5e-bd4638f1105b,suppressed,False,unavailable,not_generated,
ULB,FOLLOWUP_ULB_012,A_direct,cf3a4c21-fd87-49e0-9856-e36401e99490,completed,True,available,available,1.0
ULB,FOLLOWUP_ULB_013,D_hybrid,d03a0a86-dd4c-4606-a717-fe6a428a2a4d,suppressed,False,unavailable,not_generated,
ULB,FOLLOWUP_ULB_011,C_lexical,d1f06d3e-fd9f-492a-99c1-7a4f9e89a00d,suppressed,False,unavailable,not_generated,
ULB,FOLLOWUP_ULB_017,B_dense,d29b4186-e478-4546-afbe-3e625a6b679f,completed,True,available,available,0.0
ULB,FOLLOWUP_ULB_015,B_dense,d3172718-7fa7-47fd-ae4a-29b6ccba85db,completed,True,unavailable,candidate_invalid_json,
ULB,FOLLOWUP_ULB_013,C_lexical,d407e962-3cc3-4b9d-9da3-a2d558d331bb,suppressed,False,unavailable,not_generated,
ULB,FOLLOWUP_ULB_016,B_lexical,d5fb0228-fd95-424b-b39c-207de49861d5,completed,True,available,available,0.0
ULB,FOLLOWUP_ULB_017,C_dense,d9569d23-30d6-4310-8d58-2bb9f01ed09d,suppressed,False,unavailable,not_generated,
ULB,FOLLOWUP_ULB_012,C_lexical,dd0f8d0e-bb66-4655-86b8-b74d7f2479f5,suppressed,False,unavailable,not_generated,
ULB,FOLLOWUP_ULB_017,B_lexical,ddaa2d1c-7dd3-41e5-8cff-fa8fb22b8813,completed,True,unavailable,candidate_invalid_json,
ULB,FOLLOWUP_ULB_019,D_hybrid,e3e6204f-5a4e-456f-b81d-4c2d6f89e644,suppressed,False,unavailable,not_generated,
ULB,FOLLOWUP_ULB_018,D_hybrid,eb5c6864-7e2d-4c4f-ac68-84a2549db311,suppressed,False,unavailable,not_generated,
ULB,FOLLOWUP_ULB_015,C_lexical,eca2d0be-6c37-49ad-bb05-4adbe6be5e39,suppressed,False,unavailable,not_generated,
ULB,FOLLOWUP_ULB_015,C_dense,ee4b90cc-ac8f-46ae-b89d-74541d083389,suppressed,False,unavailable,not_generated,
ULB,FOLLOWUP_ULB_014,B_dense,f4f83375-d0be-420d-b816-a42a4f2d1d52,completed,True,unavailable,candidate_invalid_json,
ULB,FOLLOWUP_ULB_020,A_direct,fab0ef22-e4aa-41d1-b322-f8a6c6ab7451,completed,True,unavailable,candidate_invalid_json,
ULB,FOLLOWUP_ULB_019,C_dense,fd3f36bf-336c-4390-9f3a-f65e2c79ea5f,suppressed,False,unavailable,not_generated,
ULB,FOLLOWUP_ULB_023,B_dense,008d14f3-2a32-4695-9db1-22f400070455,completed,True,available,available,0.0
ULB,FOLLOWUP_ULB_029,B_dense,02b47cf9-1a31-4c9a-bf17-376c4e9f3f48,completed,True,available,available,0.0
ULB,FOLLOWUP_ULB_026,C_lexical,074de36e-3779-4734-9d20-3790cfb1ecf7,suppressed,False,unavailable,not_generated,
ULB,FOLLOWUP_ULB_028,C_dense,0d76423d-1ab9-41f7-a3f5-b46f1bb0743a,suppressed,False,unavailable,not_generated,
ULB,FOLLOWUP_ULB_024,C_lexical,0e10342f-dca9-4c08-818c-968d0ed2fea9,suppressed,False,unavailable,not_generated,
ULB,FOLLOWUP_ULB_029,C_dense,1f4a11b5-fa9f-4f18-8f5f-d9ea932f53f1,suppressed,False,unavailable,not_generated,
ULB,FOLLOWUP_ULB_029,D_hybrid,231aad9c-ec68-4887-ba6b-7a53e2037bd5,suppressed,False,unavailable,not_generated,
ULB,FOLLOWUP_ULB_027,D_hybrid,33761994-e55f-4719-8704-4eefe3792f3b,suppressed,False,unavailable,not_generated,
ULB,FOLLOWUP_ULB_024,C_dense,36c09ec6-f0c9-4f73-8700-de5753f83ab0,suppressed,False,unavailable,not_generated,
ULB,FOLLOWUP_ULB_025,B_dense,36e442a8-6327-463c-9d21-12c7d669cff1,completed,True,available,available,0.947368
ULB,FOLLOWUP_ULB_022,A_direct,387f36d1-a313-499f-bdd2-a73062d9d607,completed,True,unavailable,candidate_invalid_json,
ULB,FOLLOWUP_ULB_028,B_lexical,38ebb3ac-6333-4810-bce1-5df0a94f73d4,completed,True,available,available,0.0
ULB,FOLLOWUP_ULB_030,B_lexical,3acf2cf7-c806-4abc-87b9-1a5b20bc394f,completed,True,unavailable,candidate_invalid_json,
ULB,FOLLOWUP_ULB_027,B_lexical,3ca43d5b-bf93-4eac-b0bd-e20495e1436e,completed,True,unavailable,candidate_invalid_json,
ULB,FOLLOWUP_ULB_022,C_dense,3ef3f4ac-2bae-4b7c-a192-6a3577824a92,suppressed,False,unavailable,not_generated,
ULB,FOLLOWUP_ULB_028,B_dense,3f503bf4-0e5d-48a5-9756-b2cb9356bf72,completed,True,unavailable,candidate_invalid_json,
ULB,FOLLOWUP_ULB_023,D_hybrid,3fe14ba1-897f-47a4-b778-7c16cb93f1f1,suppressed,False,unavailable,not_generated,
ULB,FOLLOWUP_ULB_022,B_dense,41b0a664-1b42-46ea-90f5-e91bcfdb6195,completed,True,unavailable,candidate_invalid_json,
ULB,FOLLOWUP_ULB_024,B_dense,4c6fcc15-d0bb-473c-9b69-f69f3ec085bd,completed,True,unavailable,candidate_invalid_json,
ULB,FOLLOWUP_ULB_029,C_lexical,54d0689d-7b3f-49f1-87f3-0efa776992b2,suppressed,False,unavailable,not_generated,
ULB,FOLLOWUP_ULB_022,B_lexical,5742a7f7-502b-4efb-8f54-4cd4684e8f20,completed,True,available,available,0.0
ULB,FOLLOWUP_ULB_025,C_lexical,5db8ea56-42f1-4f55-bb5a-19cd1f3242c3,suppressed,False,unavailable,not_generated,
ULB,FOLLOWUP_ULB_024,A_direct,5e70bcf9-ecc1-4641-8bdd-0f233d87e32e,completed,True,unavailable,candidate_invalid_json,
ULB,FOLLOWUP_ULB_030,D_hybrid,691fff15-d971-49e4-b47c-10c0f3cf9247,suppressed,False,unavailable,not_generated,
ULB,FOLLOWUP_ULB_029,B_lexical,69f5d02e-3ca9-44a8-a4ac-00e25490490c,completed,True,available,available,1.0
ULB,FOLLOWUP_ULB_026,C_dense,6f70b96b-aee8-421c-a904-3b5e129689ef,suppressed,False,unavailable,not_generated,
ULB,FOLLOWUP_ULB_026,A_direct,70648202-772f-4d9c-9a27-ec3f8d792301,completed,True,unavailable,candidate_invalid_json,
ULB,FOLLOWUP_ULB_027,A_direct,712387ea-83b8-4439-b0f6-80ac535e1c59,completed,True,available,available,0.823529
ULB,FOLLOWUP_ULB_026,B_lexical,7277e770-a23e-4cc7-9133-305f911af186,completed,True,available,available,0.0
ULB,FOLLOWUP_ULB_022,D_hybrid,79e73ae6-4049-430e-82b8-c188f3ce7113,suppressed,False,unavailable,not_generated,
ULB,FOLLOWUP_ULB_021,C_dense,7c123026-b153-4bdb-a0de-4f1c096d8b15,suppressed,False,unavailable,not_generated,
ULB,FOLLOWUP_ULB_025,B_lexical,7c1e33cd-5a39-4663-8110-816b9c22e1fa,completed,True,available,available,0.0
ULB,FOLLOWUP_ULB_028,D_hybrid,7ce682e3-a4f1-4f48-9178-a499afe992c1,suppressed,False,unavailable,not_generated,
ULB,FOLLOWUP_ULB_022,C_lexical,800d2c59-ed23-4cdc-a40a-6010e17d9c2a,suppressed,False,unavailable,not_generated,
ULB,FOLLOWUP_ULB_027,C_lexical,8734e47c-6236-4839-9518-327242a17645,suppressed,False,unavailable,not_generated,
ULB,FOLLOWUP_ULB_023,C_lexical,873a1fc5-f257-448e-a5f5-c64f9d0cfd01,suppressed,False,unavailable,not_generated,
ULB,FOLLOWUP_ULB_027,C_dense,88470342-7b63-48c7-8300-833a983b18e2,suppressed,False,unavailable,not_generated,
ULB,FOLLOWUP_ULB_028,C_lexical,90221392-fa3e-4d3d-9acd-a5f51756fa11,suppressed,False,unavailable,not_generated,
ULB,FOLLOWUP_ULB_021,B_dense,918600d0-929d-4f4f-9603-b9647b641320,completed,True,unavailable,candidate_invalid_json,
ULB,FOLLOWUP_ULB_021,B_lexical,9644d38f-1844-41e0-88ce-18935bc93a1f,completed,True,unavailable,candidate_invalid_json,
ULB,FOLLOWUP_ULB_021,A_direct,a53fee66-4957-4c1c-a4e8-cd73a5878e1e,completed,True,available,available,1.0
ULB,FOLLOWUP_ULB_030,B_dense,ad2dc38b-a4bf-4d2c-af7c-71c9f50aa76f,completed,True,available,available,0.0
ULB,FOLLOWUP_ULB_030,C_lexical,bce7670c-9a04-4462-a50e-320420be4e03,suppressed,False,unavailable,not_generated,
ULB,FOLLOWUP_ULB_027,B_dense,bffa6228-bf1b-4c36-9359-8432606ecc45,completed,True,unavailable,candidate_invalid_json,
ULB,FOLLOWUP_ULB_024,B_lexical,c0853462-bf67-4a3a-9df6-ca39ac260e68,completed,True,available,available,0.947368
ULB,FOLLOWUP_ULB_023,C_dense,c27b664a-4217-4cc4-a696-eaa9621f4337,suppressed,False,unavailable,not_generated,
ULB,FOLLOWUP_ULB_026,B_dense,c3194a5b-7a07-46ea-a63d-77f8011b8e95,completed,True,available,available,0.0
ULB,FOLLOWUP_ULB_023,A_direct,c9689705-8e45-472a-b8dd-3c0e02dabb34,completed,True,unavailable,candidate_invalid_json,
ULB,FOLLOWUP_ULB_023,B_lexical,cb2b260e-6792-44da-b915-f4b6e5ab37e8,completed,True,unavailable,candidate_invalid_json,
ULB,FOLLOWUP_ULB_025,C_dense,cc3152a5-0ef6-46cd-a112-67cbda9fa2ac,suppressed,False,unavailable,not_generated,
ULB,FOLLOWUP_ULB_021,D_hybrid,cdfd276a-f510-4571-8822-fba04dc46bbd,suppressed,False,unavailable,not_generated,
ULB,FOLLOWUP_ULB_024,D_hybrid,d2c02416-eea7-41e1-bbb3-7618b3801e73,suppressed,False,unavailable,not_generated,
ULB,FOLLOWUP_ULB_025,A_direct,d34a5a3d-4740-4e3a-baab-f26e5e57f5c6,completed,True,unavailable,candidate_invalid_json,
ULB,FOLLOWUP_ULB_021,C_lexical,d5b5754b-bd62-4663-9aa0-e3a8c8277a68,suppressed,False,unavailable,not_generated,
ULB,FOLLOWUP_ULB_028,A_direct,d80c7fec-e9cd-4b51-ac60-fce20cc1726d,completed,True,available,available,1.0
ULB,FOLLOWUP_ULB_030,A_direct,e64c938f-a8f7-439d-b9ac-3f35fb5d3832,completed,True,available,available,1.0
ULB,FOLLOWUP_ULB_025,D_hybrid,e79662ca-642a-4d43-9156-ae58897c89ca,suppressed,False,unavailable,not_generated,
ULB,FOLLOWUP_ULB_026,D_hybrid,f3ee6e1b-bad7-46d5-924c-63e848e23e45,suppressed,False,unavailable,not_generated,
ULB,FOLLOWUP_ULB_030,C_dense,f8957f8e-e4c6-4c6d-8e80-9db4bd4a6f4b,suppressed,False,unavailable,not_generated,
ULB,FOLLOWUP_ULB_029,A_direct,fb0c4319-c0b8-46e9-9fb2-7f7df0fc1ef4,completed,True,available,available,1.0
ULB,FOLLOWUP_ULB_034,B_lexical,009757cc-0f36-4485-9b0c-171d8e64ffce,completed,True,unavailable,candidate_invalid_json,
ULB,FOLLOWUP_ULB_037,B_lexical,00cfa6ce-4f97-416f-a9cf-742d234d75ce,completed,True,available,available,0.0
ULB,FOLLOWUP_ULB_037,A_direct,010d5501-7c43-468d-8bc6-7c040b265c00,completed,True,available,available,1.0
ULB,FOLLOWUP_ULB_035,D_hybrid,17c697d4-b81a-42a9-8c8d-59c6ba88ff69,suppressed,False,unavailable,not_generated,
ULB,FOLLOWUP_ULB_039,C_dense,18e45032-6a8f-44ce-8e8e-0e1bc89676f5,suppressed,False,unavailable,not_generated,
ULB,FOLLOWUP_ULB_035,B_dense,19f0f9a4-83bc-47eb-ba32-8cb11fe7d5e6,completed,True,available,available,0.0
ULB,FOLLOWUP_ULB_036,B_lexical,1d512e9e-d542-48c7-b048-70d2f5acf975,completed,True,unavailable,candidate_invalid_json,
ULB,FOLLOWUP_ULB_033,A_direct,1e0404db-7911-4d37-91d2-274672295fd0,completed,True,available,available,1.0
ULB,FOLLOWUP_ULB_036,B_dense,2627d0b1-0944-4648-8e53-9779a30979b6,completed,True,unavailable,candidate_invalid_json,
ULB,FOLLOWUP_ULB_040,D_hybrid,2d237912-7cf6-4c5a-adad-bc692f18e6af,suppressed,False,unavailable,not_generated,
ULB,FOLLOWUP_ULB_034,B_dense,309bd43a-b401-423f-981b-1b95688f37d2,completed,True,unavailable,candidate_invalid_json,
ULB,FOLLOWUP_ULB_034,C_lexical,339ff047-5f11-452d-9b4c-b7257307be23,suppressed,False,unavailable,not_generated,
ULB,FOLLOWUP_ULB_036,C_dense,3d5937bb-fa05-4463-a4eb-9a392de5448a,suppressed,False,unavailable,not_generated,
ULB,FOLLOWUP_ULB_031,C_lexical,3defd972-8ea9-4831-ae5d-cd32ed1316b1,suppressed,False,unavailable,not_generated,
ULB,FOLLOWUP_ULB_033,B_dense,42b82586-0d9e-4cd4-9581-aa15217d95ef,completed,True,unavailable,candidate_invalid_json,
ULB,FOLLOWUP_ULB_038,D_hybrid,4a0371a0-a9af-491d-8e8c-c0fe33e88613,suppressed,False,unavailable,not_generated,
ULB,FOLLOWUP_ULB_034,C_dense,4f20ed1f-2647-459e-be6c-86666c9a08bb,suppressed,False,unavailable,not_generated,
ULB,FOLLOWUP_ULB_033,C_dense,547db384-13bf-4093-a452-a0f34b3001bd,suppressed,False,unavailable,not_generated,
ULB,FOLLOWUP_ULB_036,C_lexical,5487da8f-a1dd-4962-9b60-70250f79b276,suppressed,False,unavailable,not_generated,
ULB,FOLLOWUP_ULB_038,C_lexical,5fa611f8-04ff-4a5e-ae01-f769ef259e43,suppressed,False,unavailable,not_generated,
ULB,FOLLOWUP_ULB_039,C_lexical,6003c7cb-50d1-4144-920c-e21e4e655ab3,suppressed,False,unavailable,not_generated,
ULB,FOLLOWUP_ULB_031,B_lexical,68218a9b-c3ab-4c37-83f3-ceff440ae5a5,completed,True,available,available,0.777778
ULB,FOLLOWUP_ULB_031,A_direct,6d4db2b6-3365-4bf6-a829-7b82f62cf02c,completed,True,unavailable,candidate_invalid_json,
ULB,FOLLOWUP_ULB_032,C_lexical,6eeb888a-addb-4b6d-af27-4a6261f9cc11,suppressed,False,unavailable,not_generated,
ULB,FOLLOWUP_ULB_032,B_dense,6f33c9e3-d965-498e-8769-8ed85c34e013,completed,True,unavailable,candidate_invalid_json,
ULB,FOLLOWUP_ULB_037,B_dense,72f31c1d-f310-4056-a8f2-be25f3a262c2,completed,True,available,available,0.0
ULB,FOLLOWUP_ULB_032,D_hybrid,7476805e-31b7-4301-90cc-81d4372e3809,suppressed,False,unavailable,not_generated,
ULB,FOLLOWUP_ULB_039,B_dense,77c89647-300f-4d47-a347-b71f66972545,completed,True,unavailable,candidate_invalid_json,
ULB,FOLLOWUP_ULB_034,D_hybrid,795a6a21-83e4-4161-ac39-731e8eb37164,suppressed,False,unavailable,not_generated,
ULB,FOLLOWUP_ULB_031,C_dense,81c01e40-c067-4ae6-ba13-af3b5540a4ce,suppressed,False,unavailable,not_generated,
ULB,FOLLOWUP_ULB_034,A_direct,83d7b0c4-d227-47b5-a554-f22f11c992ad,completed,True,available,available,1.0
ULB,FOLLOWUP_ULB_035,C_dense,84f6cae5-c20c-4dfe-a53b-0867869e4fe1,suppressed,False,unavailable,not_generated,
ULB,FOLLOWUP_ULB_033,D_hybrid,8589d57d-b5c3-4530-9532-56d9bf59040e,suppressed,False,unavailable,not_generated,
ULB,FOLLOWUP_ULB_035,A_direct,9282dd28-214a-46e2-bac0-f669adcfb9a5,completed,True,unavailable,candidate_invalid_json,
ULB,FOLLOWUP_ULB_035,B_lexical,982c13ea-961a-418a-90f9-2d2e3b40ec67,completed,True,available,available,0.0
ULB,FOLLOWUP_ULB_038,B_dense,99a782ed-be8d-4465-a73f-17e03e85c00d,completed,True,available,available,0.0
ULB,FOLLOWUP_ULB_040,B_dense,99f6cbdc-0850-452f-8126-856c10d844e8,completed,True,unavailable,candidate_invalid_json,
ULB,FOLLOWUP_ULB_039,B_lexical,aa95c70e-f720-4a49-8c07-a26832b8d2bd,completed,True,available,available,0.0
ULB,FOLLOWUP_ULB_031,B_dense,aca05e10-ddce-41d6-98c9-67fd70f77c3c,completed,True,unavailable,candidate_invalid_json,
ULB,FOLLOWUP_ULB_031,D_hybrid,aef97d96-8da3-4af5-8702-756c10e07502,suppressed,False,unavailable,not_generated,
ULB,FOLLOWUP_ULB_036,D_hybrid,b2cf6fa2-f712-418f-8b37-d4694eddd70a,suppressed,False,unavailable,not_generated,
ULB,FOLLOWUP_ULB_039,D_hybrid,bae82947-d559-4f01-9802-db86dd873b4a,suppressed,False,unavailable,not_generated,
ULB,FOLLOWUP_ULB_038,A_direct,bfe5b366-1feb-4405-8315-c80dcd2e9de9,completed,True,available,available,1.0
ULB,FOLLOWUP_ULB_038,C_dense,c62c378b-8947-48b0-9666-67181a34ccc4,suppressed,False,unavailable,not_generated,
ULB,FOLLOWUP_ULB_037,C_dense,c87c4080-c78f-4fc6-a20b-a6c22395058e,suppressed,False,unavailable,not_generated,
ULB,FOLLOWUP_ULB_036,A_direct,cddcc46d-fc16-457e-a70d-87cc14f034e2,completed,True,unavailable,candidate_invalid_json,
ULB,FOLLOWUP_ULB_035,C_lexical,d04f5c50-7f23-4276-bd7f-a5740e41fe66,suppressed,False,unavailable,not_generated,
ULB,FOLLOWUP_ULB_039,A_direct,d72b68e3-1856-423d-b093-52638dcabf3e,completed,True,available,available,1.0
ULB,FOLLOWUP_ULB_037,C_lexical,d7885a09-06b9-48ec-8846-e3b80c8c1d2d,suppressed,False,unavailable,not_generated,
ULB,FOLLOWUP_ULB_040,C_lexical,db187074-e3dc-4723-94ae-c74c2f08a7fb,suppressed,False,unavailable,not_generated,
ULB,FOLLOWUP_ULB_033,C_lexical,e14be4ba-55ce-44b2-9cc0-c8e7b91e8298,suppressed,False,unavailable,not_generated,
ULB,FOLLOWUP_ULB_032,B_lexical,e1eeeb70-82f6-4116-8a4d-010d561b1481,completed,True,available,available,0.0
ULB,FOLLOWUP_ULB_033,B_lexical,e3415b33-6645-4303-b277-fe7446754e28,completed,True,available,available,0.0
ULB,FOLLOWUP_ULB_032,C_dense,edd6f2cd-c104-4a06-82bd-9bc9b83eca42,suppressed,False,unavailable,not_generated,
ULB,FOLLOWUP_ULB_040,A_direct,f4fd6e55-7aad-4f57-abf8-8f0a576003ec,completed,True,available,available,1.0
ULB,FOLLOWUP_ULB_032,A_direct,f5a0f635-7f6d-4da3-87df-4fa86d57414e,completed,True,available,available,1.0
ULB,FOLLOWUP_ULB_040,C_dense,f65f58c5-cbc9-4721-b2e6-e3cf94e16d6d,suppressed,False,unavailable,not_generated,
ULB,FOLLOWUP_ULB_040,B_lexical,f6a83c55-3d9a-4cf8-8313-682d92e33306,completed,True,unavailable,candidate_invalid_json,
ULB,FOLLOWUP_ULB_037,D_hybrid,f789c46a-9758-44a3-9d47-88da1799212b,suppressed,False,unavailable,not_generated,
ULB,FOLLOWUP_ULB_038,B_lexical,ff70aac0-71fa-4512-b795-81a0686e403b,completed,True,available,available,0.0
ULB,FOLLOWUP_ULB_049,D_hybrid,0c64783f-8d45-41fb-936f-1a36b74114f5,suppressed,False,unavailable,not_generated,
ULB,FOLLOWUP_ULB_047,D_hybrid,0c74c670-7cf0-42a2-af39-eefb6884c379,suppressed,False,unavailable,not_generated,
ULB,FOLLOWUP_ULB_050,C_lexical,0fc960d4-1bc0-426a-bbef-cd59f36cc317,suppressed,False,unavailable,not_generated,
ULB,FOLLOWUP_ULB_049,C_lexical,0fd8e0c0-8d7a-4d6a-8987-7afcc5250242,suppressed,False,unavailable,not_generated,
ULB,FOLLOWUP_ULB_046,C_lexical,1017e9d7-06a6-491b-9422-be00ea275341,suppressed,False,unavailable,not_generated,
ULB,FOLLOWUP_ULB_049,B_lexical,1c8f0d85-bb22-46fa-acdd-9594e21b2e8e,completed,True,available,available,0.0
ULB,FOLLOWUP_ULB_047,A_direct,1f4ef04a-8964-4636-952a-c1d6b70599c9,completed,True,available,available,1.0
ULB,FOLLOWUP_ULB_045,B_dense,2e20de4d-7350-4b07-acd3-6bd113e6cbe4,completed,True,available,available,0.0
ULB,FOLLOWUP_ULB_045,B_lexical,3242b261-faca-4f89-bed8-af73f2ef6a4c,completed,True,unavailable,candidate_invalid_json,
ULB,FOLLOWUP_ULB_042,B_dense,338f241d-b956-4818-9d85-ea953cef0e5b,completed,True,available,available,1.0
ULB,FOLLOWUP_ULB_047,C_dense,34bd534d-dc51-4398-b5da-2c42111bf1ab,suppressed,False,unavailable,not_generated,
ULB,FOLLOWUP_ULB_050,B_lexical,3b55d918-6c67-4fc2-93c1-415dc767caa9,completed,True,available,available,0.0
ULB,FOLLOWUP_ULB_044,B_dense,45b08cf1-2cc7-4047-8c9b-286dca371e03,completed,True,available,available,0.0
ULB,FOLLOWUP_ULB_041,D_hybrid,51b49d9a-74c4-43bb-a719-91254af9ae53,suppressed,False,unavailable,not_generated,
ULB,FOLLOWUP_ULB_048,B_dense,578218ef-dbe5-4405-a387-c8c959a54ab1,completed,True,available,available,1.0
ULB,FOLLOWUP_ULB_043,A_direct,587908f7-4ade-4830-8efc-738feb9e64f5,completed,True,unavailable,candidate_invalid_json,
ULB,FOLLOWUP_ULB_049,C_dense,592ad53d-19a6-4a44-99c4-ed519e489feb,suppressed,False,unavailable,not_generated,
ULB,FOLLOWUP_ULB_041,C_dense,5ded831b-3b18-4f38-8e09-269e8847474e,suppressed,False,unavailable,not_generated,
ULB,FOLLOWUP_ULB_050,B_dense,610e3b44-61f3-466c-84dd-3b399253e149,completed,True,unavailable,candidate_invalid_json,
ULB,FOLLOWUP_ULB_043,B_lexical,61f4114b-6b74-42f3-a008-779a87ba779e,completed,True,unavailable,candidate_invalid_json,
ULB,FOLLOWUP_ULB_042,D_hybrid,64bb23ba-3491-48eb-8cc7-04eda3d9a402,suppressed,False,unavailable,not_generated,
ULB,FOLLOWUP_ULB_041,A_direct,6c83dfce-e5a1-4e36-8b46-e4bb9d3266f7,completed,True,available,available,1.0
ULB,FOLLOWUP_ULB_046,C_dense,6ddb40a4-6975-42f3-b1c1-ab9e256560b4,suppressed,False,unavailable,not_generated,
ULB,FOLLOWUP_ULB_049,B_dense,6e4ec1f7-14c2-45ff-878d-a7a36b724748,completed,True,available,available,0.0
ULB,FOLLOWUP_ULB_047,C_lexical,71c68ce4-32c9-4e29-8443-f2e03890bee3,suppressed,False,unavailable,not_generated,
ULB,FOLLOWUP_ULB_045,C_dense,722188d6-866e-4678-9766-d98e65ed5f49,suppressed,False,unavailable,not_generated,
ULB,FOLLOWUP_ULB_041,B_dense,781fcb76-5b25-49fd-aa5a-cbbb0623a54e,completed,True,unavailable,candidate_invalid_json,
ULB,FOLLOWUP_ULB_047,B_dense,7e0d52fc-06cf-4d59-bb8c-bd33494bbb39,completed,True,available,available,0.0
ULB,FOLLOWUP_ULB_046,B_dense,7e354cac-2610-4465-840e-de1a3552feea,completed,True,unavailable,candidate_invalid_json,
ULB,FOLLOWUP_ULB_043,D_hybrid,81869e5d-e0b0-4ef4-ac8d-e068d6cdead3,suppressed,False,unavailable,not_generated,
ULB,FOLLOWUP_ULB_048,D_hybrid,864c934b-e02e-4c4b-b917-d2fbe7590a3c,suppressed,False,unavailable,not_generated,
ULB,FOLLOWUP_ULB_044,C_lexical,86a95d9b-6454-42bd-8480-d0c1a460025f,suppressed,False,unavailable,not_generated,
ULB,FOLLOWUP_ULB_050,A_direct,888b9b07-2030-4d95-bf92-c1059f78c598,completed,True,unavailable,candidate_invalid_json,
ULB,FOLLOWUP_ULB_048,C_lexical,8b7f67db-87d4-40f6-8494-0f3df5237aef,suppressed,False,unavailable,not_generated,
ULB,FOLLOWUP_ULB_050,D_hybrid,8c648e74-e159-4dcb-8381-1ecf695e87c6,suppressed,False,unavailable,not_generated,
ULB,FOLLOWUP_ULB_044,D_hybrid,909c770f-4362-4bd1-bd68-94362cd949a4,suppressed,False,unavailable,not_generated,
ULB,FOLLOWUP_ULB_045,A_direct,9127d60f-9372-4202-832e-3716da067168,completed,True,available,available,1.0
ULB,FOLLOWUP_ULB_042,C_dense,96829567-5cd4-426a-8ec0-56df54ee2a56,suppressed,False,unavailable,not_generated,
ULB,FOLLOWUP_ULB_049,A_direct,974155ae-fd86-49f4-8f5d-a346389dc86a,completed,True,available,available,1.0
ULB,FOLLOWUP_ULB_048,B_lexical,9b3fce45-7ecc-4b04-baf8-6fbb2300d67c,completed,True,available,available,1.0
ULB,FOLLOWUP_ULB_042,C_lexical,a19b0837-615c-4a70-b4b4-0f01c3952b16,suppressed,False,unavailable,not_generated,
ULB,FOLLOWUP_ULB_046,A_direct,a844c98a-64de-4916-bddb-2d4c3cb9c06b,completed,True,available,available,0.947368
ULB,FOLLOWUP_ULB_045,C_lexical,aa65d2d6-f2c8-42fe-9c43-346d95cc9712,suppressed,False,unavailable,not_generated,
ULB,FOLLOWUP_ULB_046,B_lexical,aaad6d85-74e5-45b5-9fb4-1a019bff6117,completed,True,available,available,0.0
ULB,FOLLOWUP_ULB_043,B_dense,abf96096-69f6-4f1d-9cb1-460ad095abdf,completed,True,available,available,0.0
ULB,FOLLOWUP_ULB_041,B_lexical,aea0a50c-febc-47a5-bfa4-843051a030a5,completed,True,unavailable,candidate_invalid_json,
ULB,FOLLOWUP_ULB_042,A_direct,b41ebcc2-970d-4d29-bdc6-4da1c69656f6,completed,True,available,available,1.0
ULB,FOLLOWUP_ULB_048,A_direct,b8115c68-5118-4bc5-b0a0-9b904259ea21,completed,True,unavailable,candidate_invalid_json,
ULB,FOLLOWUP_ULB_045,D_hybrid,c4bdd66c-bd39-4eca-b76a-ccbe2e9187b1,suppressed,False,unavailable,not_generated,
ULB,FOLLOWUP_ULB_048,C_dense,c773f628-82a7-4cb4-9cc2-458bdcf247a2,suppressed,False,unavailable,not_generated,
ULB,FOLLOWUP_ULB_044,B_lexical,d0473c39-c095-4746-8c0c-f33b0ddef5c7,completed,True,available,available,0.0
ULB,FOLLOWUP_ULB_041,C_lexical,d0c7f592-541b-46c2-82b1-4cb01246d25f,suppressed,False,unavailable,not_generated,
ULB,FOLLOWUP_ULB_042,B_lexical,d45fe29c-a0d3-4958-bec9-e4e4f9ad6dfe,completed,True,unavailable,candidate_invalid_json,
ULB,FOLLOWUP_ULB_046,D_hybrid,dc97482f-9250-4bef-9d33-ecb0dd56f236,suppressed,False,unavailable,not_generated,
ULB,FOLLOWUP_ULB_043,C_lexical,e41511b5-93ca-440e-895b-8458068b31cb,suppressed,False,unavailable,not_generated,
ULB,FOLLOWUP_ULB_050,C_dense,edc43a82-eae0-468c-9304-6bc8d968c721,suppressed,False,unavailable,not_generated,
ULB,FOLLOWUP_ULB_047,B_lexical,ee968111-157e-450d-832d-77a586e50c3d,completed,True,available,available,0.0
ULB,FOLLOWUP_ULB_044,C_dense,ef833558-b10a-4e09-874b-887d7a651ab2,suppressed,False,unavailable,not_generated,
ULB,FOLLOWUP_ULB_044,A_direct,f34b6567-2c01-4934-93ea-e26e7b07218e,completed,True,unavailable,candidate_invalid_json,
ULB,FOLLOWUP_ULB_043,C_dense,f4fc543f-e1c1-4ae4-b89a-3f6113d2ecaa,suppressed,False,unavailable,not_generated,
ULB,FOLLOWUP_ULB_055,B_dense,0058b645-5700-4a58-87b6-71e081464111,completed,True,available,available,1.0
ULB,FOLLOWUP_ULB_060,C_lexical,051dd9ce-6937-447e-aeb9-4f42d69d8c1b,suppressed,False,unavailable,not_generated,
ULB,FOLLOWUP_ULB_052,D_hybrid,085844ca-6946-4b69-997d-ac202f1551bb,suppressed,False,unavailable,not_generated,
ULB,FOLLOWUP_ULB_055,D_hybrid,0877eab0-b9fe-4d93-87da-a6d146738dd6,suppressed,False,unavailable,not_generated,
ULB,FOLLOWUP_ULB_060,A_direct,0ab7c469-1ce0-4208-952f-6eacd4b31074,completed,True,available,available,1.0
ULB,FOLLOWUP_ULB_060,B_dense,0d56903f-cbf7-4d67-ae8e-5a56ef73f99a,completed,True,available,available,0.0
ULB,FOLLOWUP_ULB_054,B_dense,0dff51e4-b3af-481d-a617-3e4c53f070d0,completed,True,available,available,0.0
ULB,FOLLOWUP_ULB_060,D_hybrid,0eef23af-44c5-418f-b751-3c96a03f5184,suppressed,False,unavailable,not_generated,
ULB,FOLLOWUP_ULB_058,C_lexical,124faef7-9a3b-4e7c-9639-680984cc22be,suppressed,False,unavailable,not_generated,
ULB,FOLLOWUP_ULB_053,B_dense,15a5f461-e7c3-4134-aa55-deb3fdf7584f,completed,True,unavailable,candidate_invalid_json,
ULB,FOLLOWUP_ULB_054,C_lexical,17e8ee0d-576a-403a-a8ec-da5934244464,suppressed,False,unavailable,not_generated,
ULB,FOLLOWUP_ULB_053,D_hybrid,192df8db-c9b6-42bf-930a-a841438dba3d,suppressed,False,unavailable,not_generated,
ULB,FOLLOWUP_ULB_056,C_dense,1a9f128c-f216-434d-b9e1-137d6b92b571,suppressed,False,unavailable,not_generated,
ULB,FOLLOWUP_ULB_052,C_lexical,20acaf28-5c64-4187-a4c6-02aa642105c7,suppressed,False,unavailable,not_generated,
ULB,FOLLOWUP_ULB_053,C_dense,224b82a1-72a8-4ce0-938e-d6c7a21edf88,suppressed,False,unavailable,not_generated,
ULB,FOLLOWUP_ULB_057,C_lexical,224d7d06-46cb-4af2-a6d2-ef43a1068bf4,suppressed,False,unavailable,not_generated,
ULB,FOLLOWUP_ULB_051,A_direct,2f870a1e-8b92-43cb-9e22-90b717ecd9ed,completed,True,available,available,1.0
ULB,FOLLOWUP_ULB_051,B_lexical,375b6f2f-7fbe-45a7-8125-3a4a9fe7e7c9,completed,True,unavailable,candidate_invalid_json,
ULB,FOLLOWUP_ULB_052,A_direct,3f2bf106-f9e1-4fb4-8fd9-b305535627e0,completed,True,available,available,0.952381
ULB,FOLLOWUP_ULB_059,B_lexical,40714092-fc94-4bc3-a201-6c7bb3aa2551,completed,True,unavailable,candidate_invalid_json,
ULB,FOLLOWUP_ULB_053,C_lexical,40a4bda8-3cfe-4061-a655-00d8627a9249,suppressed,False,unavailable,not_generated,
ULB,FOLLOWUP_ULB_059,D_hybrid,456d9e96-fab4-49c9-877a-d0a85bcb445a,suppressed,False,unavailable,not_generated,
ULB,FOLLOWUP_ULB_057,D_hybrid,4d3a2328-a017-4144-a544-74de3076ec7f,suppressed,False,unavailable,not_generated,
ULB,FOLLOWUP_ULB_058,D_hybrid,5417489b-5614-41d0-82ef-c5c0402f8282,suppressed,False,unavailable,not_generated,
ULB,FOLLOWUP_ULB_055,C_lexical,5d04a443-828c-4f26-b09b-db60cf942b49,suppressed,False,unavailable,not_generated,
ULB,FOLLOWUP_ULB_053,A_direct,5da70046-709d-4aa9-8849-a73fee1bee8e,completed,True,available,available,1.0
ULB,FOLLOWUP_ULB_057,B_lexical,63bf9af0-4efa-40a3-85a6-6910d5b371ae,completed,True,unavailable,candidate_invalid_json,
ULB,FOLLOWUP_ULB_055,B_lexical,6ac62739-d3a8-4007-b86d-833446dddb3c,completed,True,unavailable,candidate_invalid_json,
ULB,FOLLOWUP_ULB_055,C_dense,6ebb351c-1949-406b-bbb3-3c71e357157d,suppressed,False,unavailable,not_generated,
ULB,FOLLOWUP_ULB_051,C_lexical,719ebbe2-4bca-470c-adf1-c59a2f4cef55,suppressed,False,unavailable,not_generated,
ULB,FOLLOWUP_ULB_052,B_dense,7b994408-47dc-4c8d-8dce-ac8573dc871b,completed,True,available,available,0.0
ULB,FOLLOWUP_ULB_053,B_lexical,81ce7a13-1699-4c53-8f59-973384dbe42d,completed,True,unavailable,candidate_invalid_json,
ULB,FOLLOWUP_ULB_056,A_direct,8a2520d0-a421-4bb5-b668-3a2cee4fe9af,completed,True,available,available,1.0
ULB,FOLLOWUP_ULB_052,C_dense,8db25d9e-35e5-491b-82ab-d1ce62e2220a,suppressed,False,unavailable,not_generated,
ULB,FOLLOWUP_ULB_057,C_dense,90190d75-80fd-40c0-8703-05d1fcac9c3b,suppressed,False,unavailable,not_generated,
ULB,FOLLOWUP_ULB_051,D_hybrid,9ac1349f-d02f-4af7-a0c9-73c4894f56eb,suppressed,False,unavailable,not_generated,
ULB,FOLLOWUP_ULB_056,D_hybrid,9fe790bd-9057-4301-9ccc-d77781bf0205,suppressed,False,unavailable,not_generated,
ULB,FOLLOWUP_ULB_059,C_lexical,a9f387c1-dbfb-4d0b-b4c1-8ead8a1d36f5,suppressed,False,unavailable,not_generated,
ULB,FOLLOWUP_ULB_051,B_dense,ad1e04e1-2908-44f5-a853-c42abc57a6ae,completed,True,unavailable,candidate_invalid_json,
ULB,FOLLOWUP_ULB_058,C_dense,aefec108-f3f6-4d50-b2f1-8d71138d0fd3,suppressed,False,unavailable,not_generated,
ULB,FOLLOWUP_ULB_054,D_hybrid,b82649be-e3ce-495e-b217-97896a1e27ef,suppressed,False,unavailable,not_generated,
ULB,FOLLOWUP_ULB_056,B_lexical,b8565a27-8a12-4615-9ece-51134c9c96fa,completed,True,available,available,0.0
ULB,FOLLOWUP_ULB_057,A_direct,befe4c55-9ddf-46e4-be59-e76b6663d02e,completed,True,unavailable,candidate_invalid_json,
ULB,FOLLOWUP_ULB_060,C_dense,c405cfac-a481-45e2-aec5-cda613fa9abd,suppressed,False,unavailable,not_generated,
ULB,FOLLOWUP_ULB_057,B_dense,c545e37c-b75b-4855-8e23-c5a2104ff01c,completed,True,available,available,1.0
ULB,FOLLOWUP_ULB_058,B_dense,cd1a947a-35ed-425a-9ac4-0d7c4633d5ef,completed,True,available,available,0.0
ULB,FOLLOWUP_ULB_054,A_direct,d24d08b5-55ce-4594-be4c-78023b10ffb5,completed,True,unavailable,candidate_invalid_json,
ULB,FOLLOWUP_ULB_060,B_lexical,d3dcb8b6-ea71-4646-95d7-23649d903022,completed,True,available,available,0.0
ULB,FOLLOWUP_ULB_055,A_direct,d4d929b9-214c-4309-8152-886a2d9fd8ec,completed,True,available,available,1.0
ULB,FOLLOWUP_ULB_058,B_lexical,dbf41320-1408-46d0-b1e8-c742808648bd,completed,True,unavailable,candidate_invalid_json,
ULB,FOLLOWUP_ULB_059,A_direct,dc8f00f9-7a03-4bf9-97b6-ff5ebaacb145,completed,True,available,available,1.0
ULB,FOLLOWUP_ULB_054,C_dense,e3ad537b-d72d-4421-abf5-2eda3ee21cee,suppressed,False,unavailable,not_generated,
ULB,FOLLOWUP_ULB_052,B_lexical,e4bcb733-c457-4ecb-8212-d0cc312cfcc3,completed,True,available,available,0.0
ULB,FOLLOWUP_ULB_054,B_lexical,e6f7cdd7-390c-4369-bf00-8b3d62eee80b,completed,True,available,available,0.0
ULB,FOLLOWUP_ULB_056,C_lexical,e8b6134d-5da3-4efb-8df6-a96c3edaed17,suppressed,False,unavailable,not_generated,
ULB,FOLLOWUP_ULB_059,C_dense,ebef971c-8d61-40af-bb39-9cd799b6daf3,suppressed,False,unavailable,not_generated,
ULB,FOLLOWUP_ULB_051,C_dense,f6460080-c05f-4d61-8bad-d17d0d961a61,suppressed,False,unavailable,not_generated,
ULB,FOLLOWUP_ULB_059,B_dense,f6eaab12-faed-465a-97c8-341e1f3d33dd,completed,True,available,available,1.0
ULB,FOLLOWUP_ULB_056,B_dense,f898308b-8531-40d9-954d-2ed33ad761ce,completed,True,unavailable,candidate_invalid_json,
ULB,FOLLOWUP_ULB_058,A_direct,fb7e7b32-560f-4b5d-894c-c2468aca977e,completed,True,available,available,0.9
ULB,FOLLOWUP_ULB_069,D_hybrid,0a6f3729-c270-49eb-adf2-0468a8e4d6dd,suppressed,False,unavailable,not_generated,
ULB,FOLLOWUP_ULB_064,C_lexical,0e7bf896-3268-42e0-9839-e14b855e9ecc,suppressed,False,unavailable,not_generated,
ULB,FOLLOWUP_ULB_065,C_lexical,13857caa-9270-4d9c-9be6-b553dc8de733,suppressed,False,unavailable,not_generated,
ULB,FOLLOWUP_ULB_067,C_lexical,13d47d86-cdd9-48dd-ace9-c4482e50d842,suppressed,False,unavailable,not_generated,
ULB,FOLLOWUP_ULB_069,C_lexical,13e5fef6-4929-427a-aceb-e3f957b02632,suppressed,False,unavailable,not_generated,
ULB,FOLLOWUP_ULB_063,B_lexical,172f5070-b297-484a-b199-7114b0d460b1,completed,True,available,available,0.0
ULB,FOLLOWUP_ULB_062,C_lexical,1bbd9dbe-3bf4-4793-92f4-702d82e11168,suppressed,False,unavailable,not_generated,
ULB,FOLLOWUP_ULB_064,D_hybrid,1db59540-3158-48ee-8bae-2f671c43f9e7,suppressed,False,unavailable,not_generated,
ULB,FOLLOWUP_ULB_065,D_hybrid,244de205-7017-4a79-bf65-b64cd2e0fd71,suppressed,False,unavailable,not_generated,
ULB,FOLLOWUP_ULB_067,C_dense,2a3e53c6-e5da-4031-8a55-a7b2ae5d6c85,suppressed,False,unavailable,not_generated,
ULB,FOLLOWUP_ULB_067,B_lexical,3244a5c5-f154-42c5-b73e-5fbf6d3127e8,completed,True,available,available,0.947368
ULB,FOLLOWUP_ULB_070,B_lexical,35bc11c1-1877-4a08-a254-980186c1e820,completed,True,unavailable,candidate_invalid_json,
ULB,FOLLOWUP_ULB_070,C_dense,3758b8d0-cf98-462b-b283-c3e822ebe32a,suppressed,False,unavailable,not_generated,
ULB,FOLLOWUP_ULB_068,C_dense,37954182-8e24-4957-a11c-81507f295d9f,suppressed,False,unavailable,not_generated,
ULB,FOLLOWUP_ULB_069,A_direct,3c8f9272-232d-4874-9eea-4bcb840c362b,completed,True,available,available,1.0
ULB,FOLLOWUP_ULB_069,B_dense,44adaf47-8121-499a-971e-3f025d45e32e,completed,True,available,available,0.0
ULB,FOLLOWUP_ULB_066,A_direct,4fe9caf1-c4dc-4aed-ac7e-b51c3ef5eec7,completed,True,unavailable,candidate_invalid_json,
ULB,FOLLOWUP_ULB_063,A_direct,51d47de5-2001-474a-9685-e98d5c4c6324,completed,True,available,available,1.0
ULB,FOLLOWUP_ULB_061,B_dense,5273ecff-4b5d-41d3-aea3-951db681ebf1,completed,True,unavailable,candidate_invalid_json,
ULB,FOLLOWUP_ULB_064,C_dense,5a41ccb5-acdf-4045-9872-5fd6376c4a48,suppressed,False,unavailable,not_generated,
ULB,FOLLOWUP_ULB_061,A_direct,5a77a935-14d7-472f-a01d-b78bed29315a,completed,True,unavailable,candidate_invalid_json,
ULB,FOLLOWUP_ULB_070,D_hybrid,5f474df1-a911-40d3-a7fc-d6b525a89fae,suppressed,False,unavailable,not_generated,
ULB,FOLLOWUP_ULB_067,A_direct,602d6450-22f7-4e18-9ea2-d441336c3a15,completed,True,available,available,1.0
ULB,FOLLOWUP_ULB_066,B_lexical,60f693a2-3e95-4bc1-849a-4d8c00147485,completed,True,available,available,0.0
ULB,FOLLOWUP_ULB_061,D_hybrid,779e6bed-b5e5-4834-ae6b-09646cc6fd41,suppressed,False,unavailable,not_generated,
ULB,FOLLOWUP_ULB_066,D_hybrid,7862d087-e291-4dc6-82eb-90fbc458664f,suppressed,False,unavailable,not_generated,
ULB,FOLLOWUP_ULB_062,D_hybrid,79df3a41-3c07-403a-9690-a74b12a312bb,suppressed,False,unavailable,not_generated,
ULB,FOLLOWUP_ULB_068,A_direct,79e20b9b-e335-4ed2-80ab-9740552265c9,completed,True,available,available,0.75
ULB,FOLLOWUP_ULB_069,B_lexical,79eacf53-293f-4302-8505-98553377f599,completed,True,available,available,0.0
ULB,FOLLOWUP_ULB_062,A_direct,824414ea-6975-435f-9f80-d81d3fa726b1,completed,True,available,available,1.0
ULB,FOLLOWUP_ULB_062,B_lexical,83e4dcf2-aef8-4f60-9b7e-b8eda48826b1,completed,True,available,available,0.0
ULB,FOLLOWUP_ULB_062,C_dense,8d893007-f447-4d26-baa7-841225d5c521,suppressed,False,unavailable,not_generated,
ULB,FOLLOWUP_ULB_067,B_dense,8f893222-ec57-4eed-8fdb-69bcca350910,completed,True,available,available,0.0
ULB,FOLLOWUP_ULB_068,B_dense,9443a40a-4af9-44c9-88ee-5ac4b58d7f8c,completed,True,unavailable,candidate_invalid_json,
ULB,FOLLOWUP_ULB_063,B_dense,97a04d6f-600e-46f9-90e5-65d898f03642,completed,True,available,available,0.0
ULB,FOLLOWUP_ULB_065,C_dense,9bd64b64-6cfe-46fa-9ce0-7bfc338d66aa,suppressed,False,unavailable,not_generated,
ULB,FOLLOWUP_ULB_070,B_dense,9d6b5a37-9823-43a0-9a4d-0646cfa1bae9,completed,True,available,available,0.0
ULB,FOLLOWUP_ULB_066,C_lexical,9dcbe7a7-66bf-46b5-a6da-42af6eff40a6,suppressed,False,unavailable,not_generated,
ULB,FOLLOWUP_ULB_063,C_lexical,a64853b4-202a-463c-af83-7959d2b87588,suppressed,False,unavailable,not_generated,
ULB,FOLLOWUP_ULB_064,B_dense,ab2c0061-7f13-432c-950f-d08db49d75d0,completed,True,available,available,1.0
ULB,FOLLOWUP_ULB_062,B_dense,ac864865-e775-433c-8e1d-b0bf587ef89b,completed,True,available,available,0.0
ULB,FOLLOWUP_ULB_070,C_lexical,ad406438-6790-44a2-8b7e-f033f8484fc1,suppressed,False,unavailable,not_generated,
ULB,FOLLOWUP_ULB_064,A_direct,b08142b3-6675-4612-ba02-ee4f40957b10,completed,True,available,available,1.0
ULB,FOLLOWUP_ULB_063,C_dense,b0c21180-0f36-4b36-9514-d2a86753578b,suppressed,False,unavailable,not_generated,
ULB,FOLLOWUP_ULB_061,C_lexical,b3a4c791-cd07-45d7-aefa-7e3dfa1e9b5d,suppressed,False,unavailable,not_generated,
ULB,FOLLOWUP_ULB_061,B_lexical,b79c1574-94b9-46fe-a3b9-cbdc27a9aa29,completed,True,unavailable,candidate_invalid_json,
ULB,FOLLOWUP_ULB_065,B_lexical,bc34eacd-7663-4735-aa25-daa831f1e311,completed,True,unavailable,candidate_invalid_json,
ULB,FOLLOWUP_ULB_065,B_dense,c0e3035c-b380-4376-816b-e465c9092ca1,completed,True,available,available,0.75
ULB,FOLLOWUP_ULB_064,B_lexical,c51fe0c4-3f03-44db-972d-266f92b8e689,completed,True,available,available,0.75
ULB,FOLLOWUP_ULB_066,B_dense,c91277ac-0114-46f9-b426-fbbc71d4bf68,completed,True,available,available,0.0
ULB,FOLLOWUP_ULB_067,D_hybrid,d44d43ff-1fef-4963-968e-6b069dcff084,suppressed,False,unavailable,not_generated,
ULB,FOLLOWUP_ULB_068,C_lexical,d6d018e4-ce48-49a2-8c17-4e5e57f06c93,suppressed,False,unavailable,not_generated,
ULB,FOLLOWUP_ULB_063,D_hybrid,daf5ed20-5578-4668-b7ad-546e9d25eda5,suppressed,False,unavailable,not_generated,
ULB,FOLLOWUP_ULB_061,C_dense,e037bfe6-4a9d-4e6d-b62a-e50baa0afc1b,suppressed,False,unavailable,not_generated,
ULB,FOLLOWUP_ULB_066,C_dense,e15e0fb8-7795-43f0-94e7-2683ac4803f7,suppressed,False,unavailable,not_generated,
ULB,FOLLOWUP_ULB_069,C_dense,ea6ee2f6-f6b1-4089-8bd7-66d5e0f5de93,suppressed,False,unavailable,not_generated,
ULB,FOLLOWUP_ULB_070,A_direct,f2ee946c-5c94-4599-94e3-fcfc70c1f1d3,completed,True,available,available,1.0
ULB,FOLLOWUP_ULB_068,B_lexical,f9afef50-ac16-4b56-8d84-ec87701dab20,completed,True,unavailable,candidate_invalid_json,
ULB,FOLLOWUP_ULB_065,A_direct,fa4e762b-17c6-463d-b9fb-b384476b17be,completed,True,available,available,0.75
ULB,FOLLOWUP_ULB_068,D_hybrid,ffcb0d79-dce8-4dbe-9162-821271a8f5c5,suppressed,False,unavailable,not_generated,
ULB,FOLLOWUP_ULB_080,D_hybrid,0d0b3ff4-8c2f-4d5d-8636-41cffff23bb3,suppressed,False,unavailable,not_generated,
ULB,FOLLOWUP_ULB_077,B_lexical,0f38d229-15e9-4433-9c2d-54d987b85cb5,completed,True,unavailable,candidate_invalid_json,
ULB,FOLLOWUP_ULB_077,B_dense,15238039-9257-4305-bd3f-7e48b627f013,completed,True,available,available,0.0
ULB,FOLLOWUP_ULB_078,C_dense,16b4cbeb-e5d5-4fc0-967d-c0775fb816b2,suppressed,False,unavailable,not_generated,
ULB,FOLLOWUP_ULB_079,C_dense,19f3cd64-64e5-4d17-a6d0-b574f9c916f0,suppressed,False,unavailable,not_generated,
ULB,FOLLOWUP_ULB_080,C_dense,2676e60a-52f4-4ecd-80e7-34e802d88acd,suppressed,False,unavailable,not_generated,
ULB,FOLLOWUP_ULB_076,C_dense,288d2b57-a49a-4a4d-9f85-6cf66bfd09db,suppressed,False,unavailable,not_generated,
ULB,FOLLOWUP_ULB_078,A_direct,2b1eb444-c8eb-45ec-96e0-36b6a6fb3c7b,completed,True,available,available,1.0
ULB,FOLLOWUP_ULB_072,B_lexical,2feb9b45-272a-440a-b252-2e5596579503,completed,True,available,available,0.823529
ULB,FOLLOWUP_ULB_078,D_hybrid,30631e1e-cb68-4ca0-8c46-bda8b17724fd,suppressed,False,unavailable,not_generated,
ULB,FOLLOWUP_ULB_076,D_hybrid,3b1f310b-44ab-473e-a1c0-ab734ef07e3d,suppressed,False,unavailable,not_generated,
ULB,FOLLOWUP_ULB_075,A_direct,3f2d3ddc-b751-4713-b21c-c56652f0c6ce,completed,True,unavailable,candidate_invalid_json,
ULB,FOLLOWUP_ULB_076,C_lexical,41359aac-7943-48f2-a4d5-3f9dd6329749,suppressed,False,unavailable,not_generated,
ULB,FOLLOWUP_ULB_073,C_dense,45420b01-0c05-49ed-97fe-1641ea4f40db,suppressed,False,unavailable,not_generated,
ULB,FOLLOWUP_ULB_075,C_lexical,4d858edf-87db-4d33-aa57-41fb60d0035b,suppressed,False,unavailable,not_generated,
ULB,FOLLOWUP_ULB_072,A_direct,4e75e5db-bdd1-4bfb-9836-54ede1f7a0c6,completed,True,available,available,0.823529
ULB,FOLLOWUP_ULB_076,B_lexical,5110bed7-399e-4d82-8c76-033e57f6a02c,completed,True,available,available,0.823529
ULB,FOLLOWUP_ULB_080,B_lexical,51a63635-a0c5-4daf-aab1-836237cfb9a5,completed,True,available,available,0.0
ULB,FOLLOWUP_ULB_079,B_lexical,5b4d9ef0-58b3-4e86-9fd8-57e4210a0513,completed,True,unavailable,candidate_invalid_json,
ULB,FOLLOWUP_ULB_077,C_dense,5e8014d9-a787-4791-adbc-c7cb341c1d39,suppressed,False,unavailable,not_generated,
ULB,FOLLOWUP_ULB_073,B_lexical,5f0516a7-bfc5-4a28-b67e-f0eb1d8ceb2e,completed,True,available,available,0.0
ULB,FOLLOWUP_ULB_075,C_dense,6473550a-68e6-4112-ac1b-35119deabb73,suppressed,False,unavailable,not_generated,
ULB,FOLLOWUP_ULB_078,C_lexical,679b441b-e77a-4308-9ecb-2f6b564225ba,suppressed,False,unavailable,not_generated,
ULB,FOLLOWUP_ULB_075,B_lexical,6d029999-7c42-4fa4-aeae-0ebb67b38a66,completed,True,unavailable,candidate_invalid_json,
ULB,FOLLOWUP_ULB_074,C_lexical,737b39a0-9bdb-4e65-a58f-5680e2d43825,suppressed,False,unavailable,not_generated,
ULB,FOLLOWUP_ULB_079,A_direct,848968c2-e236-4524-a005-56fcbf72a9bc,completed,True,available,available,1.0
ULB,FOLLOWUP_ULB_077,C_lexical,8b08e23a-d609-4e88-8ec7-fe022e162b46,suppressed,False,unavailable,not_generated,
ULB,FOLLOWUP_ULB_074,B_lexical,8c7cef04-b3ee-4b9c-aa95-df5515093cc6,completed,True,available,available,0.0
ULB,FOLLOWUP_ULB_073,B_dense,8f73ccdf-2c33-422c-ba9d-e7c8be016713,completed,True,available,available,0.0
ULB,FOLLOWUP_ULB_072,C_dense,976f4735-214f-43ef-a916-65f95780dd9a,suppressed,False,unavailable,not_generated,
ULB,FOLLOWUP_ULB_074,D_hybrid,98f2946b-9f06-4c99-a703-5f8e7c4f37fd,suppressed,False,unavailable,not_generated,
ULB,FOLLOWUP_ULB_078,B_lexical,9be4ee8e-607d-47a0-9a95-07d2ce4dc7f2,completed,True,available,available,0.0
ULB,FOLLOWUP_ULB_073,D_hybrid,9c6c1d09-cb03-458c-8fec-cc7dd43ade82,suppressed,False,unavailable,not_generated,
ULB,FOLLOWUP_ULB_071,C_dense,9e0bf4b1-b5fb-4a49-8348-2245a27fcecd,suppressed,False,unavailable,not_generated,
ULB,FOLLOWUP_ULB_075,B_dense,a1124031-3468-40e4-b4e7-7bd00bc06d7a,completed,True,unavailable,candidate_invalid_json,
ULB,FOLLOWUP_ULB_080,A_direct,aa30d3cd-1cb3-4bbc-bdcb-535fcbf6dc66,completed,True,available,available,1.0
ULB,FOLLOWUP_ULB_077,D_hybrid,ab2e16f5-22f3-40b9-9408-f3a5aec1da90,suppressed,False,unavailable,not_generated,
ULB,FOLLOWUP_ULB_074,B_dense,b2baf4f8-a81c-437f-9434-595131fa9fd7,completed,True,unavailable,candidate_invalid_json,
ULB,FOLLOWUP_ULB_072,B_dense,b5596cee-bc7d-4887-a017-e44611023b81,completed,True,unavailable,candidate_invalid_json,
ULB,FOLLOWUP_ULB_073,C_lexical,ba50429a-c85d-4a4b-ad4a-b0c0fa465694,suppressed,False,unavailable,not_generated,
ULB,FOLLOWUP_ULB_071,D_hybrid,c0bd3e93-c05b-41a2-873a-6d3d0a997a52,suppressed,False,unavailable,not_generated,
ULB,FOLLOWUP_ULB_072,C_lexical,c2e618e7-c751-4eaf-82e3-259bcf23f711,suppressed,False,unavailable,not_generated,
ULB,FOLLOWUP_ULB_080,C_lexical,c64f44cb-648c-4f8d-ba55-b4c574a3fac3,suppressed,False,unavailable,not_generated,
ULB,FOLLOWUP_ULB_074,C_dense,c6925a62-fe6f-47ec-94d8-223d089c7be2,suppressed,False,unavailable,not_generated,
ULB,FOLLOWUP_ULB_074,A_direct,cc566806-8964-4c49-839c-3be26f91e1cf,completed,True,available,available,0.888889
ULB,FOLLOWUP_ULB_079,B_dense,db989bfc-f052-40e7-a3b2-9e9b3071da2e,completed,True,unavailable,candidate_invalid_json,
ULB,FOLLOWUP_ULB_071,B_dense,e084fe87-9c77-4ccb-b23b-910be454e4a6,completed,True,unavailable,candidate_invalid_json,
ULB,FOLLOWUP_ULB_079,D_hybrid,e68cda2c-b348-40f9-a1c6-47caa5b9b94a,suppressed,False,unavailable,not_generated,
ULB,FOLLOWUP_ULB_071,C_lexical,e937ec73-07e1-4b96-952f-5712bae7c06d,suppressed,False,unavailable,not_generated,
ULB,FOLLOWUP_ULB_071,A_direct,ea948a93-26d8-4fac-a8b8-f0e2ee3d4f21,completed,True,unavailable,candidate_invalid_json,
ULB,FOLLOWUP_ULB_071,B_lexical,eade08fc-5f3f-4827-b071-9ff1ee4eedc4,completed,True,unavailable,candidate_invalid_json,
ULB,FOLLOWUP_ULB_076,A_direct,ecd227e8-ea38-4e94-8b7d-10b7154d12e7,completed,True,available,available,1.0
ULB,FOLLOWUP_ULB_076,B_dense,edf590b7-a5db-470c-a7f2-9e47a23db542,completed,True,unavailable,candidate_invalid_json,
ULB,FOLLOWUP_ULB_075,D_hybrid,eef01189-c3da-4f0d-b3b4-f42de4781696,suppressed,False,unavailable,not_generated,
ULB,FOLLOWUP_ULB_079,C_lexical,f1c9d179-2e03-4d7e-bcd0-d39020af8285,suppressed,False,unavailable,not_generated,
ULB,FOLLOWUP_ULB_073,A_direct,f579ad2c-05da-4536-8b77-b254fd55b241,completed,True,available,available,1.0
ULB,FOLLOWUP_ULB_078,B_dense,f5afce80-3f31-481c-adf1-8f27af1143b6,completed,True,available,available,0.0
ULB,FOLLOWUP_ULB_077,A_direct,fae42e32-6feb-45a6-a5a2-57e2a15be87b,completed,True,available,available,1.0
ULB,FOLLOWUP_ULB_072,D_hybrid,fb3580ed-31cd-4169-bd53-7fe35dbb1b40,suppressed,False,unavailable,not_generated,
ULB,FOLLOWUP_ULB_080,B_dense,fbc6f69c-eecc-4f21-82dd-611d93074f1e,completed,True,available,available,0.0
ULB,FOLLOWUP_ULB_090,C_dense,009a8349-f8dc-442a-ae92-5893e07c20e9,blocked,True,unavailable,candidate_invalid_json,
ULB,FOLLOWUP_ULB_081,B_dense,056f0214-881a-4340-98b5-99497433c8ca,completed,True,unavailable,candidate_invalid_json,
ULB,FOLLOWUP_ULB_084,C_dense,07c303fe-3c00-4b44-a62f-b430074b94f2,blocked,True,unavailable,candidate_invalid_json,
ULB,FOLLOWUP_ULB_086,B_dense,128a350a-722d-4c0f-a373-6fc00193aff2,completed,True,available,available,0.0
ULB,FOLLOWUP_ULB_083,C_lexical,130fb691-96c8-4784-bbaf-2e3df916b568,blocked,True,available,available,0.0
ULB,FOLLOWUP_ULB_084,A_direct,154ac2dd-2174-4644-83bd-851e332bb614,completed,True,available,available,1.0
ULB,FOLLOWUP_ULB_085,B_dense,17ffec8f-2aec-4618-89dc-8734aed63e7f,completed,True,unavailable,candidate_invalid_json,
ULB,FOLLOWUP_ULB_088,D_hybrid,1e858f0e-79e7-4a43-bfa6-02da17d5cc58,blocked,True,available,available,0.0
ULB,FOLLOWUP_ULB_089,B_dense,203f4f66-e425-4371-af63-3cb5c4b23525,completed,True,available,available,0.0
ULB,FOLLOWUP_ULB_087,B_lexical,288c8c93-44c7-4ada-966d-b89778dd145c,completed,True,unavailable,candidate_invalid_json,
ULB,FOLLOWUP_ULB_090,D_hybrid,2948ff5e-ff50-426d-b8f0-5c6859374a23,blocked,True,available,available,0.0
ULB,FOLLOWUP_ULB_089,B_lexical,31d5c83e-2869-442b-9899-0f92017a2107,completed,True,unavailable,candidate_invalid_json,
ULB,FOLLOWUP_ULB_084,D_hybrid,3c066cbd-74fb-4eb4-bc15-4b30bfafee36,blocked,True,available,available,1.0
ULB,FOLLOWUP_ULB_081,D_hybrid,3cfeba4f-cb6f-4aba-ad34-b1b310ab97c5,suppressed,False,unavailable,not_generated,
ULB,FOLLOWUP_ULB_090,A_direct,43789d3d-4915-45d0-bbc4-f81a0b9903bc,completed,True,unavailable,candidate_invalid_json,
ULB,FOLLOWUP_ULB_090,B_dense,4d72622a-7dc7-4838-b60a-b167178bf4d1,completed,True,unavailable,candidate_invalid_json,
ULB,FOLLOWUP_ULB_082,B_lexical,4efc581f-8dc2-4bbd-b03a-e2d689948ff7,completed,True,available,available,0.842105
ULB,FOLLOWUP_ULB_088,C_lexical,5498e7f7-fdc9-45e3-a4ae-5635e95c1750,blocked,True,unavailable,candidate_invalid_json,
ULB,FOLLOWUP_ULB_089,C_lexical,54fcd7ff-3f7e-4210-b6b2-2a2106e118a5,blocked,True,available,available,0.0
ULB,FOLLOWUP_ULB_083,B_lexical,571f1df2-1037-48a5-baec-b287bd907265,completed,True,unavailable,candidate_invalid_json,
ULB,FOLLOWUP_ULB_085,D_hybrid,5aef863f-c6ab-45a6-97ec-46adec265381,blocked,True,unavailable,candidate_invalid_json,
ULB,FOLLOWUP_ULB_087,A_direct,5ca060be-4179-4c8c-b0f7-b5e5689d9b45,completed,True,available,available,0.947368
ULB,FOLLOWUP_ULB_086,D_hybrid,5ec987cd-14b1-4096-b9d4-0ac82cf46fe6,blocked,True,available,available,0.0
ULB,FOLLOWUP_ULB_083,A_direct,636544f4-78f7-4744-9a33-b375606db0fa,completed,True,available,available,0.333333
ULB,FOLLOWUP_ULB_086,B_lexical,6b7e7418-0070-4ed3-9ba0-5c16ce6836c3,completed,True,available,available,0.947368
ULB,FOLLOWUP_ULB_084,C_lexical,6c828fab-d6ad-4464-aa9b-e3ed33f3a201,blocked,True,available,available,0.0
ULB,FOLLOWUP_ULB_087,B_dense,6cd8b5bc-877c-4c42-9636-945ee2c4de6e,completed,True,available,available,0.888889
ULB,FOLLOWUP_ULB_088,A_direct,6eeb4e31-57df-4c58-8174-d03f88b15fd0,completed,True,available,available,0.947368
ULB,FOLLOWUP_ULB_085,A_direct,7bdbc4e0-0b14-4f29-b4e7-46b3bf4b8987,completed,True,available,available,1.0
ULB,FOLLOWUP_ULB_081,C_lexical,7f55624d-4235-484e-8290-03487daa4948,suppressed,False,unavailable,not_generated,
ULB,FOLLOWUP_ULB_082,A_direct,8305c6e5-c8af-4e2e-8ceb-005b9065c35e,completed,True,available,available,1.0
ULB,FOLLOWUP_ULB_087,C_lexical,89668112-887d-4fc7-b9f5-f4924101860c,blocked,True,unavailable,candidate_invalid_json,
ULB,FOLLOWUP_ULB_084,B_dense,8c52ba9c-970f-4e02-88be-00be73cdd797,completed,True,unavailable,candidate_invalid_json,
ULB,FOLLOWUP_ULB_083,B_dense,8ea841c9-8a72-4762-a658-43aab2a00837,completed,True,available,available,0.0
ULB,FOLLOWUP_ULB_086,C_lexical,8f8e9215-e45a-4fc7-945a-95df50e02ba1,blocked,True,unavailable,candidate_invalid_json,
ULB,FOLLOWUP_ULB_086,A_direct,8ff72207-6451-4ffb-a357-bdb23d3e8eb2,completed,True,available,available,0.777778
ULB,FOLLOWUP_ULB_089,D_hybrid,9b4ac04d-852a-4dc5-aabd-f5eb6cde1baf,blocked,True,available,available,1.0
ULB,FOLLOWUP_ULB_083,D_hybrid,9b7251b6-fe52-462f-a25f-39db47f29234,blocked,True,unavailable,model_drivers_missing,
ULB,FOLLOWUP_ULB_085,C_dense,a803cc31-9fc0-44fe-90a3-4dca2e36ccd9,blocked,True,available,available,0.0
ULB,FOLLOWUP_ULB_085,B_lexical,ac452dbb-8cb2-4564-aa19-7b3c09a097ec,completed,True,unavailable,candidate_invalid_json,
ULB,FOLLOWUP_ULB_084,B_lexical,b011fda2-15c9-4a99-8c4c-d5e59ae01543,completed,True,available,available,0.9
ULB,FOLLOWUP_ULB_082,B_dense,b8811253-4edc-4bc5-bb86-0b7c64720d12,completed,True,available,available,0.0
ULB,FOLLOWUP_ULB_089,C_dense,baa3bf26-60d7-4536-8df8-bf6e30407423,blocked,True,available,available,0.0
ULB,FOLLOWUP_ULB_082,C_lexical,bb259935-e993-49df-a33c-d3c8630863e0,suppressed,False,unavailable,not_generated,
ULB,FOLLOWUP_ULB_083,C_dense,bca9fa2d-7eeb-4d59-8f5f-0357da11feac,blocked,True,available,available,0.0
ULB,FOLLOWUP_ULB_088,B_dense,c0aa9362-9be4-4fc6-be56-c19c5c7e0e4a,completed,True,available,available,0.0
ULB,FOLLOWUP_ULB_087,D_hybrid,c9026df3-2268-479f-8420-6a616162d234,blocked,True,unavailable,candidate_invalid_json,
ULB,FOLLOWUP_ULB_081,B_lexical,cb6925bb-e5a5-4fcc-8093-8cda57401f48,completed,True,available,available,1.0
ULB,FOLLOWUP_ULB_090,B_lexical,ceb71b29-9906-4cd4-86ab-9f78043c2d0c,completed,True,available,available,0.0
ULB,FOLLOWUP_ULB_082,C_dense,ceda0da6-884d-479c-b4a5-22df4307a1de,suppressed,False,unavailable,not_generated,
ULB,FOLLOWUP_ULB_085,C_lexical,d2db18c2-6cee-468f-9da8-88a0fb96c085,blocked,True,available,available,0.0
ULB,FOLLOWUP_ULB_086,C_dense,d3307d69-b4ab-441e-b31a-dac3055899de,blocked,True,available,available,0.0
ULB,FOLLOWUP_ULB_081,A_direct,e1e382fb-4d45-45bf-83d4-3aa432839a9d,completed,True,available,available,1.0
ULB,FOLLOWUP_ULB_081,C_dense,e4d1b3a7-69f4-4234-9860-a23feeb32159,suppressed,False,unavailable,not_generated,
ULB,FOLLOWUP_ULB_089,A_direct,ea4d2788-3266-40a9-85fd-c4c8cc6e01b6,completed,True,available,available,1.0
ULB,FOLLOWUP_ULB_090,C_lexical,ec33a440-e68e-4ae3-b47f-dbbc8466273e,blocked,True,unavailable,candidate_invalid_json,
ULB,FOLLOWUP_ULB_087,C_dense,edd8cd7f-4e0f-4ce1-9616-d2af232465ef,blocked,True,unavailable,candidate_invalid_json,
ULB,FOLLOWUP_ULB_082,D_hybrid,efc3ec05-975f-48f6-bebc-919a670e8597,suppressed,False,unavailable,not_generated,
ULB,FOLLOWUP_ULB_088,B_lexical,f23034eb-040e-4c03-a466-019994f12ffc,completed,True,unavailable,candidate_invalid_json,
ULB,FOLLOWUP_ULB_088,C_dense,f974fec7-c305-40b1-be41-8fb8bed29b2a,blocked,True,unavailable,candidate_invalid_json,
ULB,FOLLOWUP_ULB_091,C_dense,02850513-853f-4bd5-a066-9d43f99d69e0,blocked,True,available,available,0.0
ULB,FOLLOWUP_ULB_092,A_direct,067420d9-e8cb-4ab2-9dee-8486ff668e27,completed,True,available,available,1.0
ULB,FOLLOWUP_ULB_100,B_dense,0696ad53-6a21-4491-91e1-191a3b6db968,completed,True,available,available,0.0
ULB,FOLLOWUP_ULB_096,B_dense,0e2809db-70f0-484e-89ae-f52a4dec0f94,completed,True,available,available,0.0
ULB,FOLLOWUP_ULB_097,C_dense,0f77ab7e-cc10-48b2-8df8-61302209c60a,blocked,True,available,available,0.0
ULB,FOLLOWUP_ULB_100,D_hybrid,1745e637-4697-4935-ad12-5d2369f481ca,blocked,True,unavailable,candidate_invalid_json,
ULB,FOLLOWUP_ULB_093,B_dense,18ea33cd-cd91-4d61-b543-0bac18f7ee3c,completed,True,available,available,0.0
ULB,FOLLOWUP_ULB_099,B_lexical,19a6003c-f43a-4b93-8ae7-09db2e208b02,completed,True,available,available,0.0
ULB,FOLLOWUP_ULB_092,C_dense,1d73cc4b-fe1d-4b1b-93c5-130c0edf8d57,blocked,True,available,available,0.0
ULB,FOLLOWUP_ULB_097,D_hybrid,23cbeec0-2492-4b26-9495-24dd3f11e76a,completed,True,available,available,1.0
ULB,FOLLOWUP_ULB_096,C_dense,24ef5ca5-c276-461b-a6ad-a7252d302b85,blocked,True,unavailable,candidate_invalid_json,
ULB,FOLLOWUP_ULB_100,B_lexical,26f7fdd2-40f4-4a6a-a53b-93279abfcfe5,completed,True,available,available,1.0
ULB,FOLLOWUP_ULB_096,B_lexical,2adbc3f4-a2d7-4908-ae4c-c988673fbdf8,completed,True,unavailable,candidate_invalid_json,
ULB,FOLLOWUP_ULB_099,C_lexical,2d2bc6ce-6201-48f2-9f24-0a4c3d12f6e1,blocked,True,unavailable,candidate_invalid_json,
ULB,FOLLOWUP_ULB_099,A_direct,361a7f23-e9a2-47df-92a3-e8d39025f632,completed,True,available,available,0.333333
ULB,FOLLOWUP_ULB_092,B_lexical,40b3deb7-7cf1-4a07-947d-d67cdcd3a0b9,completed,True,unavailable,candidate_invalid_json,
ULB,FOLLOWUP_ULB_094,C_dense,40bc76a2-5229-4b20-9976-8234883cc52b,blocked,True,available,available,0.0
ULB,FOLLOWUP_ULB_092,C_lexical,41a56dc7-32c1-456b-b81f-7e9a4f12c806,blocked,True,available,available,0.0
ULB,FOLLOWUP_ULB_096,D_hybrid,44d5c3ea-0b5d-49aa-b9e5-ffd2f1c52b1b,blocked,True,unavailable,candidate_invalid_json,
ULB,FOLLOWUP_ULB_100,C_dense,47f82504-7195-4de4-bbb9-1ed3a25ee9fe,blocked,True,available,available,0.0
ULB,FOLLOWUP_ULB_093,C_dense,4b24c343-4ba3-4d3d-98ef-4d71f081a416,blocked,True,available,available,0.0
ULB,FOLLOWUP_ULB_094,B_dense,4b94dbdf-bb8c-41e6-b34f-abe63604b143,completed,True,available,available,0.0
ULB,FOLLOWUP_ULB_099,B_dense,5c7fae74-d00a-41d8-8be6-70c35eecc071,completed,True,available,available,1.0
ULB,FOLLOWUP_ULB_097,C_lexical,5e6a4d9c-a79b-429b-8a1c-e4dd4f55499a,blocked,True,available,available,0.0
ULB,FOLLOWUP_ULB_098,D_hybrid,627f7770-5314-4843-98dd-a5b71fc6ea76,blocked,True,available,available,0.0
ULB,FOLLOWUP_ULB_096,A_direct,6fcad8e9-c945-4467-8025-c88e0e8eafb1,completed,True,available,available,0.888889
ULB,FOLLOWUP_ULB_094,C_lexical,72b57068-dca8-46b3-9dae-886fecca3d78,blocked,True,unavailable,candidate_invalid_json,
ULB,FOLLOWUP_ULB_099,D_hybrid,79d027b2-c043-4360-8ace-ee45e6533b4d,blocked,True,available,available,0.0
ULB,FOLLOWUP_ULB_098,B_lexical,85179018-0f1d-4350-b8ce-27704d4cc4aa,completed,True,available,available,1.0
ULB,FOLLOWUP_ULB_091,C_lexical,86b8f5e8-0a0d-4235-a838-b88b74ae0251,blocked,True,available,available,0.0
ULB,FOLLOWUP_ULB_092,D_hybrid,8906501a-cbe2-4e00-8b79-a890cb7cc155,blocked,True,available,available,0.0
ULB,FOLLOWUP_ULB_095,B_dense,8a8d0cae-8084-4929-8a9f-c9be42115d56,completed,True,unavailable,candidate_invalid_json,
ULB,FOLLOWUP_ULB_095,C_lexical,8c8c2346-aa0e-4d90-9c23-b2831fc20ca9,blocked,True,available,available,0.0
ULB,FOLLOWUP_ULB_091,D_hybrid,913feba7-11f3-42a9-8121-4f168307bd64,blocked,True,unavailable,model_drivers_missing,
ULB,FOLLOWUP_ULB_093,A_direct,91903fa5-870a-49e8-9c3a-2ad3972e3d06,completed,True,available,available,1.0
ULB,FOLLOWUP_ULB_093,B_lexical,9a523728-9c1e-4c1f-8b71-6e5a442366d4,completed,True,available,available,0.947368
ULB,FOLLOWUP_ULB_098,B_dense,a61daf58-c984-47e0-a3f6-81d360f39acb,completed,True,available,available,0.0
ULB,FOLLOWUP_ULB_094,B_lexical,abfecb0b-9bf1-4399-bf85-209bd1385a9b,completed,True,unavailable,candidate_invalid_json,
ULB,FOLLOWUP_ULB_096,C_lexical,b4bd8e43-05a8-434c-b9ef-5415f8ebea6c,blocked,True,available,available,0.0
ULB,FOLLOWUP_ULB_097,B_dense,b7fa946b-5d58-44b9-8866-cb702658afc7,completed,True,unavailable,candidate_invalid_json,
ULB,FOLLOWUP_ULB_098,A_direct,c5bbcde9-8bd6-487d-abbd-b43f4a755e64,completed,True,available,available,1.0
ULB,FOLLOWUP_ULB_098,C_dense,cd03a29f-1523-42bd-8d7e-8968a2f42e22,blocked,True,unavailable,candidate_invalid_json,
ULB,FOLLOWUP_ULB_095,D_hybrid,cd3db17d-f4bd-4c89-8ab8-bdf5d5c0fbce,blocked,True,available,available,0.0
ULB,FOLLOWUP_ULB_091,B_dense,d0945e85-d20a-488b-82d0-83fe23cdb4bb,completed,True,unavailable,candidate_invalid_json,
ULB,FOLLOWUP_ULB_091,B_lexical,d190ddc2-2923-4fd2-8897-f2b06c752584,completed,True,unavailable,candidate_invalid_json,
ULB,FOLLOWUP_ULB_100,C_lexical,d3605453-e98e-4477-8e04-fa87717c7fd6,blocked,True,available,available,0.9
ULB,FOLLOWUP_ULB_091,A_direct,d8f8ece0-001a-43a7-adcf-912b550fedfa,completed,True,available,available,0.947368
ULB,FOLLOWUP_ULB_094,A_direct,dbe7f598-d071-49a9-bfc2-9484f7c0ff33,completed,True,available,available,1.0
ULB,FOLLOWUP_ULB_094,D_hybrid,dc383b00-8da7-4a2b-9c16-26b4447a4803,blocked,True,unavailable,candidate_invalid_json,
ULB,FOLLOWUP_ULB_093,D_hybrid,e3456abd-00dc-4a57-8d6c-c455c00080fc,blocked,True,available,available,0.0
ULB,FOLLOWUP_ULB_095,A_direct,e82f432c-7d16-4f2a-9251-c11935a72140,completed,True,available,available,1.0
ULB,FOLLOWUP_ULB_095,C_dense,e8bb8cb5-9ec5-4275-9864-c6dd9e3cd320,blocked,True,available,available,0.0
ULB,FOLLOWUP_ULB_097,A_direct,e9d072f3-09de-4e02-ab4f-1894a57cc89d,completed,True,unavailable,candidate_invalid_json,
ULB,FOLLOWUP_ULB_093,C_lexical,edd519bf-e791-49d9-b5b4-df5aae569a36,blocked,True,unavailable,candidate_invalid_json,
ULB,FOLLOWUP_ULB_099,C_dense,efceca44-e1a0-40e9-96cc-51d343c36a40,blocked,True,available,available,0.0
ULB,FOLLOWUP_ULB_097,B_lexical,f11b9773-4f65-4a9f-add1-17193de18693,completed,True,unavailable,candidate_invalid_json,
ULB,FOLLOWUP_ULB_100,A_direct,f657cc58-902e-4785-932c-313396bdef0d,completed,True,available,available,1.0
ULB,FOLLOWUP_ULB_098,C_lexical,f8845041-0f9b-4eb5-b617-e8fb64cba559,blocked,True,unavailable,candidate_invalid_json,
ULB,FOLLOWUP_ULB_095,B_lexical,f9ea5913-071e-4808-a9da-b17c9c4d75a0,completed,True,available,available,0.0
ULB,FOLLOWUP_ULB_092,B_dense,fffef74a-62a5-4fc8-b21b-302c847dbdbd,completed,True,unavailable,candidate_invalid_json,
ULB,FOLLOWUP_ULB_109,B_dense,08dba3ba-8e6d-4c5a-9cbf-f56b142a8c8e,completed,True,available,available,1.0
ULB,FOLLOWUP_ULB_106,D_hybrid,134b4cc8-672b-4f6a-b968-aeb035e1d977,blocked,True,unavailable,model_drivers_missing,
ULB,FOLLOWUP_ULB_101,B_lexical,137d2586-b55b-4846-b147-8b184ef542e6,completed,True,available,available,0.9
ULB,FOLLOWUP_ULB_108,B_dense,15d5106a-045f-4397-8e8e-756303a6e2a0,completed,True,unavailable,candidate_invalid_json,
ULB,FOLLOWUP_ULB_109,A_direct,1ddba425-0971-4a5a-9a21-78d3df71f96b,completed,True,available,available,1.0
ULB,FOLLOWUP_ULB_102,C_lexical,1ecd13b7-bddc-4bac-bcd5-bcb9aae2b25c,blocked,True,unavailable,candidate_invalid_json,
ULB,FOLLOWUP_ULB_102,B_lexical,2710974b-ca2c-40ed-8b57-0423f8e4a837,completed,True,unavailable,candidate_invalid_json,
ULB,FOLLOWUP_ULB_102,C_dense,280a88f7-539f-427a-bda3-1f6d0f6f7444,blocked,True,available,available,0.0
ULB,FOLLOWUP_ULB_108,C_dense,289096ca-bf0e-45f7-b72e-e5e9440d57c8,blocked,True,available,available,0.0
ULB,FOLLOWUP_ULB_102,D_hybrid,2cceb9e7-3786-4d2d-b7f0-4542a8291d82,blocked,True,available,available,0.947368
ULB,FOLLOWUP_ULB_104,B_lexical,2fa9c028-0464-4038-9f43-fde99049787b,completed,True,unavailable,candidate_invalid_json,
ULB,FOLLOWUP_ULB_103,C_lexical,3766c832-ff6b-4b2d-aec8-b077592a5952,blocked,True,unavailable,candidate_invalid_json,
ULB,FOLLOWUP_ULB_106,B_dense,39a525fc-6b6f-47c2-8802-ab9f7b71d38f,completed,True,unavailable,candidate_invalid_json,
ULB,FOLLOWUP_ULB_101,C_lexical,3bf4a024-3fc8-4947-a468-154807ff3bea,blocked,True,unavailable,candidate_invalid_json,
ULB,FOLLOWUP_ULB_105,B_dense,3ecce5d5-3fa8-49d4-87dd-0ea0afe51e41,completed,True,available,available,0.0
ULB,FOLLOWUP_ULB_110,B_lexical,3f1a6a80-288a-4641-800f-4c49d015995e,completed,True,unavailable,candidate_invalid_json,
ULB,FOLLOWUP_ULB_110,A_direct,40749aab-a260-4143-8038-8a5ce9b796d3,completed,True,available,available,1.0
ULB,FOLLOWUP_ULB_105,C_lexical,43167374-0bbc-47f9-8236-2b9291e6b5a7,blocked,True,unavailable,candidate_invalid_json,
ULB,FOLLOWUP_ULB_109,B_lexical,4663c651-dafe-4903-acee-527bcf0af45c,completed,True,available,available,0.0
ULB,FOLLOWUP_ULB_109,C_dense,4780219a-8ca4-4e76-b2cc-13d57990b87d,blocked,True,available,available,0.0
ULB,FOLLOWUP_ULB_101,D_hybrid,486548ca-107d-4899-bcbf-aa42e7758a60,blocked,True,unavailable,candidate_invalid_json,
ULB,FOLLOWUP_ULB_109,D_hybrid,4afbc6b3-babb-4f9c-9163-947b68acb0e0,completed,True,available,available,1.0
ULB,FOLLOWUP_ULB_107,A_direct,4b1f2580-61c4-49ad-b224-153ae9ebdfe6,completed,True,available,available,1.0
ULB,FOLLOWUP_ULB_109,C_lexical,4d978d1b-88b2-4945-a246-10afb8a19c1a,blocked,True,unavailable,candidate_invalid_json,
ULB,FOLLOWUP_ULB_108,D_hybrid,4efda9c0-42cb-4752-b7e6-620bfb955edb,blocked,True,available,available,0.0
ULB,FOLLOWUP_ULB_108,B_lexical,5253c171-c7b7-45c0-9fe8-b195ea6031a1,completed,True,unavailable,candidate_invalid_json,
ULB,FOLLOWUP_ULB_106,A_direct,529c54e3-0434-4b8d-b01c-5a23070f2fa4,completed,True,unavailable,candidate_invalid_json,
ULB,FOLLOWUP_ULB_104,B_dense,54406b10-6fd6-467d-84be-81fcdb1ca860,completed,True,unavailable,candidate_invalid_json,
ULB,FOLLOWUP_ULB_107,D_hybrid,594328c8-c0ff-4069-ab36-d411bd976178,blocked,True,unavailable,candidate_invalid_json,
ULB,FOLLOWUP_ULB_110,C_lexical,5bb27178-25e0-4cdb-9c96-5d6662c0eca7,blocked,True,unavailable,candidate_invalid_json,
ULB,FOLLOWUP_ULB_103,D_hybrid,6adfe9e6-90ac-4ea7-89a9-9cc36cf82044,blocked,True,available,available,0.0
ULB,FOLLOWUP_ULB_106,B_lexical,72de1220-bcda-43df-9552-d2b3453b73b6,completed,True,unavailable,candidate_invalid_json,
ULB,FOLLOWUP_ULB_108,C_lexical,86c02ecb-f9b3-4038-b5a0-168508094c3b,blocked,True,available,available,0.0
ULB,FOLLOWUP_ULB_110,C_dense,874d1ca7-bd0d-4830-838a-f66449c8998a,blocked,True,unavailable,candidate_invalid_json,
ULB,FOLLOWUP_ULB_102,B_dense,8cbfb184-066f-4a77-b2d5-87bd524c995d,completed,True,available,available,1.0
ULB,FOLLOWUP_ULB_107,B_dense,8e9aa2d3-552c-4cfa-ab3d-f3e9a734c2e7,completed,True,unavailable,model_drivers_missing,
ULB,FOLLOWUP_ULB_106,C_dense,8f2d4975-3bbe-4766-8390-9d55ccac1c54,completed,True,available,available,1.0
ULB,FOLLOWUP_ULB_104,A_direct,921bfc4b-8a2f-4b08-92c6-a1b56f4d9fbd,completed,True,unavailable,candidate_invalid_json,
ULB,FOLLOWUP_ULB_102,A_direct,93a10841-38d9-48cb-8836-fe6381af6bbf,completed,True,available,available,0.461538
ULB,FOLLOWUP_ULB_105,C_dense,9def0050-0434-4d62-8804-10127fdfde74,blocked,True,available,available,0.0
ULB,FOLLOWUP_ULB_108,A_direct,c07910f5-19bc-4ca0-8be6-fde8b6bffcc9,completed,True,unavailable,candidate_invalid_json,
ULB,FOLLOWUP_ULB_107,C_dense,c81068b4-4eeb-42c3-9ec7-59758e2501cf,blocked,True,unavailable,candidate_invalid_json,
ULB,FOLLOWUP_ULB_107,B_lexical,c84d3f58-8471-41f1-a45a-d25fbd20a0b0,completed,True,unavailable,candidate_invalid_json,
ULB,FOLLOWUP_ULB_110,D_hybrid,c8745bdc-da48-4efc-9180-8f7531505ba0,blocked,True,unavailable,candidate_invalid_json,
ULB,FOLLOWUP_ULB_101,B_dense,cca69f2c-bbcd-4fcc-bce0-f0917963ad23,completed,True,available,available,1.0
ULB,FOLLOWUP_ULB_104,C_dense,ccc4ab34-b6e6-4afb-928d-48477cf1256c,blocked,True,available,available,0.0
ULB,FOLLOWUP_ULB_105,D_hybrid,d32efc13-311b-49ae-a386-8396d8b6b581,blocked,True,unavailable,candidate_invalid_json,
ULB,FOLLOWUP_ULB_106,C_lexical,d62bd4cf-4003-40d8-b522-772cf325356d,completed,True,available,available,1.0
ULB,FOLLOWUP_ULB_107,C_lexical,da024c13-5e57-46bf-9cfb-720657ed0c27,blocked,True,unavailable,candidate_invalid_json,
ULB,FOLLOWUP_ULB_101,C_dense,da2f6404-ea08-472d-abbb-57a7685bce00,blocked,True,unavailable,candidate_invalid_json,
ULB,FOLLOWUP_ULB_105,A_direct,dc1448fb-f075-43b0-8efa-22eb2ce84277,completed,True,unavailable,candidate_invalid_json,
ULB,FOLLOWUP_ULB_104,C_lexical,ded4d7e9-bc20-46bc-b494-41751f6171b9,blocked,True,available,available,0.0
ULB,FOLLOWUP_ULB_103,B_lexical,df2ade19-4421-49da-b134-2791021b7412,completed,True,available,available,0.0
ULB,FOLLOWUP_ULB_103,A_direct,e2d643bd-f0dc-46f9-a37b-fd02a4981f1e,completed,True,available,available,0.333333
ULB,FOLLOWUP_ULB_103,B_dense,e88f5a8a-817b-4429-9601-c019dadcd554,completed,True,unavailable,candidate_invalid_json,
ULB,FOLLOWUP_ULB_101,A_direct,ecfa8508-f770-472d-b797-266ec7e8d29d,completed,True,available,available,1.0
ULB,FOLLOWUP_ULB_104,D_hybrid,ef8e8690-6e31-4341-b0d0-bb2744e3caf7,blocked,True,available,available,0.0
ULB,FOLLOWUP_ULB_105,B_lexical,f3014b8e-6c4c-4f15-ab69-7bcfa92075b3,completed,True,unavailable,candidate_invalid_json,
ULB,FOLLOWUP_ULB_110,B_dense,f33ea0f0-146b-492d-8632-1ee6255822f2,completed,True,available,available,0.0
ULB,FOLLOWUP_ULB_103,C_dense,fba7a4e2-b9c2-4146-b64b-a52f782ac94c,blocked,True,available,available,0.0
ULB,FOLLOWUP_ULB_119,B_dense,013273c5-8929-42e4-8971-706edfcf450d,completed,True,available,available,0.0
ULB,FOLLOWUP_ULB_118,B_lexical,06aafa91-6820-40bd-82e5-4664f3be362e,completed,True,unavailable,candidate_invalid_json,
ULB,FOLLOWUP_ULB_116,A_direct,112e51ff-b8b5-4802-82d0-4ccf8289330f,completed,True,unavailable,candidate_invalid_json,
ULB,FOLLOWUP_ULB_113,C_dense,1222c4f5-0627-42e6-ada3-0a6a0d85f4e4,blocked,True,unavailable,model_drivers_missing,
ULB,FOLLOWUP_ULB_115,B_lexical,12f769d7-0515-469c-9533-7dd3299ceb70,completed,True,unavailable,candidate_invalid_json,
ULB,FOLLOWUP_ULB_113,C_lexical,1fff250a-85c0-4dbc-9d93-2259a7c5f3a3,blocked,True,available,available,0.0
ULB,FOLLOWUP_ULB_115,B_dense,25c2b8d9-a58b-4c8b-90b8-3fb972aff4a5,completed,True,unavailable,candidate_invalid_json,
ULB,FOLLOWUP_ULB_120,C_dense,28e765a9-0fee-4690-b2d1-f1c842eb0de6,blocked,True,available,available,0.0
ULB,FOLLOWUP_ULB_120,D_hybrid,28eaf403-5545-4ffe-bead-0d989593b86b,blocked,True,available,available,0.0
ULB,FOLLOWUP_ULB_117,A_direct,2e8a74d6-942e-49c0-b911-2d720106e7e6,completed,True,unavailable,candidate_invalid_json,
ULB,FOLLOWUP_ULB_116,B_lexical,2ea836d4-0878-4dd4-be65-7625fce132a8,completed,True,available,available,0.0
ULB,FOLLOWUP_ULB_112,C_lexical,3ab1fca4-5a64-47c0-a206-cb6d95d9e80b,blocked,True,available,available,0.0
ULB,FOLLOWUP_ULB_112,B_lexical,3b8741de-0d96-473b-86be-427514409e9b,completed,True,available,available,0.0
ULB,FOLLOWUP_ULB_117,C_lexical,3d4f4b1c-20df-4ba0-9d97-e750fdcc7acf,blocked,True,available,available,0.0
ULB,FOLLOWUP_ULB_116,C_lexical,3ed43f30-9574-4703-9faa-7da8488c5700,blocked,True,available,available,1.0
ULB,FOLLOWUP_ULB_117,B_dense,48ce0ac5-4b93-454e-88d0-2672d1d61eed,completed,True,available,available,0.0
ULB,FOLLOWUP_ULB_119,B_lexical,50e4c069-a686-4285-8ca2-d174ed6d5801,completed,True,unavailable,candidate_invalid_json,
ULB,FOLLOWUP_ULB_119,C_dense,5289936a-fa2d-4a9b-b9ea-7c021d859c53,blocked,True,available,available,0.0
ULB,FOLLOWUP_ULB_117,C_dense,5342a26e-634f-425a-935b-d48ea8d688ac,blocked,True,unavailable,candidate_invalid_json,
ULB,FOLLOWUP_ULB_114,D_hybrid,5b9cc4d8-0b8c-452f-bdce-dc2b6955a6df,blocked,True,unavailable,candidate_invalid_json,
ULB,FOLLOWUP_ULB_117,D_hybrid,5c49dc00-2f47-40a6-bdfc-03f50f5b2840,completed,True,available,available,1.0
ULB,FOLLOWUP_ULB_115,D_hybrid,68ff05d2-0e43-474b-b4ec-3e90a60d3113,blocked,True,unavailable,candidate_invalid_json,
ULB,FOLLOWUP_ULB_114,B_lexical,6ae776f2-e396-4a61-a3b8-cc900ae2e6aa,completed,True,available,available,0.0
ULB,FOLLOWUP_ULB_118,D_hybrid,7198324f-7eb8-4351-bb22-c40bc3dd2686,blocked,True,available,available,0.0
ULB,FOLLOWUP_ULB_113,B_lexical,760e7486-82f4-4f1f-bc01-1fbc7c0095d8,completed,True,unavailable,candidate_invalid_json,
ULB,FOLLOWUP_ULB_113,A_direct,7e86280a-7a39-4dfa-a89e-42b17b3149dc,completed,True,available,available,1.0
ULB,FOLLOWUP_ULB_112,D_hybrid,7ea18a03-950c-4aaf-bf68-6c613464fa61,blocked,True,available,available,0.0
ULB,FOLLOWUP_ULB_114,C_dense,82bcdc0a-fd6f-4472-8c97-012e148e7b2d,blocked,True,available,available,0.0
ULB,FOLLOWUP_ULB_114,B_dense,84671479-303b-4f1d-81ba-7bb2809cbab7,completed,True,available,available,0.0
ULB,FOLLOWUP_ULB_119,A_direct,91e31807-3824-43c6-b650-18b588f8755a,completed,True,available,available,1.0
ULB,FOLLOWUP_ULB_116,D_hybrid,922fe653-e837-44d1-98db-e39ed9e11c8a,blocked,True,available,available,0.0
ULB,FOLLOWUP_ULB_117,B_lexical,9c99d86b-7b1a-4d72-a719-153fb0eeb56b,completed,True,unavailable,candidate_invalid_json,
ULB,FOLLOWUP_ULB_115,C_dense,a02639c3-3cfe-4e27-b332-c8e97393f415,blocked,True,available,available,0.0
ULB,FOLLOWUP_ULB_119,D_hybrid,a151816f-0429-4691-b92c-e36e92583276,blocked,True,unavailable,candidate_invalid_json,
ULB,FOLLOWUP_ULB_111,B_lexical,a4a78903-e9c5-4767-8764-2533a307cefd,completed,True,unavailable,candidate_invalid_json,
ULB,FOLLOWUP_ULB_111,C_dense,a5975f66-5b33-43e8-9d11-ee728597a0bd,blocked,True,unavailable,candidate_invalid_json,
ULB,FOLLOWUP_ULB_118,A_direct,a5e94a28-3de5-423a-b4f5-eeafd4c4f7ea,completed,True,available,available,1.0
ULB,FOLLOWUP_ULB_118,C_lexical,a91ed26b-7e29-4610-9182-88e37e56a6ea,blocked,True,unavailable,model_drivers_missing,
ULB,FOLLOWUP_ULB_111,A_direct,ad81a876-b166-4472-9464-927eef3cb12e,completed,True,available,available,1.0
ULB,FOLLOWUP_ULB_113,B_dense,b1daead4-9f11-4309-80f6-50051e54e447,completed,True,unavailable,model_drivers_missing,
ULB,FOLLOWUP_ULB_116,B_dense,b3e426d6-727a-4cd0-bad3-efd6a59bd78b,completed,True,unavailable,candidate_invalid_json,
ULB,FOLLOWUP_ULB_112,A_direct,b4056bf5-c250-4d03-bab6-c06d197cb5ad,completed,True,available,available,0.75
ULB,FOLLOWUP_ULB_118,B_dense,b5518823-9d77-4cc7-ba8c-c7cf6eb68428,completed,True,available,available,0.0
ULB,FOLLOWUP_ULB_120,B_lexical,bda4a89b-8fca-4740-a6ca-9a09062dfbf3,completed,True,available,available,0.0
ULB,FOLLOWUP_ULB_116,C_dense,bddd0530-0106-4ba1-aafe-70496c10ab98,blocked,True,unavailable,candidate_invalid_json,
ULB,FOLLOWUP_ULB_120,B_dense,bde292bb-3b96-4d67-a047-dccda930de09,completed,True,available,available,0.0
ULB,FOLLOWUP_ULB_118,C_dense,bfed6278-c9dd-4a11-a455-446c95909bea,blocked,True,available,available,0.0
ULB,FOLLOWUP_ULB_119,C_lexical,c534e266-572b-4631-aa31-5c0f9a516a86,blocked,True,available,available,0.0
ULB,FOLLOWUP_ULB_114,C_lexical,d18cfc08-6689-43c5-9e34-8c69d4eb7bd7,blocked,True,available,available,0.0
ULB,FOLLOWUP_ULB_111,B_dense,dab2c21b-21d3-4d99-ac7d-34067ac91fff,completed,True,available,available,0.0
ULB,FOLLOWUP_ULB_120,C_lexical,db58a51b-e37a-479e-8f01-e853efb814f4,blocked,True,available,available,0.947368
ULB,FOLLOWUP_ULB_112,C_dense,de52177a-363e-4244-b5fb-e911275936c1,blocked,True,unavailable,candidate_invalid_json,
ULB,FOLLOWUP_ULB_120,A_direct,e01042dd-31d3-490e-bcb3-99c2d3b931a6,completed,True,available,available,1.0
ULB,FOLLOWUP_ULB_115,C_lexical,edb80e37-c7fd-4777-a834-fced70b24cef,completed,True,available,available,1.0
ULB,FOLLOWUP_ULB_113,D_hybrid,f2c38eb2-1505-423a-a519-7c6211edbf07,blocked,True,available,available,0.0
ULB,FOLLOWUP_ULB_112,B_dense,f6e315ee-7b15-4a5a-961a-5e48e7b6fbc3,completed,True,available,available,1.0
ULB,FOLLOWUP_ULB_111,D_hybrid,f7799dc8-da95-4ba9-8372-13448e88284e,blocked,True,available,available,0.0
ULB,FOLLOWUP_ULB_111,C_lexical,f83a0eb5-04a3-4c35-b35b-8fc53b8ff70c,blocked,True,unavailable,candidate_invalid_json,
ULB,FOLLOWUP_ULB_115,A_direct,fa3f806e-8b2d-440f-94dd-615086f1e779,completed,True,available,available,1.0
ULB,FOLLOWUP_ULB_114,A_direct,fab64e22-0cbd-4b23-ab0c-29b437b718ad,completed,True,available,available,0.842105
ULB,FOLLOWUP_ULB_126,D_hybrid,06aad9bc-f4cf-4104-b26f-f3a0cd115f8e,blocked,True,unavailable,candidate_invalid_json,
ULB,FOLLOWUP_ULB_121,B_lexical,0a5b862c-49da-49d5-88e0-a132b5e57d2a,completed,True,available,available,1.0
ULB,FOLLOWUP_ULB_125,C_dense,0da7c379-054d-42fb-9e0c-526ca3083f25,blocked,True,unavailable,candidate_invalid_json,
ULB,FOLLOWUP_ULB_129,D_hybrid,0ec4ca57-089d-43a3-8887-bffad5c2e2f2,blocked,True,unavailable,candidate_invalid_json,
ULB,FOLLOWUP_ULB_123,A_direct,0f99d31b-260b-4168-b540-93b6133f4954,completed,True,available,available,1.0
ULB,FOLLOWUP_ULB_128,B_dense,11f495ab-a0da-4cb4-bdfc-2ec63a09f38a,completed,True,available,available,1.0
ULB,FOLLOWUP_ULB_128,A_direct,1905fa34-7cea-473e-a652-3a0ff0e60863,completed,True,available,available,0.823529
ULB,FOLLOWUP_ULB_127,C_lexical,22758936-3eb8-4b59-a928-06561e424dad,blocked,True,available,available,0.0
ULB,FOLLOWUP_ULB_125,D_hybrid,32754015-bc61-4d06-a31c-9500fafdcc9c,blocked,True,available,available,0.0
ULB,FOLLOWUP_ULB_125,B_lexical,39045654-8fb2-4800-94ec-e00020c0dbc6,completed,True,available,available,1.0
ULB,FOLLOWUP_ULB_123,B_lexical,452da1a3-b6dd-4104-aa04-0fdc9eda1d22,completed,True,unavailable,candidate_invalid_json,
ULB,FOLLOWUP_ULB_128,B_lexical,4575bf71-bc8b-4e80-bf2b-884d3ebff6e3,completed,True,available,available,0.0
ULB,FOLLOWUP_ULB_129,C_lexical,492d8e88-c2c8-44ba-98aa-03bac140d1eb,blocked,True,available,available,0.0
ULB,FOLLOWUP_ULB_129,B_dense,528fd383-b6f0-445a-a7b8-350419309955,completed,True,available,available,0.0
ULB,FOLLOWUP_ULB_130,C_dense,559b5fda-53b9-49ce-aaec-60871adf5fc0,blocked,True,available,available,0.0
ULB,FOLLOWUP_ULB_123,D_hybrid,5a44e431-b17a-496c-b12f-e56ec18f90b0,blocked,True,available,available,0.0
ULB,FOLLOWUP_ULB_128,C_dense,5cf5f3a9-2ddb-4df1-8909-56a8efa63e8d,completed,True,available,available,0.823529
ULB,FOLLOWUP_ULB_127,C_dense,5fb4b746-2830-4a24-ba83-eee85c0f235a,blocked,True,unavailable,candidate_invalid_json,
ULB,FOLLOWUP_ULB_129,B_lexical,61860b06-dd32-4063-8b0a-4f2275366288,completed,True,available,available,0.0
ULB,FOLLOWUP_ULB_130,C_lexical,679b5ab4-f39b-4277-a1c6-d02f15ac4d7e,blocked,True,available,available,0.9
ULB,FOLLOWUP_ULB_121,B_dense,6c27994d-29d7-454b-a43e-9fca1075ed2c,completed,True,available,available,0.0
ULB,FOLLOWUP_ULB_124,A_direct,6d23b4ee-be8e-4717-a98a-c8fabf753973,completed,True,available,available,0.947368
ULB,FOLLOWUP_ULB_124,D_hybrid,6dfa4507-a99e-42ac-a76e-e94b1405976f,blocked,True,available,available,0.0
ULB,FOLLOWUP_ULB_128,D_hybrid,74660460-7586-4d9b-abd2-6cde7735678d,blocked,True,available,available,0.0
ULB,FOLLOWUP_ULB_126,C_dense,7a54a28e-7396-481b-9d7e-6cc9d1e13fbf,blocked,True,available,available,0.0
ULB,FOLLOWUP_ULB_124,C_lexical,8066ff4c-395e-455b-a73e-bfc71de3abaa,blocked,True,available,available,1.0
ULB,FOLLOWUP_ULB_125,C_lexical,873eca5f-5e6c-43a9-aa59-371b543609c2,blocked,True,available,available,0.0
ULB,FOLLOWUP_ULB_130,B_dense,893cdd31-d6e4-497b-a38a-8666088ac570,completed,True,available,available,0.0
ULB,FOLLOWUP_ULB_121,C_dense,8d7b1f49-b483-471a-a355-43c7406f1e88,blocked,True,unavailable,candidate_invalid_json,
ULB,FOLLOWUP_ULB_130,A_direct,92fca487-d9bf-4d76-ad5a-b0a5833d9306,completed,True,unavailable,candidate_invalid_json,
ULB,FOLLOWUP_ULB_128,C_lexical,968456fc-adf3-4702-9393-20f3f75de658,blocked,True,unavailable,candidate_invalid_json,
ULB,FOLLOWUP_ULB_121,D_hybrid,9ac49e68-e754-471c-a9c5-f91ef2270587,blocked,True,available,available,0.0
ULB,FOLLOWUP_ULB_127,B_dense,9d67dea4-698a-4832-ba78-b50f40224316,completed,True,available,available,0.0
ULB,FOLLOWUP_ULB_130,B_lexical,af93869a-55fe-4e4b-8d18-186c32fb6103,completed,True,unavailable,candidate_invalid_json,
ULB,FOLLOWUP_ULB_125,B_dense,af9fe406-88b3-45d4-9d43-c0a6e3569a7c,completed,True,available,available,0.0
ULB,FOLLOWUP_ULB_130,D_hybrid,b0a0e098-c504-41a2-ac8e-c4cc93637e50,blocked,True,available,available,0.9
ULB,FOLLOWUP_ULB_127,A_direct,b0af9eb3-0886-4a79-bddf-f2c5d73a5352,completed,True,unavailable,candidate_invalid_json,
ULB,FOLLOWUP_ULB_122,C_lexical,b760fe8d-d73e-4ed9-8a6b-7ecbf179815a,completed,True,available,available,1.0
ULB,FOLLOWUP_ULB_124,C_dense,b7c99a8e-3a0f-4d7f-9256-b7131e3c9b88,blocked,True,available,available,0.705882
ULB,FOLLOWUP_ULB_129,A_direct,b9a758b8-14e4-44a7-858f-34979cb54048,completed,True,available,available,1.0
ULB,FOLLOWUP_ULB_122,B_lexical,bc701c44-7ceb-484f-80de-113fa7935388,completed,True,unavailable,candidate_invalid_json,
ULB,FOLLOWUP_ULB_127,D_hybrid,bd788c53-7df0-4cbe-953c-6dbdf4d0fac5,blocked,True,unavailable,candidate_invalid_json,
ULB,FOLLOWUP_ULB_123,B_dense,beaecfb9-59d2-4550-98aa-0c2dcaead6a6,completed,True,unavailable,candidate_invalid_json,
ULB,FOLLOWUP_ULB_122,B_dense,c0530b6d-0eff-4518-a29d-b3d9a9814109,completed,True,available,available,0.0
ULB,FOLLOWUP_ULB_126,B_lexical,c31790f9-44ad-4b1d-8d4b-397420054ef7,completed,True,available,available,0.0
ULB,FOLLOWUP_ULB_127,B_lexical,cd31c690-04cf-4e69-8a43-e31e1b977c14,completed,True,unavailable,candidate_invalid_json,
ULB,FOLLOWUP_ULB_121,C_lexical,ce58ca67-d428-435a-9d72-a77f03f26d2d,blocked,True,available,available,0.0
ULB,FOLLOWUP_ULB_124,B_dense,d3bc7639-b1f7-4ffd-ae52-0100382557b7,completed,True,available,available,1.0
ULB,FOLLOWUP_ULB_125,A_direct,d4d2d442-b2ae-484d-ad9b-9920abfb35b3,completed,True,available,available,1.0
ULB,FOLLOWUP_ULB_122,D_hybrid,d8d3ebf1-53d9-4cd5-b1d7-e11a49f26baa,blocked,True,available,available,1.0
ULB,FOLLOWUP_ULB_123,C_lexical,db49a4aa-a7dc-4e4b-8b7f-831fd3583f52,blocked,True,available,available,0.0
ULB,FOLLOWUP_ULB_126,C_lexical,e0dc5065-c859-4f6a-8799-e05adc36a594,blocked,True,unavailable,model_drivers_missing,
ULB,FOLLOWUP_ULB_126,B_dense,e612a65f-88cf-4119-833f-58eeab4b2392,completed,True,available,available,1.0
ULB,FOLLOWUP_ULB_124,B_lexical,ed6746dd-9855-4986-a244-95020a51e82a,completed,True,available,available,0.0
ULB,FOLLOWUP_ULB_129,C_dense,ef505fb7-1aa0-40b5-8c25-3dacb3004e7b,blocked,True,available,available,0.0
ULB,FOLLOWUP_ULB_126,A_direct,ef8c0ce4-237a-4b25-9de8-459583d5b8a8,completed,True,unavailable,candidate_invalid_json,
ULB,FOLLOWUP_ULB_122,A_direct,eff31aa7-bd4b-4c78-95c0-66d80e2b6d17,completed,True,unavailable,candidate_invalid_json,
ULB,FOLLOWUP_ULB_121,A_direct,fb167d32-31bf-407d-93ec-7be4ab703f00,completed,True,unavailable,candidate_invalid_json,
ULB,FOLLOWUP_ULB_123,C_dense,fcc1fed2-fdca-43a2-9094-59afb84992b4,blocked,True,unavailable,candidate_invalid_json,
ULB,FOLLOWUP_ULB_122,C_dense,fd38b491-f9a0-4bb2-ae93-c2a4b2291faa,blocked,True,available,available,0.0
ULB,FOLLOWUP_ULB_131,C_dense,030738fc-e58d-43e5-8338-43546bdbd8f6,blocked,True,available,available,0.0
ULB,FOLLOWUP_ULB_136,B_lexical,05ac0d56-6765-46ed-be99-204ba68ee80b,completed,True,unavailable,candidate_invalid_json,
ULB,FOLLOWUP_ULB_134,B_lexical,05eb7404-fb40-4149-bf57-9a0418e70a75,completed,True,available,available,0.0
ULB,FOLLOWUP_ULB_137,A_direct,0ad88ec0-383c-4fef-b590-1f662e17b17e,completed,True,unavailable,model_drivers_missing,
ULB,FOLLOWUP_ULB_134,C_lexical,0c31d157-4ef0-46c9-b82e-4e1daaf93130,blocked,True,available,available,0.0
ULB,FOLLOWUP_ULB_132,D_hybrid,11406ff4-fc4c-448b-bcf1-b956a8172e7e,blocked,True,available,available,0.0
ULB,FOLLOWUP_ULB_137,D_hybrid,12eb104a-6994-472c-914b-868d6e3d5114,blocked,True,available,available,0.0
ULB,FOLLOWUP_ULB_136,B_dense,1ca4eeab-0f9f-4a58-9d7c-e1645d138f95,completed,True,available,available,1.0
ULB,FOLLOWUP_ULB_132,B_dense,226f166f-1a56-45f4-8ace-859c1a86a562,completed,True,available,available,0.0
ULB,FOLLOWUP_ULB_136,C_lexical,24697e69-9f19-4f6a-9087-a0c690b3ab28,blocked,True,available,available,0.0
ULB,FOLLOWUP_ULB_137,C_lexical,2ca388f0-5742-4489-ad12-cacfc5a95ebf,blocked,True,unavailable,candidate_invalid_json,
ULB,FOLLOWUP_ULB_138,A_direct,2e4caa0f-6aed-46d8-bd00-170812c90d4b,completed,True,available,available,0.9
ULB,FOLLOWUP_ULB_132,C_dense,34e4bae5-726b-43be-b46d-54fa7423b9d0,blocked,True,available,available,0.0
ULB,FOLLOWUP_ULB_133,C_dense,35fedef9-752b-45e2-832a-ef159b37b9f2,blocked,True,unavailable,candidate_invalid_json,
ULB,FOLLOWUP_ULB_139,C_lexical,3838e915-42fd-4df1-a91c-437ed6077ada,blocked,True,available,available,0.0
ULB,FOLLOWUP_ULB_131,B_dense,3e9fcd77-40e8-4b83-add0-e3a23b0bf046,completed,True,available,available,0.0
ULB,FOLLOWUP_ULB_133,B_dense,46587027-453f-4fc7-8b2f-5ef90a0d43ae,completed,True,available,available,0.0
ULB,FOLLOWUP_ULB_131,A_direct,4669a7a6-6229-4038-976f-a4f46437a0c9,completed,True,available,available,1.0
ULB,FOLLOWUP_ULB_139,D_hybrid,4d139d43-10bb-4a22-8aea-1efdab803cb2,blocked,True,available,available,0.0
ULB,FOLLOWUP_ULB_136,C_dense,524bc305-2768-415a-bf81-3ae493d58e11,blocked,True,available,available,0.0
ULB,FOLLOWUP_ULB_135,C_lexical,5332d287-cfe3-4a80-b881-9cc9a0892531,blocked,True,available,available,0.0
ULB,FOLLOWUP_ULB_137,C_dense,591f94a5-7be3-4c72-82c8-dbb0b89fc64b,blocked,True,available,available,0.0
ULB,FOLLOWUP_ULB_140,B_dense,5a125e84-5b63-4934-b9be-37bb48c461f3,completed,True,available,available,0.0
ULB,FOLLOWUP_ULB_139,A_direct,5aeffe7c-2db4-4ad8-937a-f00033fe68d0,completed,True,available,available,1.0
ULB,FOLLOWUP_ULB_135,D_hybrid,60eb22ab-dfa3-4726-9ef2-4074ebae2efd,blocked,True,available,available,0.0
ULB,FOLLOWUP_ULB_140,B_lexical,610a8ec4-72a9-4970-8395-6a69ade2497f,completed,True,available,available,0.0
ULB,FOLLOWUP_ULB_140,C_lexical,61afdbaf-6fea-489f-a453-387beeff663a,blocked,True,available,available,0.0
ULB,FOLLOWUP_ULB_139,B_dense,633d5bdd-be98-40e6-937f-6410a9625258,completed,True,available,available,0.0
ULB,FOLLOWUP_ULB_133,A_direct,6905c59a-e296-4202-9143-3677775f1e1c,completed,True,available,available,1.0
ULB,FOLLOWUP_ULB_135,C_dense,691ed4ea-2b27-4e09-aa7b-248d12468fd4,blocked,True,available,available,0.0
ULB,FOLLOWUP_ULB_134,C_dense,6f0683c5-1b35-4065-ad09-abe40c5d74e9,blocked,True,available,available,0.0
ULB,FOLLOWUP_ULB_140,A_direct,74c843c5-3f06-4e15-b9d2-2fbed235cc27,completed,True,available,available,1.0
ULB,FOLLOWUP_ULB_133,C_lexical,796478e0-f6bb-42e8-84fa-9c939c3f8f86,blocked,True,unavailable,candidate_invalid_json,
ULB,FOLLOWUP_ULB_139,B_lexical,82db7045-2520-4820-a27b-2230b2206fc2,completed,True,unavailable,candidate_invalid_json,
ULB,FOLLOWUP_ULB_138,C_dense,86423406-fe75-429e-a205-70a6cdc1efde,blocked,True,available,available,0.0
ULB,FOLLOWUP_ULB_138,D_hybrid,8811e7d1-2919-4757-8fe8-5155599c0e69,blocked,True,available,available,0.0
ULB,FOLLOWUP_ULB_131,C_lexical,90bdc3b7-5f76-4025-bfe7-39c149fddbb2,blocked,True,unavailable,candidate_invalid_json,
ULB,FOLLOWUP_ULB_140,D_hybrid,95fd3359-fd01-4474-86aa-badca7db69d6,blocked,True,available,available,0.0
ULB,FOLLOWUP_ULB_131,D_hybrid,a07675dc-afe1-4b8c-82b2-cb1bf05d5cca,blocked,True,unavailable,candidate_invalid_json,
ULB,FOLLOWUP_ULB_138,B_dense,a213661f-431a-4378-9baf-e689f02f15b6,completed,True,unavailable,candidate_invalid_json,
ULB,FOLLOWUP_ULB_136,A_direct,a88825fd-2f26-4b94-aee9-c85df89fe1a5,completed,True,available,available,1.0
ULB,FOLLOWUP_ULB_139,C_dense,a8aa7737-c13c-4da3-9c75-9de37f3bffe0,blocked,True,available,available,0.0
ULB,FOLLOWUP_ULB_133,B_lexical,a8b501cc-ef21-4a44-9699-6f32f94eee1e,completed,True,available,available,1.0
ULB,FOLLOWUP_ULB_140,C_dense,adf2bd79-ab75-4ad5-b985-df841ce33c8f,blocked,True,unavailable,candidate_invalid_json,
ULB,FOLLOWUP_ULB_135,A_direct,af232a97-b5a0-4d06-8666-cafbcbebd8da,completed,True,available,available,1.0
ULB,FOLLOWUP_ULB_134,B_dense,b88642ba-8924-44b1-8d58-23d209cc7844,completed,True,unavailable,candidate_invalid_json,
ULB,FOLLOWUP_ULB_134,A_direct,bfb1ba1a-1b43-4bfb-81b1-5730fc0eaf3b,completed,True,unavailable,candidate_invalid_json,
ULB,FOLLOWUP_ULB_136,D_hybrid,c5e6e7e1-f241-4cb4-af0c-56c1a69aa834,blocked,True,unavailable,candidate_invalid_json,
ULB,FOLLOWUP_ULB_134,D_hybrid,c8f41ed0-557f-47d2-8dd4-806f377a1f89,blocked,True,available,available,0.0
ULB,FOLLOWUP_ULB_138,B_lexical,d1a76289-fdd6-4ccb-9840-c0fb2de8b1ae,completed,True,available,available,0.0
ULB,FOLLOWUP_ULB_137,B_lexical,d2acf105-a0cb-4c37-9c68-c477361d9422,completed,True,available,available,0.0
ULB,FOLLOWUP_ULB_135,B_lexical,d43b96ac-2955-483c-ae31-c7a551e140bc,completed,True,unavailable,candidate_invalid_json,
ULB,FOLLOWUP_ULB_132,A_direct,db0974e0-6972-4fdd-b160-ed6eea99e406,completed,True,available,available,1.0
ULB,FOLLOWUP_ULB_137,B_dense,dbcef99d-11c5-417e-8019-39bc2a7a7868,completed,True,unavailable,candidate_invalid_json,
ULB,FOLLOWUP_ULB_138,C_lexical,dc77ed12-180c-43a2-b733-f1fdd3e7dc09,completed,True,available,available,0.947368
ULB,FOLLOWUP_ULB_132,C_lexical,df106512-c062-4d4e-83a4-c4ab85aeeba8,blocked,True,available,available,0.0
ULB,FOLLOWUP_ULB_135,B_dense,e6606939-7cb0-4223-b92b-0f26b45e2575,completed,True,unavailable,candidate_invalid_json,
ULB,FOLLOWUP_ULB_131,B_lexical,f115fba7-740c-4d08-a3dc-215c37e54ad3,completed,True,unavailable,candidate_invalid_json,
ULB,FOLLOWUP_ULB_132,B_lexical,f7b9f56a-24a8-47c2-8a11-abb3fa70352f,completed,True,available,available,0.0
ULB,FOLLOWUP_ULB_133,D_hybrid,fa234ace-b477-4b01-b9cc-e042544f5278,blocked,True,available,available,0.0
ULB,FOLLOWUP_ULB_146,C_lexical,00341329-20ba-4de0-a534-6fa2ccc25686,blocked,True,unavailable,candidate_invalid_json,
ULB,FOLLOWUP_ULB_145,B_lexical,03a3748b-bf63-4565-9aba-ff0ea4281b43,completed,True,available,available,0.0
ULB,FOLLOWUP_ULB_148,B_dense,03f190ef-77cd-4116-bbc1-db108350d2db,completed,True,available,available,0.0
ULB,FOLLOWUP_ULB_141,B_lexical,11f3d6d7-3d41-47b0-92d0-069d74ce1e04,completed,True,unavailable,candidate_invalid_json,
ULB,FOLLOWUP_ULB_148,C_lexical,12fb02bc-100b-4253-bd5c-048567518155,blocked,True,available,available,0.0
ULB,FOLLOWUP_ULB_149,D_hybrid,18cc5b94-9b2f-48f0-a587-31c02e6d7311,blocked,True,unavailable,model_drivers_missing,
ULB,FOLLOWUP_ULB_144,C_dense,1befd1b7-5a81-45e6-8ecb-0bb58679581b,blocked,True,available,available,0.0
ULB,FOLLOWUP_ULB_149,C_dense,1cf66b88-e6a9-4cb9-bea1-03b2ab251554,completed,True,available,available,1.0
ULB,FOLLOWUP_ULB_145,A_direct,1e40fae3-ea5d-403a-8979-a338e9468215,completed,True,unavailable,candidate_invalid_json,
ULB,FOLLOWUP_ULB_144,A_direct,22002fdb-f4a3-48b5-8fa7-bbb785923ac3,completed,True,available,available,0.625
ULB,FOLLOWUP_ULB_150,B_dense,23b87f03-030e-4839-84ba-3a07267206c4,completed,True,unavailable,candidate_invalid_json,
ULB,FOLLOWUP_ULB_148,D_hybrid,2fd22c35-6a1f-4376-adde-76d766749210,blocked,True,available,available,0.0
ULB,FOLLOWUP_ULB_149,B_lexical,3c6db057-d6df-48e2-8e18-2431854b0288,completed,True,unavailable,candidate_invalid_json,
ULB,FOLLOWUP_ULB_147,A_direct,3e35d072-89e5-46e5-a569-ddb957e5bd1c,completed,True,available,available,1.0
ULB,FOLLOWUP_ULB_148,B_lexical,3e57f1ec-585d-477f-b2ff-65992face2e5,completed,True,available,available,1.0
ULB,FOLLOWUP_ULB_142,B_lexical,3f4d8eca-a9dd-40ed-8a70-54df824c7706,completed,True,available,available,1.0
ULB,FOLLOWUP_ULB_141,B_dense,449ac4ce-2e7c-4394-899d-ad684b6e0a2e,completed,True,unavailable,candidate_invalid_json,
ULB,FOLLOWUP_ULB_142,C_dense,48ebe781-fdcb-4fc9-ab3f-cf1972a0294f,blocked,True,available,available,0.0
ULB,FOLLOWUP_ULB_143,B_lexical,50921d04-a5d5-4e76-89e5-629c6fff3f6f,completed,True,available,available,0.0
ULB,FOLLOWUP_ULB_148,C_dense,5272cb07-da89-4cf3-a22a-79e8de8cc8ef,blocked,True,available,available,0.0
ULB,FOLLOWUP_ULB_142,A_direct,5ae4807f-4916-469e-b824-0bc7ca8f1c6a,completed,True,available,available,1.0
ULB,FOLLOWUP_ULB_146,C_dense,5ee60e0d-56ae-4529-99cf-b1b4327f887e,blocked,True,available,available,0.0
ULB,FOLLOWUP_ULB_142,B_dense,72e3a9ed-9efe-4f4d-aeab-a2cc5775be41,completed,True,unavailable,candidate_invalid_json,
ULB,FOLLOWUP_ULB_146,A_direct,745da83c-5ee4-468a-9fd9-2fac40b773a6,completed,True,available,available,0.9
ULB,FOLLOWUP_ULB_141,D_hybrid,77462286-4220-46e6-93cc-c84c3e00b3bc,blocked,True,available,available,0.0
ULB,FOLLOWUP_ULB_149,A_direct,7abd8f6a-195f-4c44-87db-d51f125d5d55,completed,True,available,available,1.0
ULB,FOLLOWUP_ULB_145,C_lexical,7cf0de6f-451c-4083-b557-4bec5759e107,completed,True,available,available,1.0
ULB,FOLLOWUP_ULB_147,D_hybrid,7dc587b4-911a-41de-9bc3-105a66bcae6a,blocked,True,unavailable,candidate_invalid_json,
ULB,FOLLOWUP_ULB_143,B_dense,84a87ca5-3024-43b3-9994-bd0b8dd73ce9,completed,True,unavailable,candidate_invalid_json,
ULB,FOLLOWUP_ULB_142,D_hybrid,871f5e97-15af-4d4f-b4ab-ded5582d883a,blocked,True,available,available,0.0
ULB,FOLLOWUP_ULB_146,B_dense,87c93788-5f17-4acc-99b9-b42a234881a7,completed,True,available,available,0.75
ULB,FOLLOWUP_ULB_149,C_lexical,8878b598-dee0-4fcf-92b8-f51b8b62a3ac,blocked,True,available,available,0.0
ULB,FOLLOWUP_ULB_143,C_dense,92944e62-1d8e-4bfe-9b63-f0fb5aa697ca,blocked,True,unavailable,candidate_invalid_json,
ULB,FOLLOWUP_ULB_142,C_lexical,93ab36a4-ffca-4a08-90a5-0aee78ff831b,blocked,True,available,available,0.0
ULB,FOLLOWUP_ULB_145,D_hybrid,99bc5848-b133-4a3e-b16e-3ac3b993cb1e,blocked,True,available,available,0.0
ULB,FOLLOWUP_ULB_144,B_dense,9a45f9ab-9e6a-469a-b92f-d2932499c8b2,completed,True,unavailable,candidate_invalid_json,
ULB,FOLLOWUP_ULB_146,D_hybrid,9a6e81fd-0c12-4eaf-875e-158cd1d60fd3,blocked,True,available,available,0.0
ULB,FOLLOWUP_ULB_141,C_dense,9c891435-a7b6-4db2-a65a-7048a536226c,blocked,True,available,available,0.0
ULB,FOLLOWUP_ULB_150,C_lexical,9cdea851-3e97-49bc-ba23-ae4142077084,blocked,True,unavailable,candidate_invalid_json,
ULB,FOLLOWUP_ULB_143,D_hybrid,9d7e56fa-4d9d-417e-911d-50b1e947cd8d,blocked,True,unavailable,candidate_invalid_json,
ULB,FOLLOWUP_ULB_147,C_dense,9fcb54d5-cbe1-4d11-a547-8c6bf4be8edf,blocked,True,unavailable,candidate_invalid_json,
ULB,FOLLOWUP_ULB_145,B_dense,a05920c1-cce0-4318-9055-53e7e18d4533,completed,True,unavailable,candidate_invalid_json,
ULB,FOLLOWUP_ULB_144,B_lexical,a9853c5a-1842-4599-8bb4-deae0c51b129,completed,True,available,available,0.0
ULB,FOLLOWUP_ULB_150,A_direct,b5a78b72-4532-49c4-83b5-fdb1b088ab51,completed,True,available,available,1.0
ULB,FOLLOWUP_ULB_145,C_dense,b6c07e0d-83ec-49f9-9471-e934fb38bf18,blocked,True,available,available,0.0
ULB,FOLLOWUP_ULB_150,D_hybrid,b9ebcc90-2ef8-427e-ad0f-0b1d4f811a0a,blocked,True,available,available,0.0
ULB,FOLLOWUP_ULB_141,C_lexical,ba6421fd-dc98-4cc9-b96d-c9895fb5aec1,blocked,True,unavailable,candidate_invalid_json,
ULB,FOLLOWUP_ULB_147,B_dense,be8d618e-b48d-486c-9a21-f93c1ff1aa90,completed,True,unavailable,candidate_invalid_json,
ULB,FOLLOWUP_ULB_147,B_lexical,c9dae76b-6598-4778-bb0a-362360415b38,completed,True,unavailable,candidate_invalid_json,
ULB,FOLLOWUP_ULB_143,A_direct,cdd01600-25de-4fbd-98dc-ba4a0930997b,completed,True,available,available,1.0
ULB,FOLLOWUP_ULB_144,C_lexical,d6051b6f-9d1d-4aa2-b2b3-5e6e9b0aa081,blocked,True,available,available,0.0
ULB,FOLLOWUP_ULB_150,C_dense,e150f52f-0f10-4dba-b37d-dcc2c83f0ceb,blocked,True,available,available,0.0
ULB,FOLLOWUP_ULB_143,C_lexical,e7ed3d64-74b4-4a12-a532-26b7370f38ba,blocked,True,unavailable,candidate_invalid_json,
ULB,FOLLOWUP_ULB_141,A_direct,ebf0aec1-3abe-48c2-91ee-c0f4f8b84cb0,completed,True,available,available,1.0
ULB,FOLLOWUP_ULB_144,D_hybrid,ebfce8d9-cc2c-4994-8947-4971818d4080,blocked,True,available,available,0.0
ULB,FOLLOWUP_ULB_148,A_direct,f0f32763-dc06-4127-b0f0-c35fcc0cf513,completed,True,unavailable,candidate_invalid_json,
ULB,FOLLOWUP_ULB_147,C_lexical,f2b7c2a8-61c7-46c1-b345-fd5b307c681f,blocked,True,unavailable,candidate_invalid_json,
ULB,FOLLOWUP_ULB_149,B_dense,f840fd1d-4901-4d12-af8a-9d3c3ba3cc4c,completed,True,available,available,0.0
ULB,FOLLOWUP_ULB_146,B_lexical,fc27346d-5269-49d6-8340-b872af6f955b,completed,True,available,available,0.0
ULB,FOLLOWUP_ULB_150,B_lexical,ff3e9824-3cca-4d1b-8c5a-6f85f06a5130,completed,True,unavailable,candidate_invalid_json,
Sparkov,FOLLOWUP_SPARKOV_008,C_lexical,04706dd0-d0c0-40df-88cd-514b9ad9d204,suppressed,False,unavailable,not_generated,
Sparkov,FOLLOWUP_SPARKOV_005,D_hybrid,09adb89e-8d79-41c3-8770-bf748eebae97,suppressed,False,unavailable,not_generated,
Sparkov,FOLLOWUP_SPARKOV_009,C_lexical,1097dc93-4df5-4766-8101-704c2585a410,suppressed,False,unavailable,not_generated,
Sparkov,FOLLOWUP_SPARKOV_010,B_lexical,140174dd-091c-433d-8e93-8a5cd30529e3,completed,True,available,available,0.0
Sparkov,FOLLOWUP_SPARKOV_007,C_lexical,1850dd6c-f83d-4739-8f84-d4006018c3d7,suppressed,False,unavailable,not_generated,
Sparkov,FOLLOWUP_SPARKOV_002,B_lexical,1a3c7bab-b069-4b30-9ec8-f4f261bad378,completed,True,available,available,0.0
Sparkov,FOLLOWUP_SPARKOV_008,B_dense,1eaa695b-cf24-40f9-8160-c6f31bbc5c95,completed,True,unavailable,candidate_invalid_json,
Sparkov,FOLLOWUP_SPARKOV_001,A_direct,20924962-39da-46e9-b865-edea4100f2a3,completed,True,available,available,1.0
Sparkov,FOLLOWUP_SPARKOV_002,C_lexical,292c35a7-5553-4307-903b-527c409345b6,suppressed,False,unavailable,not_generated,
Sparkov,FOLLOWUP_SPARKOV_004,A_direct,2db04ff1-ac3b-4450-9660-3872d55c63c3,completed,True,available,available,1.0
Sparkov,FOLLOWUP_SPARKOV_005,C_dense,33278612-31cf-4715-be5c-e84ba2ae161b,suppressed,False,unavailable,not_generated,
Sparkov,FOLLOWUP_SPARKOV_004,B_lexical,3396c221-59c5-4f83-835b-6624bd79ed1f,completed,True,available,available,0.0
Sparkov,FOLLOWUP_SPARKOV_007,B_dense,3658c02b-6a89-4e35-90be-785534104f9a,completed,True,unavailable,candidate_invalid_json,
Sparkov,FOLLOWUP_SPARKOV_002,D_hybrid,3684b9ff-dd0a-4755-80b7-7079a94391e4,suppressed,False,unavailable,not_generated,
Sparkov,FOLLOWUP_SPARKOV_006,D_hybrid,3b56866d-5f67-444d-b637-509e128f86af,suppressed,False,unavailable,not_generated,
Sparkov,FOLLOWUP_SPARKOV_010,C_lexical,3f3b64c5-adca-4bc3-994a-d0f8075d94e2,suppressed,False,unavailable,not_generated,
Sparkov,FOLLOWUP_SPARKOV_001,D_hybrid,417ab58b-3339-4f4e-997e-79d9e175b9e9,suppressed,False,unavailable,not_generated,
Sparkov,FOLLOWUP_SPARKOV_005,A_direct,5244274d-e564-4202-9f9c-47b025403600,completed,True,unavailable,model_drivers_missing,
Sparkov,FOLLOWUP_SPARKOV_006,C_dense,54614ea3-1c54-4524-ab63-747ae698e88a,suppressed,False,unavailable,not_generated,
Sparkov,FOLLOWUP_SPARKOV_008,A_direct,55a2b9d3-505a-412e-8e45-5a84e9adc79b,completed,True,available,available,1.0
Sparkov,FOLLOWUP_SPARKOV_007,B_lexical,573801f8-b962-41ce-8580-2194aba11bfd,completed,True,available,available,0.0
Sparkov,FOLLOWUP_SPARKOV_004,B_dense,5acd6bbf-ddf5-49e9-ae30-103d38e4092d,completed,True,unavailable,candidate_invalid_json,
Sparkov,FOLLOWUP_SPARKOV_003,B_lexical,5e8618c6-a8d4-434e-8677-7677ed762133,completed,True,available,available,0.0
Sparkov,FOLLOWUP_SPARKOV_005,B_lexical,605d3d65-1332-4b3b-8cfd-13901b6f041e,completed,True,available,available,0.0
Sparkov,FOLLOWUP_SPARKOV_005,C_lexical,72d8b505-4907-47d4-b3fa-b25d82146e73,suppressed,False,unavailable,not_generated,
Sparkov,FOLLOWUP_SPARKOV_006,C_lexical,72f28979-307e-40e7-8009-1e0d4a68ce07,suppressed,False,unavailable,not_generated,
Sparkov,FOLLOWUP_SPARKOV_002,A_direct,79658c15-eb0c-482d-a67d-c19d2c070f77,completed,True,available,available,1.0
Sparkov,FOLLOWUP_SPARKOV_002,B_dense,79d9f6b1-e88d-44c4-8a5e-367cbfc84459,completed,True,available,available,0.0
Sparkov,FOLLOWUP_SPARKOV_005,B_dense,82b5fdae-b4eb-4183-a419-12c4d84a54c4,completed,True,available,available,0.0
Sparkov,FOLLOWUP_SPARKOV_001,B_lexical,84eb912f-54dc-444f-a911-c21c71a36d5c,completed,True,available,available,0.0
Sparkov,FOLLOWUP_SPARKOV_010,A_direct,8b1f9144-2ecf-498f-9470-9ad95503e8f9,completed,True,available,available,1.0
Sparkov,FOLLOWUP_SPARKOV_006,A_direct,918e97a9-d962-4c3f-bb55-b7e2d014bc41,completed,True,available,available,1.0
Sparkov,FOLLOWUP_SPARKOV_006,B_lexical,97367902-5e06-44b2-ba9f-47b85efbf44d,completed,True,unavailable,candidate_invalid_json,
Sparkov,FOLLOWUP_SPARKOV_009,B_lexical,97eeb445-8ca0-4997-82ac-e6a02fd58eef,completed,True,available,available,1.0
Sparkov,FOLLOWUP_SPARKOV_007,A_direct,99d776b3-2145-4f41-a518-982504013183,completed,True,available,available,0.0
Sparkov,FOLLOWUP_SPARKOV_002,C_dense,9d4501ea-0c82-412e-a78b-15a36e3cd905,suppressed,False,unavailable,not_generated,
Sparkov,FOLLOWUP_SPARKOV_009,D_hybrid,a1745329-d740-412e-85e5-440b44f1a72b,suppressed,False,unavailable,not_generated,
Sparkov,FOLLOWUP_SPARKOV_004,C_lexical,a4b5694a-d80c-467f-9c8b-293e23fc41be,suppressed,False,unavailable,not_generated,
Sparkov,FOLLOWUP_SPARKOV_001,B_dense,a69c5a93-acae-4042-8c66-6443c0d7c9fe,completed,True,available,available,0.0
Sparkov,FOLLOWUP_SPARKOV_003,D_hybrid,acda9870-e575-4873-9203-3834c6ca26d3,suppressed,False,unavailable,not_generated,
Sparkov,FOLLOWUP_SPARKOV_001,C_dense,ae66c5a0-7028-42c1-9454-819cf35b2c7a,suppressed,False,unavailable,not_generated,
Sparkov,FOLLOWUP_SPARKOV_006,B_dense,af131d04-9789-4e18-aa3b-86c3aeb96b3f,completed,True,available,available,0.0
Sparkov,FOLLOWUP_SPARKOV_009,C_dense,afe2993e-fb83-4f07-a1d1-0acc591c51ef,suppressed,False,unavailable,not_generated,
Sparkov,FOLLOWUP_SPARKOV_003,C_dense,b37fc93b-9b71-4be7-b4b7-18adf930e6ca,suppressed,False,unavailable,not_generated,
Sparkov,FOLLOWUP_SPARKOV_009,B_dense,b3b8a750-45c2-457d-aac0-3386057a964a,completed,True,available,available,0.0
Sparkov,FOLLOWUP_SPARKOV_007,C_dense,b7ea8e6c-c2ff-4697-b045-714f2351fc36,suppressed,False,unavailable,not_generated,
Sparkov,FOLLOWUP_SPARKOV_010,B_dense,bb192c0d-5cd9-43b8-ab3e-a2ac628aa83e,completed,True,unavailable,candidate_invalid_json,
Sparkov,FOLLOWUP_SPARKOV_003,A_direct,bd3b2256-ce98-477a-b2f2-020775ca1622,completed,True,available,available,0.0
Sparkov,FOLLOWUP_SPARKOV_009,A_direct,c2883afa-26f4-4881-9a12-b94d5ce3a443,completed,True,available,available,1.0
Sparkov,FOLLOWUP_SPARKOV_008,C_dense,c716503c-3418-4984-90b1-93f5907ed0d1,suppressed,False,unavailable,not_generated,
Sparkov,FOLLOWUP_SPARKOV_003,B_dense,ca122a44-31c5-4a89-8afc-345e6c202f97,completed,True,available,available,0.0
Sparkov,FOLLOWUP_SPARKOV_001,C_lexical,ccbe1e3d-5ebe-408f-ab36-120841f86240,suppressed,False,unavailable,not_generated,
Sparkov,FOLLOWUP_SPARKOV_008,B_lexical,d1378320-c8ef-48c0-a906-5ab7f59430c9,completed,True,unavailable,candidate_invalid_json,
Sparkov,FOLLOWUP_SPARKOV_010,D_hybrid,d53b1d21-d3e3-4472-8bcc-70bb34372f6c,suppressed,False,unavailable,not_generated,
Sparkov,FOLLOWUP_SPARKOV_004,D_hybrid,d894751e-9d8d-45db-a14c-bc5a975467fc,suppressed,False,unavailable,not_generated,
Sparkov,FOLLOWUP_SPARKOV_008,D_hybrid,dcbdab27-f9ee-47e9-910e-2adb2ea75102,suppressed,False,unavailable,not_generated,
Sparkov,FOLLOWUP_SPARKOV_003,C_lexical,df277db3-3979-480c-ad9d-09cf82f59fea,suppressed,False,unavailable,not_generated,
Sparkov,FOLLOWUP_SPARKOV_010,C_dense,e4ef77df-f079-4ab9-9ec1-959f4e17758e,suppressed,False,unavailable,not_generated,
Sparkov,FOLLOWUP_SPARKOV_004,C_dense,eb1857ee-9cab-4d14-8ce8-5d0e8bfdbf84,suppressed,False,unavailable,not_generated,
Sparkov,FOLLOWUP_SPARKOV_007,D_hybrid,ed18e40d-282e-4ae2-b297-6a7d528b1ad6,suppressed,False,unavailable,not_generated,
Sparkov,FOLLOWUP_SPARKOV_018,B_dense,0117e20d-da7f-4aed-ac34-8de8e057e520,completed,True,unavailable,candidate_invalid_json,
Sparkov,FOLLOWUP_SPARKOV_015,B_lexical,043f20db-fd04-40f7-b523-3640d3904fe5,completed,True,available,available,0.0
Sparkov,FOLLOWUP_SPARKOV_014,A_direct,0cf3dd7c-8497-491c-a45c-d1d63670561c,completed,True,unavailable,candidate_invalid_json,
Sparkov,FOLLOWUP_SPARKOV_019,B_lexical,0d614c53-b044-4a6c-9e08-94199df675e1,completed,True,available,available,0.0
Sparkov,FOLLOWUP_SPARKOV_018,A_direct,0dc60cbd-37be-4751-8d9c-9d2c53cdbea0,completed,True,available,available,1.0
Sparkov,FOLLOWUP_SPARKOV_011,B_dense,0dcb06c7-2d24-413c-94d8-ea69757923c3,completed,True,available,available,0.0
Sparkov,FOLLOWUP_SPARKOV_011,C_dense,0eb54556-f872-48c9-b32f-ec096d615c9b,suppressed,False,unavailable,not_generated,
Sparkov,FOLLOWUP_SPARKOV_017,C_lexical,163183b4-eabe-4d10-81ab-3f8f05f0df3a,suppressed,False,unavailable,not_generated,
Sparkov,FOLLOWUP_SPARKOV_014,B_dense,226a141c-7748-4de6-acc4-fba9811cd3bc,completed,True,available,available,0.0
Sparkov,FOLLOWUP_SPARKOV_013,D_hybrid,228e98c9-7472-44fc-b5d0-0eed55d9e0d2,suppressed,False,unavailable,not_generated,
Sparkov,FOLLOWUP_SPARKOV_020,A_direct,22dd5097-a57e-43ae-8712-0d2179cebae6,completed,True,available,available,1.0
Sparkov,FOLLOWUP_SPARKOV_017,D_hybrid,25afe5ea-b6eb-4724-b495-4287689f0dd0,suppressed,False,unavailable,not_generated,
Sparkov,FOLLOWUP_SPARKOV_015,C_dense,2808cac2-345d-4b1a-a867-c42f7c447777,suppressed,False,unavailable,not_generated,
Sparkov,FOLLOWUP_SPARKOV_020,B_lexical,2b486845-75e6-45bd-8e8b-28ee51dd7e49,completed,True,unavailable,candidate_invalid_json,
Sparkov,FOLLOWUP_SPARKOV_012,C_dense,2f5e78cd-e9c6-4896-8f43-3e53b2aa288d,suppressed,False,unavailable,not_generated,
Sparkov,FOLLOWUP_SPARKOV_019,A_direct,34cb6439-a89d-4e0e-8207-9276ad8e53f1,completed,True,available,available,1.0
Sparkov,FOLLOWUP_SPARKOV_012,B_lexical,34ded8e2-0a2f-4246-9c12-efa0dd7375fb,completed,True,available,available,0.0
Sparkov,FOLLOWUP_SPARKOV_011,A_direct,383e489b-f533-432e-9eea-46fcb1df9de4,completed,True,available,available,0.0
Sparkov,FOLLOWUP_SPARKOV_020,B_dense,38eb3c6d-602c-4ef1-b14a-c7f500e38d33,completed,True,unavailable,candidate_invalid_json,
Sparkov,FOLLOWUP_SPARKOV_015,C_lexical,3e2ec2de-3810-4d04-91c7-8ddbba9a4bed,suppressed,False,unavailable,not_generated,
Sparkov,FOLLOWUP_SPARKOV_019,C_dense,4c6e4272-074f-4c37-b797-18f48691d73c,suppressed,False,unavailable,not_generated,
Sparkov,FOLLOWUP_SPARKOV_013,B_dense,4ed10257-c336-4321-8e89-5ffe22c69161,completed,True,available,available,0.0
Sparkov,FOLLOWUP_SPARKOV_016,D_hybrid,53bf375b-fe7e-4161-9084-04f148414856,suppressed,False,unavailable,not_generated,
Sparkov,FOLLOWUP_SPARKOV_019,D_hybrid,54eaf96c-3d43-4bb4-bf74-99457c8e58b2,suppressed,False,unavailable,not_generated,
Sparkov,FOLLOWUP_SPARKOV_020,D_hybrid,5ce3d0c1-0e5b-4222-b80e-b56a14451fe2,suppressed,False,unavailable,not_generated,
Sparkov,FOLLOWUP_SPARKOV_017,B_dense,5e089612-d9b4-411f-bb57-dc304e75e840,completed,True,available,available,0.0
Sparkov,FOLLOWUP_SPARKOV_017,A_direct,603c92ad-a66d-420c-984b-60f311c8f316,completed,True,unavailable,candidate_invalid_json,
Sparkov,FOLLOWUP_SPARKOV_016,A_direct,61b8417a-edd3-425d-9cce-0f143023a16a,completed,True,available,available,1.0
Sparkov,FOLLOWUP_SPARKOV_018,D_hybrid,70038ddc-635b-4581-afbd-f2c35fdc03bf,suppressed,False,unavailable,not_generated,
Sparkov,FOLLOWUP_SPARKOV_015,D_hybrid,758503b3-8e05-439b-af30-7962670087c7,suppressed,False,unavailable,not_generated,
Sparkov,FOLLOWUP_SPARKOV_014,C_lexical,783e1219-145b-46ed-8d32-c7d57d001ce0,suppressed,False,unavailable,not_generated,
Sparkov,FOLLOWUP_SPARKOV_015,A_direct,7d04c1eb-0604-481f-afad-ed4d7947a156,completed,True,available,available,1.0
Sparkov,FOLLOWUP_SPARKOV_016,C_lexical,837704a9-5c50-4459-ac33-42a03d42fb9a,suppressed,False,unavailable,not_generated,
Sparkov,FOLLOWUP_SPARKOV_011,D_hybrid,8ab45bbf-5019-458c-bf5d-6aefd8417fc2,suppressed,False,unavailable,not_generated,
Sparkov,FOLLOWUP_SPARKOV_016,B_dense,8baa7ea0-907a-4bb7-85d7-66c69f33c507,completed,True,available,available,0.0
Sparkov,FOLLOWUP_SPARKOV_012,A_direct,9a5959a2-f7cc-427b-b9ba-a17fe43186df,completed,True,unavailable,candidate_invalid_json,
Sparkov,FOLLOWUP_SPARKOV_013,C_dense,9ef50158-b0df-4dbb-bd89-4beee5097d15,suppressed,False,unavailable,not_generated,
Sparkov,FOLLOWUP_SPARKOV_017,B_lexical,a69fa7dd-b388-4cd5-a77f-04762c4dc231,completed,True,available,available,1.0
Sparkov,FOLLOWUP_SPARKOV_018,C_dense,a7ab10b2-6787-4b43-b443-ce475fa3d30f,suppressed,False,unavailable,not_generated,
Sparkov,FOLLOWUP_SPARKOV_019,C_lexical,a7e42ee0-0613-441e-8b6c-cbb50e8ae80a,suppressed,False,unavailable,not_generated,
Sparkov,FOLLOWUP_SPARKOV_016,C_dense,a7f77b74-3756-467e-b77c-ef45049074b8,suppressed,False,unavailable,not_generated,
Sparkov,FOLLOWUP_SPARKOV_011,B_lexical,abe4177d-64d0-43c8-95e9-26696c0d610a,completed,True,available,available,0.0
Sparkov,FOLLOWUP_SPARKOV_017,C_dense,ad74f5d5-baa1-4680-86b9-232811472b8c,suppressed,False,unavailable,not_generated,
Sparkov,FOLLOWUP_SPARKOV_011,C_lexical,ade055e4-7505-48b2-90d6-03cd02acd5cd,suppressed,False,unavailable,not_generated,
Sparkov,FOLLOWUP_SPARKOV_013,C_lexical,b2533382-f43d-43b1-b808-0b4750f9122f,suppressed,False,unavailable,not_generated,
Sparkov,FOLLOWUP_SPARKOV_013,A_direct,b37bc0d2-4cef-4a2c-bc7c-35a7e84d6024,completed,True,available,available,1.0
Sparkov,FOLLOWUP_SPARKOV_014,C_dense,c723b9e6-b9e4-40aa-b790-2a9d054c24c9,suppressed,False,unavailable,not_generated,
Sparkov,FOLLOWUP_SPARKOV_012,C_lexical,cab4ecc7-210d-43b9-b709-c9da1a8c16da,suppressed,False,unavailable,not_generated,
Sparkov,FOLLOWUP_SPARKOV_015,B_dense,d3dbb1df-4218-4bcd-a502-cc9eda16983a,completed,True,unavailable,candidate_invalid_json,
Sparkov,FOLLOWUP_SPARKOV_020,C_dense,d3e60230-91f0-4bc0-b619-1f6f21cb7542,suppressed,False,unavailable,not_generated,
Sparkov,FOLLOWUP_SPARKOV_018,B_lexical,da55be1e-4a3f-4f55-9f49-76aa4738292f,completed,True,unavailable,candidate_invalid_json,
Sparkov,FOLLOWUP_SPARKOV_012,B_dense,e25c85c5-3d74-4616-9cda-0dba68be6dbc,completed,True,unavailable,candidate_invalid_json,
Sparkov,FOLLOWUP_SPARKOV_014,D_hybrid,e339ebb6-d9b4-4fbd-920d-8ebda2e27cb0,suppressed,False,unavailable,not_generated,
Sparkov,FOLLOWUP_SPARKOV_019,B_dense,e549f400-d6b4-4e62-aae9-3400576ee9e3,completed,True,available,available,0.0
Sparkov,FOLLOWUP_SPARKOV_012,D_hybrid,e83a4faa-0c1b-4364-a567-ec1b3ccbe089,suppressed,False,unavailable,not_generated,
Sparkov,FOLLOWUP_SPARKOV_014,B_lexical,eac27e72-b830-4f40-b32e-8750e28c321c,completed,True,available,available,0.0
Sparkov,FOLLOWUP_SPARKOV_013,B_lexical,ee369fea-1603-4114-be45-227c42df0535,completed,True,available,available,1.0
Sparkov,FOLLOWUP_SPARKOV_018,C_lexical,f23a1e7d-8096-4a0c-abca-b561a1e5c249,suppressed,False,unavailable,not_generated,
Sparkov,FOLLOWUP_SPARKOV_020,C_lexical,f44fd77b-4671-493d-ad02-cb38fb0d6bcb,suppressed,False,unavailable,not_generated,
Sparkov,FOLLOWUP_SPARKOV_016,B_lexical,f9c12d6a-4c1e-4358-bc60-680c427315a6,completed,True,available,available,0.0
Sparkov,FOLLOWUP_SPARKOV_021,B_dense,014444db-ca57-447c-bef7-b058cdbc9725,completed,True,available,available,0.0
Sparkov,FOLLOWUP_SPARKOV_021,B_lexical,0358e974-c903-4366-a53f-8a63af69d6fc,completed,True,unavailable,candidate_invalid_json,
Sparkov,FOLLOWUP_SPARKOV_030,B_dense,04ecc2e6-da94-4ebf-8f3f-37d964cf65c6,completed,True,unavailable,candidate_invalid_json,
Sparkov,FOLLOWUP_SPARKOV_024,D_hybrid,05c4b759-44c5-4ac8-8276-6f17f00b4226,suppressed,False,unavailable,not_generated,
Sparkov,FOLLOWUP_SPARKOV_027,B_dense,0613b353-ab91-4bab-9b30-92db1fa2a43d,completed,True,available,available,0.0
Sparkov,FOLLOWUP_SPARKOV_030,B_lexical,06710012-6567-4ddc-8a9c-4078f16fb8b4,completed,True,unavailable,model_drivers_missing,
Sparkov,FOLLOWUP_SPARKOV_022,B_lexical,0c14dc20-51c5-450f-94b0-a80b8c3aecb7,completed,True,unavailable,candidate_invalid_json,
Sparkov,FOLLOWUP_SPARKOV_025,C_dense,0f89a65b-2d93-40cc-83b0-12b6d7428dc1,suppressed,False,unavailable,not_generated,
Sparkov,FOLLOWUP_SPARKOV_025,C_lexical,127493d8-d65e-4800-a3a3-e674353e595b,suppressed,False,unavailable,not_generated,
Sparkov,FOLLOWUP_SPARKOV_030,A_direct,13785974-4055-43d2-97f4-04a18ed9eaca,completed,True,available,available,1.0
Sparkov,FOLLOWUP_SPARKOV_028,C_lexical,1388c780-8951-4f12-bd62-773a1d481cee,suppressed,False,unavailable,not_generated,
Sparkov,FOLLOWUP_SPARKOV_022,A_direct,142e2320-073d-46cc-ba27-547b06b0cefd,completed,True,unavailable,candidate_invalid_json,
Sparkov,FOLLOWUP_SPARKOV_027,A_direct,19a3bfbe-cedd-40c7-a534-4cec58fb4d56,completed,True,available,available,0.0
Sparkov,FOLLOWUP_SPARKOV_023,C_dense,1ed2fa0b-72c1-40fe-b4f7-55465d6bfaed,suppressed,False,unavailable,not_generated,
Sparkov,FOLLOWUP_SPARKOV_025,A_direct,2baaff0a-6077-49d7-8996-426346de3e25,completed,True,available,available,1.0
Sparkov,FOLLOWUP_SPARKOV_026,C_dense,31d609c3-2d46-4c4c-abe5-4fb3f2c06ab7,suppressed,False,unavailable,not_generated,
Sparkov,FOLLOWUP_SPARKOV_028,A_direct,39e4b762-a2cb-4683-afaf-7730968f46c9,completed,True,unavailable,candidate_invalid_json,
Sparkov,FOLLOWUP_SPARKOV_022,D_hybrid,3ae1e5be-e409-4517-bc51-69ebc06008dc,suppressed,False,unavailable,not_generated,
Sparkov,FOLLOWUP_SPARKOV_026,A_direct,3e78c8be-b725-4d92-9e45-54a95653fc7a,completed,True,unavailable,candidate_invalid_json,
Sparkov,FOLLOWUP_SPARKOV_024,B_lexical,46a697b0-e5b7-49bd-a839-4b40a65d2a6b,completed,True,available,available,0.0
Sparkov,FOLLOWUP_SPARKOV_026,C_lexical,491770cb-7bcf-44f4-915e-867e23fee6cc,suppressed,False,unavailable,not_generated,
Sparkov,FOLLOWUP_SPARKOV_023,B_dense,49236b8e-ca41-454e-874a-96bc9a4ab41e,completed,True,unavailable,candidate_invalid_json,
Sparkov,FOLLOWUP_SPARKOV_030,C_lexical,4dd64f0c-936b-417f-8a7b-189244a75b8d,suppressed,False,unavailable,not_generated,
Sparkov,FOLLOWUP_SPARKOV_026,D_hybrid,4f58e1ab-45dc-4027-8aa1-99b37c7849c4,suppressed,False,unavailable,not_generated,
Sparkov,FOLLOWUP_SPARKOV_027,C_dense,5387ff6a-a3d9-4a46-9038-fd9956068968,suppressed,False,unavailable,not_generated,
Sparkov,FOLLOWUP_SPARKOV_023,D_hybrid,59a77f82-ae2d-40e1-a12f-1b20e46baeb2,suppressed,False,unavailable,not_generated,
Sparkov,FOLLOWUP_SPARKOV_024,A_direct,6230ad2d-3c08-432f-96fa-91591a1223df,completed,True,unavailable,candidate_invalid_json,
Sparkov,FOLLOWUP_SPARKOV_026,B_dense,6a8f25e3-d88c-4df9-b98e-a3b844903250,completed,True,unavailable,candidate_invalid_json,
Sparkov,FOLLOWUP_SPARKOV_021,C_lexical,6ad51951-7e58-4f97-9670-262eeab8e7d3,suppressed,False,unavailable,not_generated,
Sparkov,FOLLOWUP_SPARKOV_025,D_hybrid,6fad27b8-3602-484c-bbec-e6a58fd92252,suppressed,False,unavailable,not_generated,
Sparkov,FOLLOWUP_SPARKOV_022,B_dense,70580f11-dddd-443e-800b-3354e87379d0,completed,True,unavailable,candidate_invalid_json,
Sparkov,FOLLOWUP_SPARKOV_027,B_lexical,7332da92-0ef8-4a67-b3ed-29deee14652c,completed,True,available,available,0.0
Sparkov,FOLLOWUP_SPARKOV_030,D_hybrid,74464799-7dd0-4919-8db5-cfa0b6ef6afa,suppressed,False,unavailable,not_generated,
Sparkov,FOLLOWUP_SPARKOV_029,B_lexical,75b55ecb-80dd-4bfd-9c2a-aab97db98d48,completed,True,available,available,1.0
Sparkov,FOLLOWUP_SPARKOV_024,B_dense,77ea20e9-eb41-4acd-ad3e-3771dae135c9,completed,True,unavailable,candidate_invalid_json,
Sparkov,FOLLOWUP_SPARKOV_023,C_lexical,7fcc9d27-ea34-47f8-a31a-fb6805f06148,suppressed,False,unavailable,not_generated,
Sparkov,FOLLOWUP_SPARKOV_024,C_lexical,8b9362b8-e185-4ccb-919f-f3a24691c4cb,suppressed,False,unavailable,not_generated,
Sparkov,FOLLOWUP_SPARKOV_030,C_dense,9357d2bc-ffbb-4db5-b9fc-d28a87b3d9d0,suppressed,False,unavailable,not_generated,
Sparkov,FOLLOWUP_SPARKOV_021,A_direct,980b72a1-e923-4553-823a-415b866c15cc,completed,True,available,available,0.0
Sparkov,FOLLOWUP_SPARKOV_027,C_lexical,9a0d59ff-4b78-4e6a-b493-b59b36bf3ddb,suppressed,False,unavailable,not_generated,
Sparkov,FOLLOWUP_SPARKOV_028,C_dense,9a203ded-225b-4e79-9e92-5ca86c769265,suppressed,False,unavailable,not_generated,
Sparkov,FOLLOWUP_SPARKOV_021,D_hybrid,9d594992-d0d4-4fc1-8cee-b86dbb7949a4,suppressed,False,unavailable,not_generated,
Sparkov,FOLLOWUP_SPARKOV_025,B_lexical,a3cfa140-52f5-4f52-a418-ab46465584c7,completed,True,available,available,1.0
Sparkov,FOLLOWUP_SPARKOV_021,C_dense,af6e80ba-bbfe-4195-8107-3ce41b958f92,suppressed,False,unavailable,not_generated,
Sparkov,FOLLOWUP_SPARKOV_029,C_dense,b31ce7f7-29c0-40e9-af84-b7e4bb310a61,suppressed,False,unavailable,not_generated,
Sparkov,FOLLOWUP_SPARKOV_023,B_lexical,b90e37ea-2dba-46e5-ad09-a84cd9146679,completed,True,available,available,0.0
Sparkov,FOLLOWUP_SPARKOV_029,B_dense,b96179fd-51ea-46ef-a6ea-f8075a619dd4,completed,True,available,available,0.0
Sparkov,FOLLOWUP_SPARKOV_022,C_dense,bb4e6796-55a9-4c7a-b604-025fdd6cb7c9,suppressed,False,unavailable,not_generated,
Sparkov,FOLLOWUP_SPARKOV_028,B_lexical,c15f9a9b-6b0e-44c9-9c6c-ed23fa396f26,completed,True,unavailable,candidate_invalid_json,
Sparkov,FOLLOWUP_SPARKOV_028,B_dense,c9450a43-3ac9-4247-8ce5-bdc8e95e663c,completed,True,unavailable,candidate_invalid_json,
Sparkov,FOLLOWUP_SPARKOV_029,C_lexical,ccaa68fd-592b-46ea-87bf-9866673bcf8d,suppressed,False,unavailable,not_generated,
Sparkov,FOLLOWUP_SPARKOV_026,B_lexical,d046ce19-71f6-4886-aa47-3b5fc3ef8691,completed,True,available,available,0.0
Sparkov,FOLLOWUP_SPARKOV_029,A_direct,d25a3d9e-7ba3-4d1f-88ce-0f74e4952999,completed,True,available,available,1.0
Sparkov,FOLLOWUP_SPARKOV_025,B_dense,d3eb459d-8f88-4b35-860d-f9536e20bb48,completed,True,available,available,0.0
Sparkov,FOLLOWUP_SPARKOV_027,D_hybrid,d5a3f7c9-6713-4796-a386-53642a7a1ead,suppressed,False,unavailable,not_generated,
Sparkov,FOLLOWUP_SPARKOV_023,A_direct,dabbe16b-8242-41ac-9ffa-5be333bce053,completed,True,available,available,1.0
Sparkov,FOLLOWUP_SPARKOV_029,D_hybrid,e3691db3-7f9d-47f8-98ae-f31ef7447c81,suppressed,False,unavailable,not_generated,
Sparkov,FOLLOWUP_SPARKOV_022,C_lexical,efaea3a6-63c8-4a5c-8f91-e13d7053b30f,suppressed,False,unavailable,not_generated,
Sparkov,FOLLOWUP_SPARKOV_024,C_dense,f61496ec-0825-488f-a4f8-6113aa9946f8,suppressed,False,unavailable,not_generated,
Sparkov,FOLLOWUP_SPARKOV_028,D_hybrid,fdec7f79-6eb2-42ab-85a8-df3be08f0d16,suppressed,False,unavailable,not_generated,
Sparkov,FOLLOWUP_SPARKOV_036,C_dense,0066733e-bf70-462e-80f2-b8d9c0a771f7,suppressed,False,unavailable,not_generated,
Sparkov,FOLLOWUP_SPARKOV_040,C_dense,0e92e6cb-0e5e-4bb2-a9e8-9929d8720086,suppressed,False,unavailable,not_generated,
Sparkov,FOLLOWUP_SPARKOV_034,A_direct,0e9f687b-f185-4dd1-8393-7e6f79ab5a0a,completed,True,available,available,1.0
Sparkov,FOLLOWUP_SPARKOV_033,C_lexical,12f4fee4-828d-421f-9b36-20c23813cd58,suppressed,False,unavailable,not_generated,
Sparkov,FOLLOWUP_SPARKOV_038,C_dense,17feb842-f8b9-4947-bf09-2a87ca3052ff,suppressed,False,unavailable,not_generated,
Sparkov,FOLLOWUP_SPARKOV_035,C_lexical,181b1f93-5195-432b-819a-038605a161db,suppressed,False,unavailable,not_generated,
Sparkov,FOLLOWUP_SPARKOV_033,D_hybrid,19e29ceb-64b9-486d-9656-f7e933181946,suppressed,False,unavailable,not_generated,
Sparkov,FOLLOWUP_SPARKOV_039,C_lexical,1eb6db2b-dc51-498b-bfc0-5c2835450265,suppressed,False,unavailable,not_generated,
Sparkov,FOLLOWUP_SPARKOV_034,C_lexical,2484227e-108e-40b5-a456-ff0e423930de,suppressed,False,unavailable,not_generated,
Sparkov,FOLLOWUP_SPARKOV_033,B_dense,2651b5c9-c536-4cb3-82df-246eeb23a242,completed,True,unavailable,candidate_invalid_json,
Sparkov,FOLLOWUP_SPARKOV_032,C_lexical,36d12904-0ae4-4ac5-896b-de83d4859ba7,suppressed,False,unavailable,not_generated,
Sparkov,FOLLOWUP_SPARKOV_034,D_hybrid,38b4468e-2287-4e0a-affe-ce0a1fbc2fbc,suppressed,False,unavailable,not_generated,
Sparkov,FOLLOWUP_SPARKOV_037,C_dense,39f48cd1-cb02-4701-89fa-7f2df3c6ae7f,suppressed,False,unavailable,not_generated,
Sparkov,FOLLOWUP_SPARKOV_034,C_dense,3fbfcf3f-a6ae-47f2-ac87-d34d380ecfbc,suppressed,False,unavailable,not_generated,
Sparkov,FOLLOWUP_SPARKOV_035,D_hybrid,4319bb80-9a19-4661-9822-3d817f4bd064,suppressed,False,unavailable,not_generated,
Sparkov,FOLLOWUP_SPARKOV_039,C_dense,4faf9bfd-0fda-401e-8e5f-60601d35733b,suppressed,False,unavailable,not_generated,
Sparkov,FOLLOWUP_SPARKOV_038,B_lexical,50637e3b-e7d9-4250-a0ca-372e9e52718b,completed,True,available,available,1.0
Sparkov,FOLLOWUP_SPARKOV_031,C_dense,567f591a-065d-4bf6-b10f-2e3a5176d3bd,suppressed,False,unavailable,not_generated,
Sparkov,FOLLOWUP_SPARKOV_035,B_dense,56af9ea8-e111-4294-a636-6d7f37eb382c,completed,True,unavailable,candidate_invalid_json,
Sparkov,FOLLOWUP_SPARKOV_037,B_dense,588940e0-2ad2-4589-8509-f11c21560070,completed,True,unavailable,candidate_invalid_json,
Sparkov,FOLLOWUP_SPARKOV_040,C_lexical,5e3b0caa-51e6-447f-8153-a5ea37f8d6c7,suppressed,False,unavailable,not_generated,
Sparkov,FOLLOWUP_SPARKOV_031,A_direct,606d411a-c058-40e2-83fc-18ba8083c692,completed,True,available,available,0.666667
Sparkov,FOLLOWUP_SPARKOV_040,B_dense,68e25792-567b-426f-9b9d-131c7c202f7f,completed,True,available,available,0.888889
Sparkov,FOLLOWUP_SPARKOV_036,D_hybrid,718f815e-853b-4291-8ce3-1d6bfea23c9f,suppressed,False,unavailable,not_generated,
Sparkov,FOLLOWUP_SPARKOV_035,A_direct,72553d30-d104-4ae4-85bd-6782656e63be,completed,True,available,available,1.0
Sparkov,FOLLOWUP_SPARKOV_031,C_lexical,740a49af-505d-484b-ba9d-35d6d9af98cb,suppressed,False,unavailable,not_generated,
Sparkov,FOLLOWUP_SPARKOV_032,C_dense,777e8ff0-ddf0-4048-97cf-78035d7f69fa,suppressed,False,unavailable,not_generated,
Sparkov,FOLLOWUP_SPARKOV_038,C_lexical,80c158d4-0dcc-4778-b37e-72a0ecfcc14b,suppressed,False,unavailable,not_generated,
Sparkov,FOLLOWUP_SPARKOV_040,D_hybrid,839fe23e-9959-4186-9ca0-9b6144c045dd,suppressed,False,unavailable,not_generated,
Sparkov,FOLLOWUP_SPARKOV_037,D_hybrid,8a616b34-91a3-40aa-a16b-8ca7d874f32f,suppressed,False,unavailable,not_generated,
Sparkov,FOLLOWUP_SPARKOV_033,A_direct,91edc32b-418b-4385-aa80-e42e934a815e,completed,True,available,available,0.0
Sparkov,FOLLOWUP_SPARKOV_034,B_dense,936c02f1-ee9e-4801-a46f-4479d57c83bf,completed,True,available,available,0.0
Sparkov,FOLLOWUP_SPARKOV_036,B_lexical,9438f9c8-b82d-4e0e-b070-81979333754c,completed,True,unavailable,candidate_invalid_json,
Sparkov,FOLLOWUP_SPARKOV_031,B_dense,9550cfcb-5f23-44fd-a8ea-0c40be7affc5,completed,True,available,available,0.0
Sparkov,FOLLOWUP_SPARKOV_035,C_dense,97b5cbee-bbf8-4ac8-8447-70179da75e11,suppressed,False,unavailable,not_generated,
Sparkov,FOLLOWUP_SPARKOV_037,B_lexical,97fae759-8dc5-4577-ab04-c01a13fea559,completed,True,available,available,0.0
Sparkov,FOLLOWUP_SPARKOV_031,B_lexical,9a67cf85-e3c7-459f-84b3-0e8be8a91401,completed,True,unavailable,candidate_invalid_json,
Sparkov,FOLLOWUP_SPARKOV_038,D_hybrid,9bb96c6c-8190-4414-9fcc-47213a2e68f5,suppressed,False,unavailable,not_generated,
Sparkov,FOLLOWUP_SPARKOV_034,B_lexical,9d0b7090-935e-4e2a-a42d-fa246deb391a,completed,True,available,available,0.0
Sparkov,FOLLOWUP_SPARKOV_033,C_dense,a00713fe-6447-46cc-aeb6-0385952bdaca,suppressed,False,unavailable,not_generated,
Sparkov,FOLLOWUP_SPARKOV_040,A_direct,a1452d1d-7554-4e85-a7b6-479c8752192e,completed,True,available,available,1.0
Sparkov,FOLLOWUP_SPARKOV_036,C_lexical,a1bcabfc-de21-4283-8bd1-72a7a35444c2,suppressed,False,unavailable,not_generated,
Sparkov,FOLLOWUP_SPARKOV_039,B_lexical,a1ebe2fa-4740-443c-96d8-60cfe5ba05fb,completed,True,available,available,0.0
Sparkov,FOLLOWUP_SPARKOV_033,B_lexical,a6ecec6f-50d1-41c7-b07d-0abf94b3b41e,completed,True,available,available,1.0
Sparkov,FOLLOWUP_SPARKOV_032,D_hybrid,a8e971ee-543c-42d2-aab7-b779e37e2b46,suppressed,False,unavailable,not_generated,
Sparkov,FOLLOWUP_SPARKOV_032,B_lexical,ae5f275f-af98-434d-9862-370ccb1e3b1c,completed,True,available,available,0.0
Sparkov,FOLLOWUP_SPARKOV_039,B_dense,bd9e0e27-b325-4d1d-afc8-0bfe85ed500c,completed,True,unavailable,candidate_invalid_json,
Sparkov,FOLLOWUP_SPARKOV_035,B_lexical,be124ac2-21b8-4cad-bed2-ccf86841acff,completed,True,unavailable,model_drivers_missing,
Sparkov,FOLLOWUP_SPARKOV_038,B_dense,c4f9a934-9c3b-4a97-8fe9-7dc243b7a631,completed,True,available,available,0.0
Sparkov,FOLLOWUP_SPARKOV_038,A_direct,cf9c72a4-6115-491f-adc7-4a05b658a706,completed,True,unavailable,candidate_invalid_json,
Sparkov,FOLLOWUP_SPARKOV_031,D_hybrid,d566ec5d-21bc-4d72-8e01-079cc59db06c,suppressed,False,unavailable,not_generated,
Sparkov,FOLLOWUP_SPARKOV_032,B_dense,df284cf7-864a-4df6-9726-41b699b29d95,completed,True,available,available,0.0
Sparkov,FOLLOWUP_SPARKOV_039,A_direct,e3c65ef2-5bf9-4dc5-8b83-50881a5911f6,completed,True,available,available,1.0
Sparkov,FOLLOWUP_SPARKOV_040,B_lexical,e927fc5d-a5e9-4c6c-ad09-b13ff6480b29,completed,True,available,available,0.0
Sparkov,FOLLOWUP_SPARKOV_036,A_direct,ea024399-2985-4ea8-8ba6-55e297747986,completed,True,unavailable,candidate_invalid_json,
Sparkov,FOLLOWUP_SPARKOV_037,C_lexical,eb05da08-9939-4b5a-9858-d81b028462c6,suppressed,False,unavailable,not_generated,
Sparkov,FOLLOWUP_SPARKOV_039,D_hybrid,f4cca382-9b59-4a1d-99ef-3b97f15c963b,suppressed,False,unavailable,not_generated,
Sparkov,FOLLOWUP_SPARKOV_037,A_direct,f6614393-189b-4c9d-99fa-f56d3f65e6bb,completed,True,unavailable,candidate_invalid_json,
Sparkov,FOLLOWUP_SPARKOV_032,A_direct,fd494323-392b-46ba-aeaf-6ffbedb78424,completed,True,unavailable,candidate_invalid_json,
Sparkov,FOLLOWUP_SPARKOV_036,B_dense,ff1bcfb3-6459-44ee-b94e-3194d09c4982,completed,True,available,available,0.0
Sparkov,FOLLOWUP_SPARKOV_050,D_hybrid,04924980-fa0e-47d7-a50c-399182036d85,suppressed,False,unavailable,not_generated,
Sparkov,FOLLOWUP_SPARKOV_043,C_lexical,159a4f59-b4af-4ade-af21-928bccc24735,suppressed,False,unavailable,not_generated,
Sparkov,FOLLOWUP_SPARKOV_047,A_direct,16b592d0-8d98-4891-9fe5-1e937dce0d04,completed,True,unavailable,candidate_invalid_json,
Sparkov,FOLLOWUP_SPARKOV_046,D_hybrid,1e648072-4e6a-460c-afb9-a0c020a09d1a,suppressed,False,unavailable,not_generated,
Sparkov,FOLLOWUP_SPARKOV_048,B_lexical,23020169-bcca-4dda-95b2-381196bb2ef1,completed,True,unavailable,candidate_invalid_json,
Sparkov,FOLLOWUP_SPARKOV_050,C_lexical,2499bb0c-4724-402b-ad20-68a4d04058eb,suppressed,False,unavailable,not_generated,
Sparkov,FOLLOWUP_SPARKOV_049,B_dense,263b857e-8213-4931-94be-ea1dd1c2a302,completed,True,available,available,0.0
Sparkov,FOLLOWUP_SPARKOV_041,D_hybrid,26432da4-8ddc-4417-a3df-e6d9a4ec39d9,suppressed,False,unavailable,not_generated,
Sparkov,FOLLOWUP_SPARKOV_044,C_dense,26f9510d-ed86-4f52-90f0-697ed20b7ba1,suppressed,False,unavailable,not_generated,
Sparkov,FOLLOWUP_SPARKOV_047,C_dense,2864fd41-53b1-4be5-928c-6b9e3d648f66,suppressed,False,unavailable,not_generated,
Sparkov,FOLLOWUP_SPARKOV_050,B_lexical,3332216a-908c-49d9-a0a5-e458d61cfa91,completed,True,unavailable,candidate_invalid_json,
Sparkov,FOLLOWUP_SPARKOV_044,A_direct,34d51556-2540-4efc-ba1f-fe42654ff4db,completed,True,unavailable,candidate_invalid_json,
Sparkov,FOLLOWUP_SPARKOV_049,C_dense,3c870308-254c-4a8d-a55a-00e174501985,suppressed,False,unavailable,not_generated,
Sparkov,FOLLOWUP_SPARKOV_046,C_lexical,466cf371-9c7c-40bb-a114-0cf4c4f39334,suppressed,False,unavailable,not_generated,
Sparkov,FOLLOWUP_SPARKOV_044,B_dense,46b8d109-4bbb-4a54-b602-550ea5509398,completed,True,available,available,0.0
Sparkov,FOLLOWUP_SPARKOV_045,A_direct,47072688-96b2-4a4d-8991-76741755e8be,completed,True,available,available,0.0
Sparkov,FOLLOWUP_SPARKOV_045,B_lexical,48469501-0767-4a63-aa69-03f58afcd717,completed,True,unavailable,candidate_invalid_json,
Sparkov,FOLLOWUP_SPARKOV_043,B_dense,4bd5cdb6-6174-4702-9740-137be9c4d345,completed,True,available,available,0.0
Sparkov,FOLLOWUP_SPARKOV_049,D_hybrid,4ea1ac54-7f24-493c-ad00-ad39a9aa04a0,suppressed,False,unavailable,not_generated,
Sparkov,FOLLOWUP_SPARKOV_046,A_direct,4fa4064f-90f4-414f-9197-ef54f7627f21,completed,True,unavailable,candidate_invalid_json,
Sparkov,FOLLOWUP_SPARKOV_049,B_lexical,5352f7f8-d7cc-4ec6-9867-513a3ce66e27,completed,True,available,available,0.0
Sparkov,FOLLOWUP_SPARKOV_049,A_direct,5673ec43-b9cb-4649-b45d-e004dff3e08d,completed,True,available,available,1.0
Sparkov,FOLLOWUP_SPARKOV_042,A_direct,59ec460d-c760-426b-97c2-f1990417f674,completed,True,available,available,1.0
Sparkov,FOLLOWUP_SPARKOV_046,C_dense,615cab4f-99f8-4399-9628-68a280370d40,suppressed,False,unavailable,not_generated,
Sparkov,FOLLOWUP_SPARKOV_049,C_lexical,62590395-a9f3-49cf-8a88-317181c5fc13,suppressed,False,unavailable,not_generated,
Sparkov,FOLLOWUP_SPARKOV_041,B_dense,6383bec5-44f8-434d-abfb-ec9b7f0ceb03,completed,True,available,available,0.0
Sparkov,FOLLOWUP_SPARKOV_045,C_dense,64b19574-47f9-4e9c-8c36-fe2ebe5667d9,suppressed,False,unavailable,not_generated,
Sparkov,FOLLOWUP_SPARKOV_045,D_hybrid,6bffc546-860d-4157-a203-6171c82d4acc,suppressed,False,unavailable,not_generated,
Sparkov,FOLLOWUP_SPARKOV_050,A_direct,6e53413d-9290-4fbd-9b67-471fe6379693,completed,True,unavailable,candidate_invalid_json,
Sparkov,FOLLOWUP_SPARKOV_041,C_lexical,70148209-f538-4d22-9fb8-25b4e421f089,suppressed,False,unavailable,not_generated,
Sparkov,FOLLOWUP_SPARKOV_050,B_dense,75237ad0-e395-411a-be5b-b2e5e47b3563,completed,True,available,available,0.0
Sparkov,FOLLOWUP_SPARKOV_041,A_direct,7ceedd58-0ff2-4d33-bad9-5ae10beb32b1,completed,True,available,available,1.0
Sparkov,FOLLOWUP_SPARKOV_047,C_lexical,7ef84458-0387-45d7-9373-4ae2fe502b05,suppressed,False,unavailable,not_generated,
Sparkov,FOLLOWUP_SPARKOV_041,C_dense,80111a31-c105-463b-a008-2ca5e9be25bd,suppressed,False,unavailable,not_generated,
Sparkov,FOLLOWUP_SPARKOV_044,C_lexical,821af148-862d-4af7-9a32-1c878f0ba644,suppressed,False,unavailable,not_generated,
Sparkov,FOLLOWUP_SPARKOV_042,D_hybrid,874d582e-5f2c-406a-a634-b5dbffbb1976,suppressed,False,unavailable,not_generated,
Sparkov,FOLLOWUP_SPARKOV_041,B_lexical,88b7ae20-4cac-43b8-86ff-ac23c2adf8bf,completed,True,available,available,1.0
Sparkov,FOLLOWUP_SPARKOV_048,D_hybrid,8baee9a7-5921-475b-9a76-ae1648cfa190,suppressed,False,unavailable,not_generated,
Sparkov,FOLLOWUP_SPARKOV_048,B_dense,8f4f1591-2299-4ca5-8ce5-52f9516ef667,completed,True,unavailable,candidate_invalid_json,
Sparkov,FOLLOWUP_SPARKOV_046,B_dense,93c5f226-8398-4d06-961e-43c6f37e30fd,completed,True,available,available,0.0
Sparkov,FOLLOWUP_SPARKOV_042,C_lexical,97062966-59f4-44e1-8fb7-e48001457e09,suppressed,False,unavailable,not_generated,
Sparkov,FOLLOWUP_SPARKOV_048,A_direct,98d7f31b-8622-4df0-a29c-0ec1c62fe354,completed,True,available,available,1.0
Sparkov,FOLLOWUP_SPARKOV_046,B_lexical,9d997439-11c9-43d6-9b2f-6cd7cf70e710,completed,True,available,available,0.0
Sparkov,FOLLOWUP_SPARKOV_043,D_hybrid,abc6117b-a78b-4f54-927f-ac381ca30954,suppressed,False,unavailable,not_generated,
Sparkov,FOLLOWUP_SPARKOV_044,D_hybrid,accf10c5-d586-4967-8df7-5bfd261faf17,suppressed,False,unavailable,not_generated,
Sparkov,FOLLOWUP_SPARKOV_042,B_dense,af240f85-ef14-4f22-8bf9-1f17a935dc85,completed,True,unavailable,candidate_invalid_json,
Sparkov,FOLLOWUP_SPARKOV_047,D_hybrid,b4eb895e-e283-4d6c-9150-ceda0ce3195f,suppressed,False,unavailable,not_generated,
Sparkov,FOLLOWUP_SPARKOV_043,C_dense,c54c764c-83cb-4d55-af27-b3f5b8f12771,suppressed,False,unavailable,not_generated,
Sparkov,FOLLOWUP_SPARKOV_043,B_lexical,c5f16012-d465-45bd-834c-226ab40012fa,completed,True,available,available,0.0
Sparkov,FOLLOWUP_SPARKOV_045,B_dense,d103adb1-9359-4513-81a9-57bb3f5cc154,completed,True,unavailable,candidate_invalid_json,
Sparkov,FOLLOWUP_SPARKOV_042,C_dense,d2596924-7d04-4e5a-bc7f-9689264ff4ef,suppressed,False,unavailable,not_generated,
Sparkov,FOLLOWUP_SPARKOV_042,B_lexical,d82a10db-6765-4532-acea-aeb46cfbcb3a,completed,True,available,available,0.0
Sparkov,FOLLOWUP_SPARKOV_045,C_lexical,dba709d6-177f-4690-81d0-04d83dd40bfc,suppressed,False,unavailable,not_generated,
Sparkov,FOLLOWUP_SPARKOV_047,B_dense,e226d5b3-05ee-4dbf-affd-e30744ecec03,completed,True,available,available,0.0
Sparkov,FOLLOWUP_SPARKOV_043,A_direct,e91e7271-16dd-44b2-aab3-c881f52c16df,completed,True,available,available,1.0
Sparkov,FOLLOWUP_SPARKOV_048,C_dense,eecbc272-57b7-40bf-987b-dcee75a207b0,suppressed,False,unavailable,not_generated,
Sparkov,FOLLOWUP_SPARKOV_044,B_lexical,efc4fdd9-a332-4c03-986e-ee90fc982ee1,completed,True,available,available,0.0
Sparkov,FOLLOWUP_SPARKOV_048,C_lexical,efd47917-81df-4771-a905-b109202810a2,suppressed,False,unavailable,not_generated,
Sparkov,FOLLOWUP_SPARKOV_050,C_dense,f252a06d-c44d-4972-b51b-ea2adb4a6566,suppressed,False,unavailable,not_generated,
Sparkov,FOLLOWUP_SPARKOV_047,B_lexical,fbed333b-d406-4423-b837-c3c4aab6d7a1,completed,True,unavailable,candidate_invalid_json,
Sparkov,FOLLOWUP_SPARKOV_057,C_lexical,032bb917-10fa-4b06-a465-4d5b7aa5edc0,suppressed,False,unavailable,not_generated,
Sparkov,FOLLOWUP_SPARKOV_051,C_dense,03a6dfe0-bbd9-47d7-b68f-cbd4268ca1dc,suppressed,False,unavailable,not_generated,
Sparkov,FOLLOWUP_SPARKOV_056,B_dense,05b9c1d4-600a-4783-9fc0-f07794c886e9,completed,True,unavailable,candidate_invalid_json,
Sparkov,FOLLOWUP_SPARKOV_058,A_direct,07c98864-a249-40fa-a2f0-7b635b8992d9,completed,True,available,available,1.0
Sparkov,FOLLOWUP_SPARKOV_055,D_hybrid,08a41096-50c6-4826-9aad-acad0ae4ebb1,suppressed,False,unavailable,not_generated,
Sparkov,FOLLOWUP_SPARKOV_053,C_dense,1161fd8e-e88d-4699-9448-7d8139bc5249,suppressed,False,unavailable,not_generated,
Sparkov,FOLLOWUP_SPARKOV_055,C_lexical,11e0bd33-20c6-4f4c-9179-1e926dfeb59d,suppressed,False,unavailable,not_generated,
Sparkov,FOLLOWUP_SPARKOV_052,B_dense,1c3868eb-a711-4523-8a7d-9bbd8b688414,completed,True,available,available,0.0
Sparkov,FOLLOWUP_SPARKOV_060,C_lexical,1c5211f1-c290-493f-aee5-246a5e1388d6,suppressed,False,unavailable,not_generated,
Sparkov,FOLLOWUP_SPARKOV_058,C_lexical,1ca915ed-0112-40be-92f1-fad2a0ded196,suppressed,False,unavailable,not_generated,
Sparkov,FOLLOWUP_SPARKOV_057,B_lexical,1ffffd7c-a631-405c-91b2-048df258574c,completed,True,unavailable,candidate_invalid_json,
Sparkov,FOLLOWUP_SPARKOV_052,A_direct,23bd1697-32f4-4172-85b9-e7475a9ec551,completed,True,unavailable,candidate_invalid_json,
Sparkov,FOLLOWUP_SPARKOV_054,B_lexical,25bafd73-bc3f-47ba-be56-0e792a078b0d,completed,True,available,available,1.0
Sparkov,FOLLOWUP_SPARKOV_058,B_lexical,2b6c3e5d-5323-4cc8-b140-198ed0f51b4f,completed,True,unavailable,candidate_invalid_json,
Sparkov,FOLLOWUP_SPARKOV_060,B_lexical,2f17770e-684b-4bf8-8c17-9d7504eb1e09,completed,True,available,available,1.0
Sparkov,FOLLOWUP_SPARKOV_058,B_dense,30a9e87b-cf97-421b-b8b3-7db8f83603b0,completed,True,unavailable,candidate_invalid_json,
Sparkov,FOLLOWUP_SPARKOV_052,D_hybrid,3443d06b-9635-4383-ae66-4d28df2da365,suppressed,False,unavailable,not_generated,
Sparkov,FOLLOWUP_SPARKOV_059,C_lexical,51a84d28-b0b9-4448-8d47-62afb0579514,suppressed,False,unavailable,not_generated,
Sparkov,FOLLOWUP_SPARKOV_059,B_lexical,5464daf6-b69d-438f-8f8e-656454a536f3,completed,True,available,available,1.0
Sparkov,FOLLOWUP_SPARKOV_055,B_dense,55114655-03af-4e92-9e22-2f0bab1ab9fa,completed,True,unavailable,candidate_invalid_json,
Sparkov,FOLLOWUP_SPARKOV_057,D_hybrid,5d15e901-b942-474a-a84c-f3972d527298,suppressed,False,unavailable,not_generated,
Sparkov,FOLLOWUP_SPARKOV_056,C_lexical,5da56acd-6e72-4f37-8c09-d2e784f0f443,suppressed,False,unavailable,not_generated,
Sparkov,FOLLOWUP_SPARKOV_058,D_hybrid,5f4658a7-378a-498a-bcab-7e3e31c78d60,suppressed,False,unavailable,not_generated,
Sparkov,FOLLOWUP_SPARKOV_060,D_hybrid,65603fb4-fb0c-487e-8504-8bc07d31b7f3,suppressed,False,unavailable,not_generated,
Sparkov,FOLLOWUP_SPARKOV_060,B_dense,6648f43c-efde-468d-96a9-2001425b0098,completed,True,available,available,0.0
Sparkov,FOLLOWUP_SPARKOV_053,C_lexical,6b865313-a8be-48b1-8273-368a64c9e59d,suppressed,False,unavailable,not_generated,
Sparkov,FOLLOWUP_SPARKOV_056,D_hybrid,6ee8d995-f336-4f42-8643-309af4bd9d51,suppressed,False,unavailable,not_generated,
Sparkov,FOLLOWUP_SPARKOV_056,B_lexical,792074c4-73be-4174-aa05-e1486dc8446a,completed,True,available,available,1.0
Sparkov,FOLLOWUP_SPARKOV_052,C_dense,8041a664-3b15-48a6-8d44-34884d95e523,suppressed,False,unavailable,not_generated,
Sparkov,FOLLOWUP_SPARKOV_052,C_lexical,8145522e-a11d-46b1-a415-81854b6e49a3,suppressed,False,unavailable,not_generated,
Sparkov,FOLLOWUP_SPARKOV_053,B_dense,89b2e90a-2e62-4c3b-b28c-aa37b181f995,completed,True,available,available,0.0
Sparkov,FOLLOWUP_SPARKOV_052,B_lexical,8b288e29-21e2-4f04-8ae8-ef1d8f223067,completed,True,available,available,1.0
Sparkov,FOLLOWUP_SPARKOV_055,A_direct,94846106-16f9-43f7-904f-86d94163e71e,completed,True,available,available,1.0
Sparkov,FOLLOWUP_SPARKOV_058,C_dense,9666196e-6fbc-4034-aaf8-8dc203a8371b,suppressed,False,unavailable,not_generated,
Sparkov,FOLLOWUP_SPARKOV_057,A_direct,969ca53a-4f72-41e6-9134-f5652f6f2d6d,completed,True,available,available,1.0
Sparkov,FOLLOWUP_SPARKOV_056,A_direct,9bdd39b6-1c45-42fe-8ad6-c8ca3e5fc8cf,completed,True,available,available,0.0
Sparkov,FOLLOWUP_SPARKOV_051,D_hybrid,a66e3171-3e33-44b0-a9cc-cabd980f1333,suppressed,False,unavailable,not_generated,
Sparkov,FOLLOWUP_SPARKOV_051,B_dense,a7b92781-59c2-46ad-aaa3-0bc7d778844f,completed,True,available,available,0.0
Sparkov,FOLLOWUP_SPARKOV_057,C_dense,ae28b09d-36e8-44b1-a6b7-12eb15454432,suppressed,False,unavailable,not_generated,
Sparkov,FOLLOWUP_SPARKOV_053,D_hybrid,aeb05e04-fa28-42a3-92e8-3712888f9f5c,suppressed,False,unavailable,not_generated,
Sparkov,FOLLOWUP_SPARKOV_054,C_dense,b4b3e463-85f2-42de-a516-4806624ca62d,suppressed,False,unavailable,not_generated,
Sparkov,FOLLOWUP_SPARKOV_053,B_lexical,bb738d82-d094-4e5e-9065-f0a64c3118fa,completed,True,available,available,1.0
Sparkov,FOLLOWUP_SPARKOV_053,A_direct,bf569843-9d0a-43ee-be26-56d218b361e6,completed,True,available,available,1.0
Sparkov,FOLLOWUP_SPARKOV_054,D_hybrid,c58258e2-96dd-4720-a88a-e1ed9b61f1a0,suppressed,False,unavailable,not_generated,
Sparkov,FOLLOWUP_SPARKOV_060,A_direct,c7da9cbe-ea41-4775-b64c-e6301830fe24,completed,True,available,available,1.0
Sparkov,FOLLOWUP_SPARKOV_055,C_dense,d7b2d082-db94-4db5-8eff-4b96b3525237,suppressed,False,unavailable,not_generated,
Sparkov,FOLLOWUP_SPARKOV_059,C_dense,db8b913b-263d-4742-8298-2f2d6146d424,suppressed,False,unavailable,not_generated,
Sparkov,FOLLOWUP_SPARKOV_051,C_lexical,dcf6c730-e28b-499e-a8ab-adcad875db95,suppressed,False,unavailable,not_generated,
Sparkov,FOLLOWUP_SPARKOV_060,C_dense,de0dbece-0ab2-4fde-b868-b7dc43c7f32e,suppressed,False,unavailable,not_generated,
Sparkov,FOLLOWUP_SPARKOV_054,C_lexical,e2fe0eaf-66df-49fb-977f-0ad7ae0ed848,suppressed,False,unavailable,not_generated,
Sparkov,FOLLOWUP_SPARKOV_055,B_lexical,e5380958-1128-4253-be86-c24e09f59594,completed,True,unavailable,candidate_invalid_json,
Sparkov,FOLLOWUP_SPARKOV_054,A_direct,e57c45d2-9324-4e5a-87a1-1c9fa5627b61,completed,True,unavailable,candidate_invalid_json,
Sparkov,FOLLOWUP_SPARKOV_056,C_dense,e6c2650c-ff6c-4391-9e3c-e4d813f41968,suppressed,False,unavailable,not_generated,
Sparkov,FOLLOWUP_SPARKOV_059,B_dense,e9bf0ad4-f968-4043-acab-6d6028be21b3,completed,True,available,available,0.0
Sparkov,FOLLOWUP_SPARKOV_051,B_lexical,ecc72fe9-494c-426c-8dc0-2401581d207b,completed,True,available,available,1.0
Sparkov,FOLLOWUP_SPARKOV_059,D_hybrid,ecca7088-0a39-418e-93b4-212871afea35,suppressed,False,unavailable,not_generated,
Sparkov,FOLLOWUP_SPARKOV_059,A_direct,efd366f2-aa9b-4782-a9ea-a40d0b59193b,completed,True,available,available,1.0
Sparkov,FOLLOWUP_SPARKOV_057,B_dense,f3c288a7-4bc3-4796-bf5a-000a567d96a5,completed,True,available,available,0.0
Sparkov,FOLLOWUP_SPARKOV_054,B_dense,f6824356-701e-4edb-9a07-af57f2044328,completed,True,available,available,0.0
Sparkov,FOLLOWUP_SPARKOV_051,A_direct,ff019714-e1d1-4dd9-bc95-95bc3df421d9,completed,True,available,available,1.0
Sparkov,FOLLOWUP_SPARKOV_061,D_hybrid,0b09ebb7-e9fa-4d39-aa1f-3b3ded1ed112,suppressed,False,unavailable,not_generated,
Sparkov,FOLLOWUP_SPARKOV_069,B_dense,1487e347-05cf-4611-8373-4ef70ca643bb,completed,True,available,available,0.0
Sparkov,FOLLOWUP_SPARKOV_064,C_dense,1719b8cd-418e-4f7a-b9e2-ed79483bbfe5,suppressed,False,unavailable,not_generated,
Sparkov,FOLLOWUP_SPARKOV_070,D_hybrid,1a655ae4-0bb3-4aba-969d-4203a63d29b4,suppressed,False,unavailable,not_generated,
Sparkov,FOLLOWUP_SPARKOV_062,C_lexical,1c38c34d-4ae0-4b10-891a-b8f179b26ea5,suppressed,False,unavailable,not_generated,
Sparkov,FOLLOWUP_SPARKOV_067,B_dense,254cb757-6b09-4200-b556-5e54ccc06fe9,completed,True,available,available,0.0
Sparkov,FOLLOWUP_SPARKOV_063,D_hybrid,2b7e2408-9cc2-4d0f-bfb4-c04bd7dff70b,suppressed,False,unavailable,not_generated,
Sparkov,FOLLOWUP_SPARKOV_064,B_lexical,315948bd-3b08-4c28-b17f-c8c30b629bf9,completed,True,unavailable,candidate_invalid_json,
Sparkov,FOLLOWUP_SPARKOV_066,B_dense,365d7a65-67ac-484f-a247-0454c7108edf,completed,True,unavailable,candidate_invalid_json,
Sparkov,FOLLOWUP_SPARKOV_065,C_dense,3702e2c0-30ac-43f1-8b15-2cfc994dd2b0,suppressed,False,unavailable,not_generated,
Sparkov,FOLLOWUP_SPARKOV_063,B_dense,3dfdf8fd-a765-4072-90ee-352cf17c1e2b,completed,True,available,available,0.0
Sparkov,FOLLOWUP_SPARKOV_068,B_dense,459436b3-02b6-4d24-8722-d06c5f1e6377,completed,True,available,available,0.0
Sparkov,FOLLOWUP_SPARKOV_069,B_lexical,470a8129-0082-4214-881d-cf2cbe06d15c,completed,True,available,available,1.0
Sparkov,FOLLOWUP_SPARKOV_066,B_lexical,4bad3ba1-9457-46cc-93fa-cea422365a6f,completed,True,available,available,0.0
Sparkov,FOLLOWUP_SPARKOV_067,A_direct,4dc7090c-e7c1-4a00-bcd3-90b730206d29,completed,True,available,available,0.0
Sparkov,FOLLOWUP_SPARKOV_068,C_lexical,4ede0ad5-b8c1-4ce1-bf62-aa45c941d0a8,suppressed,False,unavailable,not_generated,
Sparkov,FOLLOWUP_SPARKOV_062,A_direct,557e94f0-158d-43ea-8b6e-f1265bce1880,completed,True,available,available,1.0
Sparkov,FOLLOWUP_SPARKOV_069,C_dense,6256fdac-ee4d-4b59-a2d9-1c156806e4e2,suppressed,False,unavailable,not_generated,
Sparkov,FOLLOWUP_SPARKOV_062,C_dense,641f29cb-3d7d-4f73-8395-febdb4d20876,suppressed,False,unavailable,not_generated,
Sparkov,FOLLOWUP_SPARKOV_064,D_hybrid,69f2c761-4fe7-4ceb-a3f0-6f3500c315d9,suppressed,False,unavailable,not_generated,
Sparkov,FOLLOWUP_SPARKOV_061,B_lexical,6b48a86f-8992-45f3-b36e-cd34c0497627,completed,True,available,available,0.0
Sparkov,FOLLOWUP_SPARKOV_066,C_dense,6c51e2ad-6896-4c51-9219-536485cc9482,suppressed,False,unavailable,not_generated,
Sparkov,FOLLOWUP_SPARKOV_062,B_lexical,7310d7a4-3b27-44d8-972a-0bdab9f5ddde,completed,True,unavailable,candidate_invalid_json,
Sparkov,FOLLOWUP_SPARKOV_067,C_lexical,740a6bdd-6388-40bb-ba3c-fbb7f865ee74,suppressed,False,unavailable,not_generated,
Sparkov,FOLLOWUP_SPARKOV_067,B_lexical,799a7db7-585a-4d9a-b258-7130a1f385d8,completed,True,unavailable,candidate_invalid_json,
Sparkov,FOLLOWUP_SPARKOV_070,C_dense,79d0085b-6f34-4967-a912-70d4933173d8,suppressed,False,unavailable,not_generated,
Sparkov,FOLLOWUP_SPARKOV_069,C_lexical,87a8bc67-d370-469b-b9a8-762ea6f5432b,suppressed,False,unavailable,not_generated,
Sparkov,FOLLOWUP_SPARKOV_068,D_hybrid,899c74cb-697d-4fba-866e-c4e295ee71bd,suppressed,False,unavailable,not_generated,
Sparkov,FOLLOWUP_SPARKOV_063,B_lexical,91fc8351-cbe6-43a3-93fa-e332691be127,completed,True,available,available,0.0
Sparkov,FOLLOWUP_SPARKOV_068,C_dense,93bc26a7-012a-4b2f-b798-a50b75a42c60,suppressed,False,unavailable,not_generated,
Sparkov,FOLLOWUP_SPARKOV_061,B_dense,98e60d25-9581-4f5a-afd5-2b632d8098e6,completed,True,unavailable,candidate_invalid_json,
Sparkov,FOLLOWUP_SPARKOV_066,D_hybrid,9d7ee775-42e5-4ae7-a721-a845b98e114c,suppressed,False,unavailable,not_generated,
Sparkov,FOLLOWUP_SPARKOV_065,B_dense,a34c9ace-8b33-48a6-b74e-948628db25d6,completed,True,available,available,0.0
Sparkov,FOLLOWUP_SPARKOV_070,B_lexical,a516393d-e9e5-4303-b476-cec0e0ba0683,completed,True,unavailable,candidate_invalid_json,
Sparkov,FOLLOWUP_SPARKOV_067,D_hybrid,a57f8292-f477-4386-9ada-a31b87954446,suppressed,False,unavailable,not_generated,
Sparkov,FOLLOWUP_SPARKOV_067,C_dense,a58a0adf-3f08-4856-9790-12b72ee0cf49,suppressed,False,unavailable,not_generated,
Sparkov,FOLLOWUP_SPARKOV_065,B_lexical,aa916dd4-8d71-4b75-98f4-4c062396106a,completed,True,available,available,1.0
Sparkov,FOLLOWUP_SPARKOV_070,A_direct,af7d22dc-697e-4940-9db4-c87205c93a7e,completed,True,available,available,1.0
Sparkov,FOLLOWUP_SPARKOV_063,C_lexical,b2195779-bb75-481f-88b4-07d6ec8330f0,suppressed,False,unavailable,not_generated,
Sparkov,FOLLOWUP_SPARKOV_061,C_lexical,b2d13d89-ce16-499d-8777-33915958dfe7,suppressed,False,unavailable,not_generated,
Sparkov,FOLLOWUP_SPARKOV_061,A_direct,b8ebc53d-ebd9-4f7d-be46-0ef111c3d62d,completed,True,available,available,1.0
Sparkov,FOLLOWUP_SPARKOV_069,A_direct,bc6bcb76-7b37-44e3-ada6-afdbe7fd605d,completed,True,available,available,1.0
Sparkov,FOLLOWUP_SPARKOV_065,C_lexical,bf93788a-6fa9-4d0e-8eff-c69e4e9bb964,suppressed,False,unavailable,not_generated,
Sparkov,FOLLOWUP_SPARKOV_070,B_dense,c5884ca5-119d-4fc4-a44a-b2c55372c79f,completed,True,available,available,1.0
Sparkov,FOLLOWUP_SPARKOV_068,A_direct,c6c74778-b2b5-470a-873b-afc3a74a43d0,completed,True,unavailable,candidate_invalid_json,
Sparkov,FOLLOWUP_SPARKOV_064,A_direct,cc981568-4d9e-47e6-8d2f-9d31c38e60ca,completed,True,available,available,1.0
Sparkov,FOLLOWUP_SPARKOV_064,B_dense,cefb8c1e-761e-4476-9afc-3007103b3ebd,completed,True,unavailable,candidate_invalid_json,
Sparkov,FOLLOWUP_SPARKOV_064,C_lexical,d778f464-385b-4cb5-9e0a-037ca8dbbd6f,suppressed,False,unavailable,not_generated,
Sparkov,FOLLOWUP_SPARKOV_065,A_direct,dbdde755-23ee-4ed3-8c7b-e89e9c3bbce2,completed,True,available,available,1.0
Sparkov,FOLLOWUP_SPARKOV_066,A_direct,dcc6b88e-3711-4101-b947-e0972bcecfd0,completed,True,available,available,0.0
Sparkov,FOLLOWUP_SPARKOV_061,C_dense,de364115-0990-4cae-8dd7-1779665a2065,suppressed,False,unavailable,not_generated,
Sparkov,FOLLOWUP_SPARKOV_070,C_lexical,e9c02b55-1f1f-4814-bcc6-0de36f5c5729,suppressed,False,unavailable,not_generated,
Sparkov,FOLLOWUP_SPARKOV_066,C_lexical,ea5f564f-0743-4dcd-9194-faabca816c16,suppressed,False,unavailable,not_generated,
Sparkov,FOLLOWUP_SPARKOV_063,A_direct,ed3372dc-db2d-4b66-a113-f9cd58fa5ca8,completed,True,available,available,1.0
Sparkov,FOLLOWUP_SPARKOV_068,B_lexical,eeb42703-f048-4a80-811a-62057b38e8fa,completed,True,unavailable,candidate_invalid_json,
Sparkov,FOLLOWUP_SPARKOV_062,B_dense,eec890e5-b778-4019-bc13-83483df13968,completed,True,available,available,0.0
Sparkov,FOLLOWUP_SPARKOV_069,D_hybrid,f372a3df-bd9d-4e44-9a37-cdb43c417ecd,suppressed,False,unavailable,not_generated,
Sparkov,FOLLOWUP_SPARKOV_063,C_dense,fbb49ada-a4d7-4001-a858-87f04ec87db9,suppressed,False,unavailable,not_generated,
Sparkov,FOLLOWUP_SPARKOV_065,D_hybrid,fbfd4a0a-ff44-43b1-b2c3-689e6c9c93ce,suppressed,False,unavailable,not_generated,
Sparkov,FOLLOWUP_SPARKOV_062,D_hybrid,fde7c9ad-6ed4-446e-a6c9-250e90c074c9,suppressed,False,unavailable,not_generated,
Sparkov,FOLLOWUP_SPARKOV_071,A_direct,011e4dae-7f60-427e-9fce-1001a9bd1f26,completed,True,available,available,1.0
Sparkov,FOLLOWUP_SPARKOV_080,C_dense,03abad35-b958-4d40-a20b-956a93d62e66,suppressed,False,unavailable,not_generated,
Sparkov,FOLLOWUP_SPARKOV_077,B_lexical,04093e61-3f6e-4b18-a1d4-dd444a577427,completed,True,unavailable,candidate_invalid_json,
Sparkov,FOLLOWUP_SPARKOV_073,C_lexical,05055b17-a174-437b-b25a-38d53b58a15a,suppressed,False,unavailable,not_generated,
Sparkov,FOLLOWUP_SPARKOV_076,C_lexical,06d83986-9e08-494c-b49d-76a33979f55e,suppressed,False,unavailable,not_generated,
Sparkov,FOLLOWUP_SPARKOV_076,B_lexical,08dce4d5-4b65-42ab-9fae-dd5c53aeb36b,completed,True,unavailable,candidate_invalid_json,
Sparkov,FOLLOWUP_SPARKOV_079,C_lexical,0be96c2e-76e2-4048-bff2-868a0f8c2bec,suppressed,False,unavailable,not_generated,
Sparkov,FOLLOWUP_SPARKOV_079,D_hybrid,0bf1e7b6-6933-43ae-9588-7d5763af108c,suppressed,False,unavailable,not_generated,
Sparkov,FOLLOWUP_SPARKOV_074,C_lexical,0df77c21-0f14-40ec-9453-37bc27f4d1ff,suppressed,False,unavailable,not_generated,
Sparkov,FOLLOWUP_SPARKOV_074,B_dense,0ea33891-4664-4176-a67d-7311ecff91b1,completed,True,available,available,0.0
Sparkov,FOLLOWUP_SPARKOV_079,B_lexical,1048dc22-3721-40cb-a188-67353e408346,completed,True,available,available,0.0
Sparkov,FOLLOWUP_SPARKOV_073,D_hybrid,132a8e2a-6597-4a59-bde9-9f3e84f9ccb4,suppressed,False,unavailable,not_generated,
Sparkov,FOLLOWUP_SPARKOV_075,B_lexical,158859a9-3cf9-4771-9961-2152852b1134,completed,True,available,available,1.0
Sparkov,FOLLOWUP_SPARKOV_080,B_dense,240fcd65-cba7-4c8c-ad24-13b7df895759,completed,True,available,available,0.0
Sparkov,FOLLOWUP_SPARKOV_075,D_hybrid,3a956b56-280f-4c73-8433-4b3446471a37,suppressed,False,unavailable,not_generated,
Sparkov,FOLLOWUP_SPARKOV_076,A_direct,4468bc17-8706-457e-8ee4-7d061c212f46,completed,True,available,available,0.0
Sparkov,FOLLOWUP_SPARKOV_072,C_lexical,4d0336a1-b8d4-42c2-8622-e2db9af0576a,suppressed,False,unavailable,not_generated,
Sparkov,FOLLOWUP_SPARKOV_076,B_dense,563fa492-ae95-4a98-9cc3-3fb296e7deec,completed,True,available,available,0.0
Sparkov,FOLLOWUP_SPARKOV_077,C_lexical,58ffd328-1a71-41cf-ad0d-2eb8ab5e5eb4,suppressed,False,unavailable,not_generated,
Sparkov,FOLLOWUP_SPARKOV_072,D_hybrid,60b60df5-66d7-4623-bb39-0ae591440e5c,suppressed,False,unavailable,not_generated,
Sparkov,FOLLOWUP_SPARKOV_073,C_dense,68c05595-7f02-48fe-a93e-74c82472b330,suppressed,False,unavailable,not_generated,
Sparkov,FOLLOWUP_SPARKOV_079,B_dense,6ace65e1-2f92-4e16-924d-c640c9e72147,completed,True,available,available,0.0
Sparkov,FOLLOWUP_SPARKOV_076,D_hybrid,6b3dd8e0-6464-4fc7-bac2-918dd5a6b7b1,suppressed,False,unavailable,not_generated,
Sparkov,FOLLOWUP_SPARKOV_079,A_direct,6cd62a01-7416-4e67-b8ed-84c4f61885fc,completed,True,available,available,1.0
Sparkov,FOLLOWUP_SPARKOV_080,D_hybrid,7fa03505-e210-4822-9400-fbd22bcf015b,suppressed,False,unavailable,not_generated,
Sparkov,FOLLOWUP_SPARKOV_078,A_direct,857d3e02-8680-4960-a64a-8df513cca378,completed,True,unavailable,candidate_invalid_json,
Sparkov,FOLLOWUP_SPARKOV_075,C_dense,86e4ad1e-77c2-4c1a-bf22-c83f1d36f71e,suppressed,False,unavailable,not_generated,
Sparkov,FOLLOWUP_SPARKOV_071,C_dense,88c11aa7-6963-4f9f-b63e-8a09f94d31f2,suppressed,False,unavailable,not_generated,
Sparkov,FOLLOWUP_SPARKOV_076,C_dense,8e3a7580-cd04-4143-9a60-6000d5fba537,suppressed,False,unavailable,not_generated,
Sparkov,FOLLOWUP_SPARKOV_075,B_dense,92f296ab-db84-4543-b071-2f5d04f9b3b5,completed,True,available,available,0.8
Sparkov,FOLLOWUP_SPARKOV_077,B_dense,9c4e0d74-226f-4999-8e7d-139ab12ea2d0,completed,True,available,available,0.0
Sparkov,FOLLOWUP_SPARKOV_079,C_dense,a5bc1976-cf85-45c7-ada0-03ac73300c97,suppressed,False,unavailable,not_generated,
Sparkov,FOLLOWUP_SPARKOV_077,C_dense,a68dcfaa-e533-4688-add0-b72b3b4cc50d,suppressed,False,unavailable,not_generated,
Sparkov,FOLLOWUP_SPARKOV_072,B_lexical,a8fe9514-2e41-484d-a063-b2c7bc54fb19,completed,True,available,available,0.0
Sparkov,FOLLOWUP_SPARKOV_078,D_hybrid,ad483ae9-e0ef-4dac-8777-681882e64985,suppressed,False,unavailable,not_generated,
Sparkov,FOLLOWUP_SPARKOV_080,B_lexical,af65a668-bdc8-41e9-b966-848210ac4133,completed,True,available,available,0.0
Sparkov,FOLLOWUP_SPARKOV_074,D_hybrid,b2c6b645-892f-4c1c-b8f0-e856287e676e,suppressed,False,unavailable,not_generated,
Sparkov,FOLLOWUP_SPARKOV_073,A_direct,bb97e737-033d-4122-9a86-3ad39f8262fd,completed,True,available,available,1.0
Sparkov,FOLLOWUP_SPARKOV_078,B_dense,be380395-af63-47d3-9737-a5e3982ab4c7,completed,True,unavailable,candidate_invalid_json,
Sparkov,FOLLOWUP_SPARKOV_071,D_hybrid,c6c98b7b-f683-40da-bcd5-82ecc2dcc9f7,suppressed,False,unavailable,not_generated,
Sparkov,FOLLOWUP_SPARKOV_072,B_dense,d03128b9-77ce-4813-8b92-cdc11b7d2030,completed,True,available,available,0.0
Sparkov,FOLLOWUP_SPARKOV_077,A_direct,d3dbcc59-5b92-40df-a6e8-532dd232f24e,completed,True,available,available,0.0
Sparkov,FOLLOWUP_SPARKOV_078,C_dense,d4cde32d-568b-440d-b4c3-688215ffc72e,suppressed,False,unavailable,not_generated,
Sparkov,FOLLOWUP_SPARKOV_074,B_lexical,dd3a0d9e-acaf-418c-ac62-ff16547d8cb7,completed,True,unavailable,candidate_invalid_json,
Sparkov,FOLLOWUP_SPARKOV_071,C_lexical,dd9f6f4c-2975-4768-8d5e-f9b63b685917,suppressed,False,unavailable,not_generated,
Sparkov,FOLLOWUP_SPARKOV_074,A_direct,e125fcbf-b090-4a9b-8400-3431426852c6,completed,True,unavailable,candidate_invalid_json,
Sparkov,FOLLOWUP_SPARKOV_080,A_direct,e1cfba5c-efd0-4128-9224-233c313c2e3a,completed,True,available,available,1.0
Sparkov,FOLLOWUP_SPARKOV_075,A_direct,e411d0cb-d3e1-4016-8b58-775921fc84d9,completed,True,available,available,1.0
Sparkov,FOLLOWUP_SPARKOV_072,C_dense,ea6a417c-de71-4325-bd9d-f26293f7527a,suppressed,False,unavailable,not_generated,
Sparkov,FOLLOWUP_SPARKOV_073,B_lexical,ee622464-b698-4080-ab33-a0303b1d0839,completed,True,available,available,0.0
Sparkov,FOLLOWUP_SPARKOV_071,B_dense,f006c7db-172b-4141-a54f-3e452c5410b2,completed,True,available,available,0.0
Sparkov,FOLLOWUP_SPARKOV_074,C_dense,f01bb624-05b9-481c-952c-000e2c08f245,suppressed,False,unavailable,not_generated,
Sparkov,FOLLOWUP_SPARKOV_073,B_dense,f772ee0f-80df-438f-b65f-b3b50530b46a,completed,True,available,available,0.0
Sparkov,FOLLOWUP_SPARKOV_078,C_lexical,f8e9d1a4-1eab-4c85-b62a-ca2b12da96d5,suppressed,False,unavailable,not_generated,
Sparkov,FOLLOWUP_SPARKOV_078,B_lexical,f963a0f0-b18b-4025-bcd6-712ae9d540ac,completed,True,unavailable,candidate_invalid_json,
Sparkov,FOLLOWUP_SPARKOV_077,D_hybrid,fa75fd40-9b8c-42d5-94a4-236d427ff6e4,suppressed,False,unavailable,not_generated,
Sparkov,FOLLOWUP_SPARKOV_075,C_lexical,fbf598dc-704c-400d-a83a-ba7060b68f24,suppressed,False,unavailable,not_generated,
Sparkov,FOLLOWUP_SPARKOV_072,A_direct,fc0f02bf-3438-4214-9a4e-d35eaed36042,completed,True,unavailable,candidate_invalid_json,
Sparkov,FOLLOWUP_SPARKOV_080,C_lexical,fda24043-a0e8-4ee5-bd1c-15d68d3d1c99,suppressed,False,unavailable,not_generated,
Sparkov,FOLLOWUP_SPARKOV_071,B_lexical,fe743483-789e-4817-bfc7-f857e6788be0,completed,True,available,available,1.0
Sparkov,FOLLOWUP_SPARKOV_084,B_lexical,0568b9c4-6cd7-420e-a2c9-c03687b88238,completed,True,available,available,0.0
Sparkov,FOLLOWUP_SPARKOV_087,D_hybrid,07e27141-e68f-4db9-b5e1-0ca0541ebf7a,suppressed,False,unavailable,not_generated,
Sparkov,FOLLOWUP_SPARKOV_083,B_dense,08a0d1be-715c-49ce-ad4a-0fef76fe2640,completed,True,available,available,0.0
Sparkov,FOLLOWUP_SPARKOV_089,D_hybrid,0e461ef8-22b9-43a9-87cd-2d9341488ff2,suppressed,False,unavailable,not_generated,
Sparkov,FOLLOWUP_SPARKOV_085,C_dense,10d9a8ac-1466-4c92-8458-797037bbd105,suppressed,False,unavailable,not_generated,
Sparkov,FOLLOWUP_SPARKOV_089,C_dense,1100b5c6-0526-401c-a3b0-742a57176747,suppressed,False,unavailable,not_generated,
Sparkov,FOLLOWUP_SPARKOV_090,D_hybrid,14a597b0-044f-433e-9220-445893dea100,suppressed,False,unavailable,not_generated,
Sparkov,FOLLOWUP_SPARKOV_086,C_dense,17c5b35f-05ce-49dd-b697-952697d3299b,suppressed,False,unavailable,not_generated,
Sparkov,FOLLOWUP_SPARKOV_087,C_dense,19830390-6ef5-462e-8fb0-363f2519e73b,suppressed,False,unavailable,not_generated,
Sparkov,FOLLOWUP_SPARKOV_088,A_direct,1cdf77de-9f51-4d8e-bb9a-2f1154361968,completed,True,unavailable,candidate_invalid_json,
Sparkov,FOLLOWUP_SPARKOV_090,C_dense,1e81057a-af0d-4552-86c3-d02e6ded5c53,suppressed,False,unavailable,not_generated,
Sparkov,FOLLOWUP_SPARKOV_089,A_direct,21486371-b077-4728-9bba-682cd87ca565,completed,True,available,available,1.0
Sparkov,FOLLOWUP_SPARKOV_089,B_dense,2c0be75d-c83d-46ea-ae44-5df5ae4d6f98,completed,True,available,available,0.0
Sparkov,FOLLOWUP_SPARKOV_081,C_lexical,2c867a2a-49f5-4886-9041-8a1844bce8ba,suppressed,False,unavailable,not_generated,
Sparkov,FOLLOWUP_SPARKOV_087,A_direct,2d888776-7d9b-4896-b090-f38d6cbc8b06,completed,True,unavailable,candidate_invalid_json,
Sparkov,FOLLOWUP_SPARKOV_085,D_hybrid,316a2fe1-38c5-42a3-a000-e21a46ac7625,suppressed,False,unavailable,not_generated,
Sparkov,FOLLOWUP_SPARKOV_085,A_direct,416165e6-606c-468e-a287-253920c9cdad,completed,True,unavailable,candidate_invalid_json,
Sparkov,FOLLOWUP_SPARKOV_081,A_direct,47bb3b19-a554-4992-97bb-540193493396,completed,True,available,available,1.0
Sparkov,FOLLOWUP_SPARKOV_088,B_dense,4c27485e-9f0d-4172-9e3a-dfe33e959a08,completed,True,available,available,0.0
Sparkov,FOLLOWUP_SPARKOV_084,A_direct,5aa90516-ad69-47b4-bee1-447c178d0ceb,completed,True,unavailable,candidate_invalid_json,
Sparkov,FOLLOWUP_SPARKOV_084,C_dense,7a8924d8-fd31-4e36-8fd8-ff93806b9bf7,suppressed,False,unavailable,not_generated,
Sparkov,FOLLOWUP_SPARKOV_084,C_lexical,7c36c60b-6a93-4f79-aa43-b5b5fde3b0c1,suppressed,False,unavailable,not_generated,
Sparkov,FOLLOWUP_SPARKOV_082,D_hybrid,800bdfca-98d7-44fe-ad22-7ff103308030,suppressed,False,unavailable,not_generated,
Sparkov,FOLLOWUP_SPARKOV_085,C_lexical,8143bfe1-b624-4057-94a4-8b8ad9d6cdff,suppressed,False,unavailable,not_generated,
Sparkov,FOLLOWUP_SPARKOV_086,A_direct,853160e5-1ab1-4051-9077-3b8ed884fc06,completed,True,available,available,1.0
Sparkov,FOLLOWUP_SPARKOV_088,B_lexical,8672bca0-b874-42c9-a360-ef863fde962c,completed,True,unavailable,candidate_invalid_json,
Sparkov,FOLLOWUP_SPARKOV_083,C_lexical,8bb88d0f-674f-4980-8445-7861af128e39,suppressed,False,unavailable,not_generated,
Sparkov,FOLLOWUP_SPARKOV_084,D_hybrid,8d1dcdbf-cd8d-454e-823a-9c5fba478792,suppressed,False,unavailable,not_generated,
Sparkov,FOLLOWUP_SPARKOV_083,C_dense,92b9d0f2-c64b-4b03-9b84-a5079380947e,suppressed,False,unavailable,not_generated,
Sparkov,FOLLOWUP_SPARKOV_090,B_lexical,94f5d0bf-fdcd-42fb-bc34-d2fa24e88d7c,completed,True,unavailable,candidate_invalid_json,
Sparkov,FOLLOWUP_SPARKOV_083,A_direct,a35178a4-a526-4587-8cfb-d485c3050408,completed,True,available,available,1.0
Sparkov,FOLLOWUP_SPARKOV_086,B_dense,a9f4395a-5032-4a33-aa80-a763232ebbe5,completed,True,unavailable,candidate_invalid_json,
Sparkov,FOLLOWUP_SPARKOV_082,B_dense,abbf017a-eb5e-4af8-8de2-3bd9b511f72f,completed,True,available,available,0.0
Sparkov,FOLLOWUP_SPARKOV_090,C_lexical,acc9bfb8-8ae5-4316-b1a6-5b68b838c128,suppressed,False,unavailable,not_generated,
Sparkov,FOLLOWUP_SPARKOV_083,B_lexical,b58c41cb-a138-404a-861e-88e2e17d6b81,completed,True,unavailable,candidate_invalid_json,
Sparkov,FOLLOWUP_SPARKOV_089,C_lexical,c10a7181-fff5-44d3-8c22-c4e9cb2841ba,suppressed,False,unavailable,not_generated,
Sparkov,FOLLOWUP_SPARKOV_086,B_lexical,ca012975-d1df-4d01-8c41-20939492dd34,completed,True,available,available,1.0
Sparkov,FOLLOWUP_SPARKOV_088,D_hybrid,cbe5173b-1cb6-4779-b59a-79962700593a,suppressed,False,unavailable,not_generated,
Sparkov,FOLLOWUP_SPARKOV_087,C_lexical,d144adec-8892-4201-9814-d6c8e7d54280,suppressed,False,unavailable,not_generated,
Sparkov,FOLLOWUP_SPARKOV_086,C_lexical,d306d204-12f5-4c5b-a08e-984aab842881,suppressed,False,unavailable,not_generated,
Sparkov,FOLLOWUP_SPARKOV_085,B_dense,d6e80cf2-eebc-4712-9fee-c1a8e6b39379,completed,True,available,available,0.0
Sparkov,FOLLOWUP_SPARKOV_082,B_lexical,d75c27bd-cc97-4e9b-9066-3f83e609766c,completed,True,unavailable,candidate_invalid_json,
Sparkov,FOLLOWUP_SPARKOV_082,C_dense,d9394224-a103-45b0-ad5a-27a547b5b2e8,suppressed,False,unavailable,not_generated,
Sparkov,FOLLOWUP_SPARKOV_086,D_hybrid,dd9d913d-f56b-459e-a33b-63bffc484210,suppressed,False,unavailable,not_generated,
Sparkov,FOLLOWUP_SPARKOV_090,A_direct,e0b2a753-4424-4a66-a98e-5af70d8832c8,completed,True,available,available,1.0
Sparkov,FOLLOWUP_SPARKOV_087,B_lexical,e29e6590-0845-4373-ba7b-bf89c7947545,completed,True,available,available,1.0
Sparkov,FOLLOWUP_SPARKOV_087,B_dense,e42927b4-424c-40fd-bf0e-0ca3f349d9bf,completed,True,unavailable,candidate_invalid_json,
Sparkov,FOLLOWUP_SPARKOV_084,B_dense,e48494ec-359f-43d5-8b54-7594343de96c,completed,True,available,available,0.0
Sparkov,FOLLOWUP_SPARKOV_082,A_direct,e711cfff-5adf-4943-83a8-cd5746368128,completed,True,unavailable,candidate_invalid_json,
Sparkov,FOLLOWUP_SPARKOV_082,C_lexical,eb303129-9019-4c9c-9e0f-d4183e72b55b,suppressed,False,unavailable,not_generated,
Sparkov,FOLLOWUP_SPARKOV_090,B_dense,eb50bdcb-9fe8-4581-8c18-f5c48c10aeca,completed,True,available,available,0.0
Sparkov,FOLLOWUP_SPARKOV_081,D_hybrid,eeaed0cf-25c5-4359-aa2f-518f672561a8,suppressed,False,unavailable,not_generated,
Sparkov,FOLLOWUP_SPARKOV_085,B_lexical,ef4146a4-b4be-4f7a-914f-533e5667d9f8,completed,True,unavailable,candidate_invalid_json,
Sparkov,FOLLOWUP_SPARKOV_081,C_dense,ef455f02-eb98-4d64-8af8-e23ee2622e53,suppressed,False,unavailable,not_generated,
Sparkov,FOLLOWUP_SPARKOV_081,B_dense,f15b36fa-2d5f-435d-b154-bcc15a7ecbfd,completed,True,unavailable,candidate_invalid_json,
Sparkov,FOLLOWUP_SPARKOV_081,B_lexical,f1d32df9-d20f-4469-87d5-d5e7a83640e9,completed,True,available,available,0.0
Sparkov,FOLLOWUP_SPARKOV_088,C_lexical,f44d513e-a0e9-4edf-8b4f-99a32d2cfa44,suppressed,False,unavailable,not_generated,
Sparkov,FOLLOWUP_SPARKOV_089,B_lexical,f5e16682-91eb-4ed0-aa6a-4401304f925c,completed,True,unavailable,candidate_invalid_json,
Sparkov,FOLLOWUP_SPARKOV_083,D_hybrid,f906b6fd-5bff-438d-943e-29c0cc8e875c,suppressed,False,unavailable,not_generated,
Sparkov,FOLLOWUP_SPARKOV_088,C_dense,fd0037bd-8e2f-49f0-90a9-5ff173c81420,suppressed,False,unavailable,not_generated,
Sparkov,FOLLOWUP_SPARKOV_092,B_lexical,06fa51a1-e08c-4ecb-a7b3-154ce0ed0bbe,completed,True,available,available,0.0
Sparkov,FOLLOWUP_SPARKOV_098,C_lexical,09bea5a3-4799-4fcb-81eb-b26041489a29,suppressed,False,unavailable,not_generated,
Sparkov,FOLLOWUP_SPARKOV_092,D_hybrid,156d7dee-8596-4c9e-8a19-3789d7408bef,suppressed,False,unavailable,not_generated,
Sparkov,FOLLOWUP_SPARKOV_099,B_dense,1827e1d6-5be8-4d9b-b51a-2433e55b4bca,completed,True,available,available,0.0
Sparkov,FOLLOWUP_SPARKOV_094,B_dense,1b3e192c-fccf-48af-9110-48171218f8a3,completed,True,unavailable,candidate_invalid_json,
Sparkov,FOLLOWUP_SPARKOV_096,A_direct,31b6db93-16ae-47c4-89b3-ef6d8a55a544,completed,True,available,available,0.0
Sparkov,FOLLOWUP_SPARKOV_096,C_lexical,31e1872b-f907-415a-852e-a64a7fe81c92,suppressed,False,unavailable,not_generated,
Sparkov,FOLLOWUP_SPARKOV_100,C_lexical,3a96f52a-74e8-4d32-a769-ad9629e7c9f1,suppressed,False,unavailable,not_generated,
Sparkov,FOLLOWUP_SPARKOV_094,B_lexical,4190a1f2-62d4-48f4-a1b1-0de95ee10e66,completed,True,available,available,0.0
Sparkov,FOLLOWUP_SPARKOV_095,B_dense,42f0a5f4-d25e-41f6-b8d7-a331ee4cbde2,completed,True,unavailable,candidate_invalid_json,
Sparkov,FOLLOWUP_SPARKOV_095,B_lexical,4708423d-7bda-4efe-819c-f92474702b11,completed,True,unavailable,candidate_invalid_json,
Sparkov,FOLLOWUP_SPARKOV_096,D_hybrid,50288f9d-cd4f-43ed-98f8-c51a73efefe4,suppressed,False,unavailable,not_generated,
Sparkov,FOLLOWUP_SPARKOV_093,C_lexical,5ed272bc-ccbc-4776-9412-01698f0bb110,suppressed,False,unavailable,not_generated,
Sparkov,FOLLOWUP_SPARKOV_098,B_lexical,66799a6b-6e72-43f5-946e-f9cd9e246361,completed,True,available,available,1.0
Sparkov,FOLLOWUP_SPARKOV_097,B_dense,677b140a-23f7-431b-86e0-349fd3dd2782,completed,True,available,available,0.0
Sparkov,FOLLOWUP_SPARKOV_091,B_dense,6ae08246-fb70-430e-89cb-21d9ef0ade55,completed,True,available,available,0.0
Sparkov,FOLLOWUP_SPARKOV_097,D_hybrid,6c2543b4-1822-4cbb-b523-2f9108dea2ed,suppressed,False,unavailable,not_generated,
Sparkov,FOLLOWUP_SPARKOV_093,D_hybrid,6d1dbeaf-9e02-4146-882f-0e0045b8c052,suppressed,False,unavailable,not_generated,
Sparkov,FOLLOWUP_SPARKOV_091,A_direct,6ddedf2f-bfb5-4a4d-9121-eaa23ea5f971,completed,True,available,available,1.0
Sparkov,FOLLOWUP_SPARKOV_092,C_dense,6f58c4c4-f0b4-4343-9beb-c5ca4085b91a,suppressed,False,unavailable,not_generated,
Sparkov,FOLLOWUP_SPARKOV_095,C_dense,70030f37-3e6b-43ff-a840-f0af8ee42dfd,suppressed,False,unavailable,not_generated,
Sparkov,FOLLOWUP_SPARKOV_098,B_dense,734744f9-c607-436d-800a-3ca6b0edb9e9,completed,True,available,available,0.0
Sparkov,FOLLOWUP_SPARKOV_098,A_direct,7783ca39-2ce1-4c72-b60a-ea4b947fb84b,completed,True,unavailable,candidate_invalid_json,
Sparkov,FOLLOWUP_SPARKOV_096,C_dense,787b69ea-c945-4b1d-98be-150310e93006,suppressed,False,unavailable,not_generated,
Sparkov,FOLLOWUP_SPARKOV_093,B_dense,7a65b35c-d694-491f-96d6-e38564cc77d0,completed,True,unavailable,candidate_invalid_json,
Sparkov,FOLLOWUP_SPARKOV_099,D_hybrid,7b97ed89-d56e-4178-b445-383a9b7af61f,suppressed,False,unavailable,not_generated,
Sparkov,FOLLOWUP_SPARKOV_094,D_hybrid,8027c3ae-e835-45f1-a8fa-f98940c465fa,suppressed,False,unavailable,not_generated,
Sparkov,FOLLOWUP_SPARKOV_092,A_direct,89f75bed-642b-4a50-8a6e-c9f5af0a466a,completed,True,available,available,1.0
Sparkov,FOLLOWUP_SPARKOV_091,B_lexical,90ce57d2-c33e-4128-a617-596369fb6fd9,completed,True,unavailable,candidate_invalid_json,
Sparkov,FOLLOWUP_SPARKOV_097,B_lexical,91078d77-b0b6-451c-98e5-77de68b5d5b8,completed,True,available,available,0.0
Sparkov,FOLLOWUP_SPARKOV_093,A_direct,928778ce-b89d-4033-9769-7311607cdd96,completed,True,available,available,1.0
Sparkov,FOLLOWUP_SPARKOV_094,C_dense,96766516-1405-482f-be0f-5a114c58c376,suppressed,False,unavailable,not_generated,
Sparkov,FOLLOWUP_SPARKOV_099,A_direct,9e737ac1-8c21-4428-8968-7b96cd6bab7e,completed,True,available,available,1.0
Sparkov,FOLLOWUP_SPARKOV_094,A_direct,9f65f7a9-a8ca-4b3a-aa87-7698702447c0,completed,True,available,available,0.0
Sparkov,FOLLOWUP_SPARKOV_091,C_lexical,a10296ad-7476-4db4-96a2-45c490169c92,suppressed,False,unavailable,not_generated,
Sparkov,FOLLOWUP_SPARKOV_097,C_dense,a741c856-67a7-49e8-a51e-85fde2b6e921,suppressed,False,unavailable,not_generated,
Sparkov,FOLLOWUP_SPARKOV_098,D_hybrid,a978c065-ae41-4e5d-a80f-3d8de23f22a3,suppressed,False,unavailable,not_generated,
Sparkov,FOLLOWUP_SPARKOV_095,A_direct,ac8b2fdc-0f22-407b-87d3-7f4aed83a78c,completed,True,available,available,1.0
Sparkov,FOLLOWUP_SPARKOV_095,D_hybrid,ad302b22-8f93-4c61-b9ec-c95b72e4b491,suppressed,False,unavailable,not_generated,
Sparkov,FOLLOWUP_SPARKOV_100,B_lexical,b3ad57c0-a78f-4832-9ce0-fb119a1ad7c9,completed,True,available,available,0.0
Sparkov,FOLLOWUP_SPARKOV_100,C_dense,b7e66c73-1c93-4d34-a7f3-ee657088d22f,suppressed,False,unavailable,not_generated,
Sparkov,FOLLOWUP_SPARKOV_094,C_lexical,bd305421-85f3-413b-9e34-955c60add4a8,suppressed,False,unavailable,not_generated,
Sparkov,FOLLOWUP_SPARKOV_100,D_hybrid,c012dc61-4e2a-427a-9d4c-d4ac717bd9b4,suppressed,False,unavailable,not_generated,
Sparkov,FOLLOWUP_SPARKOV_100,A_direct,c01c94c5-4842-406d-b8c9-ef8a11aeee21,completed,True,available,available,0.0
Sparkov,FOLLOWUP_SPARKOV_096,B_dense,c3c6c79c-0c61-46f2-88ff-d9c3238c8560,completed,True,available,available,0.0
Sparkov,FOLLOWUP_SPARKOV_096,B_lexical,cc76455a-9b44-46f2-be6d-8b1d58a228b2,completed,True,available,available,0.0
Sparkov,FOLLOWUP_SPARKOV_097,C_lexical,ccf799b4-520f-40d1-98cd-a7db2df8e130,suppressed,False,unavailable,not_generated,
Sparkov,FOLLOWUP_SPARKOV_099,C_lexical,ced1ebe6-620e-4068-bf80-67cd6686553f,suppressed,False,unavailable,not_generated,
Sparkov,FOLLOWUP_SPARKOV_097,A_direct,cf1d76f8-769a-459e-8ea9-447282254ddd,completed,True,available,available,0.0
Sparkov,FOLLOWUP_SPARKOV_091,C_dense,d36c05e2-785f-456a-a54f-538bc8c2949e,suppressed,False,unavailable,not_generated,
Sparkov,FOLLOWUP_SPARKOV_091,D_hybrid,d593864c-fb06-4955-9562-82772a30a49b,suppressed,False,unavailable,not_generated,
Sparkov,FOLLOWUP_SPARKOV_093,C_dense,dd335433-899c-456b-b344-574c38b90b86,suppressed,False,unavailable,not_generated,
Sparkov,FOLLOWUP_SPARKOV_100,B_dense,e0028f01-6536-4ec2-9ba4-6eeb6c9bef7a,completed,True,available,available,0.0
Sparkov,FOLLOWUP_SPARKOV_093,B_lexical,e0ed9c7e-09c3-4388-bcf3-bd999db338f9,completed,True,available,available,0.0
Sparkov,FOLLOWUP_SPARKOV_098,C_dense,e1170c54-e508-4a10-9b0e-000d9a2a9148,suppressed,False,unavailable,not_generated,
Sparkov,FOLLOWUP_SPARKOV_099,C_dense,e1b721c4-8aa4-43c9-9fec-3f6d29c28dc9,suppressed,False,unavailable,not_generated,
Sparkov,FOLLOWUP_SPARKOV_095,C_lexical,e5f205ba-41c3-4405-847b-ea94f06b6335,suppressed,False,unavailable,not_generated,
Sparkov,FOLLOWUP_SPARKOV_099,B_lexical,e65bbe4d-03dd-4a9f-a12c-5f3fc0c14102,completed,True,available,available,0.0
Sparkov,FOLLOWUP_SPARKOV_092,B_dense,eab2c59e-e9b0-4246-907e-e0cafc6c6e29,completed,True,available,available,0.0
Sparkov,FOLLOWUP_SPARKOV_092,C_lexical,f2ec67c5-de39-4a2e-ab1e-92cd4b2122a7,suppressed,False,unavailable,not_generated,
Sparkov,FOLLOWUP_SPARKOV_102,A_direct,00778097-05b4-4990-9dbb-46800fa7a49e,completed,True,available,available,1.0
Sparkov,FOLLOWUP_SPARKOV_102,C_dense,01f4d5d0-bad3-43fe-b3a1-695bb6b6fdaf,suppressed,False,unavailable,not_generated,
Sparkov,FOLLOWUP_SPARKOV_108,B_lexical,091d86e5-5f3e-4121-9214-94925066248f,completed,True,unavailable,candidate_invalid_json,
Sparkov,FOLLOWUP_SPARKOV_108,A_direct,0b9b08c3-5115-4bec-991e-9b66088d15d1,completed,True,unavailable,candidate_invalid_json,
Sparkov,FOLLOWUP_SPARKOV_107,D_hybrid,19cd0c73-7135-475d-bd5f-774c2fb42166,suppressed,False,unavailable,not_generated,
Sparkov,FOLLOWUP_SPARKOV_104,A_direct,20ad155d-5e1f-4912-a251-e3de1979752f,completed,True,unavailable,candidate_invalid_json,
Sparkov,FOLLOWUP_SPARKOV_104,C_dense,2110dccd-071f-42d2-a4a8-e5f5ea4750b5,suppressed,False,unavailable,not_generated,
Sparkov,FOLLOWUP_SPARKOV_107,B_lexical,225e98f9-e9ab-4f86-8cd3-481d15082f24,completed,True,available,available,0.0
Sparkov,FOLLOWUP_SPARKOV_103,B_dense,2522ae75-3399-431c-97e9-9ece3b337e7d,completed,True,available,available,0.0
Sparkov,FOLLOWUP_SPARKOV_106,B_dense,25336ed7-1072-4300-8f85-ecc071b18bc0,completed,True,available,available,0.0
Sparkov,FOLLOWUP_SPARKOV_103,A_direct,2a62b65d-a0c5-44e5-ba3f-619a9d33395b,completed,True,available,available,1.0
Sparkov,FOLLOWUP_SPARKOV_106,A_direct,2a9edc1f-a127-41af-94d7-e88f9888f7c3,completed,True,unavailable,candidate_invalid_json,
Sparkov,FOLLOWUP_SPARKOV_110,B_lexical,2bc2260e-1810-424e-b856-2682c431c1f1,completed,True,available,available,0.0
Sparkov,FOLLOWUP_SPARKOV_106,C_lexical,2f930331-acb0-43cb-8865-48accfc255b2,suppressed,False,unavailable,not_generated,
Sparkov,FOLLOWUP_SPARKOV_108,C_lexical,349e9858-bbca-4097-9b57-35c6f895789d,suppressed,False,unavailable,not_generated,
Sparkov,FOLLOWUP_SPARKOV_101,B_dense,39da95b1-b211-4d4f-bd14-f1b799a63eaf,completed,True,available,available,0.0
Sparkov,FOLLOWUP_SPARKOV_106,C_dense,45b57c93-9b0f-4ad5-beec-c4f21ae03557,suppressed,False,unavailable,not_generated,
Sparkov,FOLLOWUP_SPARKOV_102,C_lexical,4daa924e-bdc7-45a2-9f62-cd6344468d95,suppressed,False,unavailable,not_generated,
Sparkov,FOLLOWUP_SPARKOV_105,C_dense,502dcd6f-fd13-4749-89fe-e2a4a354d903,suppressed,False,unavailable,not_generated,
Sparkov,FOLLOWUP_SPARKOV_103,C_lexical,50d1122d-2085-4c98-aa68-4325a74a51c8,suppressed,False,unavailable,not_generated,
Sparkov,FOLLOWUP_SPARKOV_110,C_dense,5d50c039-c733-4ffe-b4b9-c46a68ab2de4,suppressed,False,unavailable,not_generated,
Sparkov,FOLLOWUP_SPARKOV_102,D_hybrid,619e274e-c0ca-4717-ba0d-84ceb15b041e,suppressed,False,unavailable,not_generated,
Sparkov,FOLLOWUP_SPARKOV_108,B_dense,71da7f23-7bed-4bb3-ba2a-c1e673c02210,completed,True,unavailable,candidate_invalid_json,
Sparkov,FOLLOWUP_SPARKOV_108,D_hybrid,73bf1e09-c759-4f5a-a5e6-e00d1e348e3e,suppressed,False,unavailable,not_generated,
Sparkov,FOLLOWUP_SPARKOV_104,B_dense,7766a704-8d7e-45d8-88ec-bc90316a04f2,completed,True,available,available,0.0
Sparkov,FOLLOWUP_SPARKOV_104,D_hybrid,78ade7e9-cd54-4bdb-8855-1a726e2d4509,suppressed,False,unavailable,not_generated,
Sparkov,FOLLOWUP_SPARKOV_109,C_lexical,797ec629-23cd-4d89-ad4f-56ae5ed091db,suppressed,False,unavailable,not_generated,
Sparkov,FOLLOWUP_SPARKOV_106,B_lexical,7e1458a2-4c34-466e-816f-119b313a2582,completed,True,available,available,0.0
Sparkov,FOLLOWUP_SPARKOV_105,B_lexical,859d7190-c1d7-4e3e-8d52-d788a1f45c33,completed,True,available,available,0.0
Sparkov,FOLLOWUP_SPARKOV_101,C_dense,8aa0b8e4-5343-4837-8b3a-620e37c67db3,suppressed,False,unavailable,not_generated,
Sparkov,FOLLOWUP_SPARKOV_103,C_dense,8ed7b8a2-4fe0-4982-bf55-3844c518ffef,suppressed,False,unavailable,not_generated,
Sparkov,FOLLOWUP_SPARKOV_103,B_lexical,8fa65fb0-5817-4700-9111-473f989d63c6,completed,True,available,available,0.0
Sparkov,FOLLOWUP_SPARKOV_105,C_lexical,981cd67f-5514-46be-a465-4ce9fa3c0edb,suppressed,False,unavailable,not_generated,
Sparkov,FOLLOWUP_SPARKOV_109,B_dense,9b839548-fc7a-4543-885a-69bf9cdd8a8c,completed,True,available,available,0.0
Sparkov,FOLLOWUP_SPARKOV_109,D_hybrid,9cc940cb-4f20-477b-9f37-fdf6a39de0d5,suppressed,False,unavailable,not_generated,
Sparkov,FOLLOWUP_SPARKOV_109,A_direct,9fd701e5-28c1-44c5-83a2-ea07ca490f9f,completed,True,available,available,1.0
Sparkov,FOLLOWUP_SPARKOV_101,B_lexical,a2b822b7-f9e6-4b9f-acec-f07fdcf9c96d,completed,True,available,available,0.0
Sparkov,FOLLOWUP_SPARKOV_105,B_dense,a36abab0-d1f5-4d4c-a25f-4df6ab428faa,completed,True,available,available,0.0
Sparkov,FOLLOWUP_SPARKOV_105,A_direct,a5784b10-9149-4819-b88c-dcab490a0887,completed,True,available,available,0.909091
Sparkov,FOLLOWUP_SPARKOV_106,D_hybrid,a8cf8d93-d787-47d3-a9e6-205adc924462,suppressed,False,unavailable,not_generated,
Sparkov,FOLLOWUP_SPARKOV_104,C_lexical,aa686512-d661-474b-8f7b-8f1b81db2902,suppressed,False,unavailable,not_generated,
Sparkov,FOLLOWUP_SPARKOV_109,C_dense,ad1b5d1f-aa80-4130-986f-887c7b95647d,suppressed,False,unavailable,not_generated,
Sparkov,FOLLOWUP_SPARKOV_101,A_direct,b3002fd7-8106-4eb5-9e08-d7742428616d,completed,True,available,available,0.0
Sparkov,FOLLOWUP_SPARKOV_104,B_lexical,b47d9c15-fa96-4a47-91f1-bf3eaf4aad26,completed,True,unavailable,candidate_invalid_json,
Sparkov,FOLLOWUP_SPARKOV_109,B_lexical,b742e435-b56f-4f2b-93d9-a8ab112dd7b4,completed,True,available,available,1.0
Sparkov,FOLLOWUP_SPARKOV_101,C_lexical,bd4742d1-e7c6-4799-a970-231752f7d453,suppressed,False,unavailable,not_generated,
Sparkov,FOLLOWUP_SPARKOV_110,A_direct,bd773131-26aa-4c11-a329-c7233c877d91,completed,True,available,available,1.0
Sparkov,FOLLOWUP_SPARKOV_107,A_direct,c0c5681d-4595-4a90-bac4-da34143247c2,completed,True,available,available,1.0
Sparkov,FOLLOWUP_SPARKOV_105,D_hybrid,c3c7602d-c5b6-4ae4-930e-430e8a194c9e,suppressed,False,unavailable,not_generated,
Sparkov,FOLLOWUP_SPARKOV_107,C_lexical,cc55438c-05f2-4069-9245-9f212f2df876,suppressed,False,unavailable,not_generated,
Sparkov,FOLLOWUP_SPARKOV_103,D_hybrid,d30187d5-d20d-4556-9971-68e8cb3912a4,suppressed,False,unavailable,not_generated,
Sparkov,FOLLOWUP_SPARKOV_102,B_dense,d4bfb4d6-7799-4d11-9a55-b223597c96d2,completed,True,unavailable,candidate_invalid_json,
Sparkov,FOLLOWUP_SPARKOV_101,D_hybrid,d76878ed-58e6-4de7-9efd-e3ac1873757b,suppressed,False,unavailable,not_generated,
Sparkov,FOLLOWUP_SPARKOV_107,C_dense,dbfacbfb-c9e9-4dd1-8142-8d47d1e605d1,suppressed,False,unavailable,not_generated,
Sparkov,FOLLOWUP_SPARKOV_110,D_hybrid,e25a5829-b20b-4e22-ae38-4781ce3af7ea,suppressed,False,unavailable,not_generated,
Sparkov,FOLLOWUP_SPARKOV_110,B_dense,e5cc2a8b-109b-47cd-9c65-d8dd8ad676d3,completed,True,available,available,0.0
Sparkov,FOLLOWUP_SPARKOV_107,B_dense,e7d09db8-512c-426c-817e-5f94aad96479,completed,True,available,available,0.0
Sparkov,FOLLOWUP_SPARKOV_102,B_lexical,ec5ab142-1848-4437-b5ff-dc638fbf94d2,completed,True,unavailable,candidate_invalid_json,
Sparkov,FOLLOWUP_SPARKOV_108,C_dense,f1e415ff-ca98-4770-8488-2085f0716341,suppressed,False,unavailable,not_generated,
Sparkov,FOLLOWUP_SPARKOV_110,C_lexical,f5331a59-9e07-4712-9dbe-abce13546ee1,suppressed,False,unavailable,not_generated,
Sparkov,FOLLOWUP_SPARKOV_115,B_dense,020b53dd-0531-476b-aeb3-1ff6b8fcd3d4,completed,True,available,available,0.0
Sparkov,FOLLOWUP_SPARKOV_116,B_dense,021d2277-7d89-49f0-86bb-56458545c0fb,completed,True,available,available,0.0
Sparkov,FOLLOWUP_SPARKOV_113,B_lexical,03353348-ea82-44e3-9384-a82728f9e1e7,completed,True,available,available,1.0
Sparkov,FOLLOWUP_SPARKOV_116,B_lexical,05662a88-504f-46aa-8aa8-448c8a55db40,completed,True,unavailable,candidate_invalid_json,
Sparkov,FOLLOWUP_SPARKOV_120,D_hybrid,06cc6f4a-1ad5-49f8-b5ee-8a8a28cd2f84,suppressed,False,unavailable,not_generated,
Sparkov,FOLLOWUP_SPARKOV_111,C_dense,0b87ed20-3d93-40f5-9b98-581542aa0b24,suppressed,False,unavailable,not_generated,
Sparkov,FOLLOWUP_SPARKOV_111,B_dense,0c43c5aa-6f31-45c7-b1ab-2c3fa7ff8110,completed,True,available,available,0.0
Sparkov,FOLLOWUP_SPARKOV_112,A_direct,180764a3-bced-442a-840f-c1744ddcc7fa,completed,True,unavailable,candidate_invalid_json,
Sparkov,FOLLOWUP_SPARKOV_117,B_lexical,1c7b6da3-d9be-4cb8-bb3c-1b31bebb0663,completed,True,available,available,0.0
Sparkov,FOLLOWUP_SPARKOV_114,B_lexical,1e5fe7b8-2abb-48a6-a6b5-539d7fd1b55f,completed,True,available,available,0.0
Sparkov,FOLLOWUP_SPARKOV_118,C_lexical,219903aa-819c-4061-b509-f1fcf12e4414,suppressed,False,unavailable,not_generated,
Sparkov,FOLLOWUP_SPARKOV_112,C_lexical,2454c18e-bcbc-4be3-9cdd-b50508a87005,suppressed,False,unavailable,not_generated,
Sparkov,FOLLOWUP_SPARKOV_114,B_dense,25968551-4ed2-4013-b8dd-27b74feccb94,completed,True,available,available,0.0
Sparkov,FOLLOWUP_SPARKOV_116,C_dense,2860f7ec-29e5-437b-a8ea-2c9eaf45ac30,suppressed,False,unavailable,not_generated,
Sparkov,FOLLOWUP_SPARKOV_112,C_dense,2897aba8-4645-4ac1-bcae-bbf5718a7122,suppressed,False,unavailable,not_generated,
Sparkov,FOLLOWUP_SPARKOV_115,B_lexical,2a0ec8a2-8137-42d0-964a-57397effb93b,completed,True,unavailable,candidate_invalid_json,
Sparkov,FOLLOWUP_SPARKOV_114,C_lexical,2ebab73d-449c-48a5-8fc6-92b6c9c2ebda,suppressed,False,unavailable,not_generated,
Sparkov,FOLLOWUP_SPARKOV_120,C_lexical,31a3ae11-94b3-4b5f-b48d-af56fb634351,suppressed,False,unavailable,not_generated,
Sparkov,FOLLOWUP_SPARKOV_119,C_dense,34f9487b-cba3-4876-b4f6-db7538a20e14,suppressed,False,unavailable,not_generated,
Sparkov,FOLLOWUP_SPARKOV_118,C_dense,350a1a7f-43b6-4680-9899-48208062176e,suppressed,False,unavailable,not_generated,
Sparkov,FOLLOWUP_SPARKOV_119,C_lexical,36d54f07-3a8c-4334-9310-8f2fe240f1e3,suppressed,False,unavailable,not_generated,
Sparkov,FOLLOWUP_SPARKOV_112,B_dense,41cfd182-98b5-49ea-917a-53a61ad354d1,completed,True,unavailable,candidate_invalid_json,
Sparkov,FOLLOWUP_SPARKOV_120,A_direct,43f9b223-d50e-4837-9659-674b0bb2c40b,completed,True,unavailable,candidate_invalid_json,
Sparkov,FOLLOWUP_SPARKOV_115,C_dense,44d21408-9022-4cb6-80a5-34e1359199ed,suppressed,False,unavailable,not_generated,
Sparkov,FOLLOWUP_SPARKOV_113,B_dense,4b7ad5c6-06e5-462f-bffe-7e2b4af42272,completed,True,available,available,0.0
Sparkov,FOLLOWUP_SPARKOV_119,B_lexical,505eb1ea-3d4c-4d26-a90e-5e4b1b89ad77,completed,True,unavailable,candidate_invalid_json,
Sparkov,FOLLOWUP_SPARKOV_114,D_hybrid,519a22df-bfe4-405b-bae5-77b28bcbe943,suppressed,False,unavailable,not_generated,
Sparkov,FOLLOWUP_SPARKOV_111,D_hybrid,51bbfbb5-3a22-4cc7-bc90-21655bc2e5b8,suppressed,False,unavailable,not_generated,
Sparkov,FOLLOWUP_SPARKOV_114,C_dense,545ceefa-4ebf-49bc-b549-b9b4ad638047,suppressed,False,unavailable,not_generated,
Sparkov,FOLLOWUP_SPARKOV_117,D_hybrid,5b662e62-5b53-45ab-8fef-37ae00ae9e90,suppressed,False,unavailable,not_generated,
Sparkov,FOLLOWUP_SPARKOV_113,C_dense,61b63811-5bb6-4003-8365-a68e094879ae,suppressed,False,unavailable,not_generated,
Sparkov,FOLLOWUP_SPARKOV_114,A_direct,63712453-6b3e-4e73-85e5-c97c4d0d654e,completed,True,unavailable,candidate_invalid_json,
Sparkov,FOLLOWUP_SPARKOV_115,A_direct,63a3204a-fb38-497b-b323-881bbc1da643,completed,True,available,available,1.0
Sparkov,FOLLOWUP_SPARKOV_111,C_lexical,6922d757-8813-42e1-8cda-700c82bd6499,suppressed,False,unavailable,not_generated,
Sparkov,FOLLOWUP_SPARKOV_116,A_direct,6bd87dea-0c0f-468f-a381-126c21dc8bef,completed,True,unavailable,candidate_invalid_json,
Sparkov,FOLLOWUP_SPARKOV_117,A_direct,7017e60a-ae24-4972-8a5f-e1ea9e20e249,completed,True,available,available,1.0
Sparkov,FOLLOWUP_SPARKOV_112,D_hybrid,70b95b5f-b80f-489f-862a-1c20ce9e7ce2,suppressed,False,unavailable,not_generated,
Sparkov,FOLLOWUP_SPARKOV_113,A_direct,71f8c791-fe78-4d0c-8b72-3b691742405f,completed,True,available,available,1.0
Sparkov,FOLLOWUP_SPARKOV_119,D_hybrid,77272892-c7f9-4072-8665-8346895a1c6f,suppressed,False,unavailable,not_generated,
Sparkov,FOLLOWUP_SPARKOV_117,C_lexical,81d3dea3-55de-411a-8554-8e8e9a01cc9c,suppressed,False,unavailable,not_generated,
Sparkov,FOLLOWUP_SPARKOV_116,D_hybrid,8ea5173c-3265-4f87-8b78-77dfca3ea07e,suppressed,False,unavailable,not_generated,
Sparkov,FOLLOWUP_SPARKOV_111,A_direct,9a272611-695a-43f4-ad39-29d892aa0879,completed,True,available,available,1.0
Sparkov,FOLLOWUP_SPARKOV_120,C_dense,9fb0aa1b-5862-4d64-9011-427231288375,suppressed,False,unavailable,not_generated,
Sparkov,FOLLOWUP_SPARKOV_117,C_dense,a2138f4f-fc22-4d42-b9b7-99d620b6c741,suppressed,False,unavailable,not_generated,
Sparkov,FOLLOWUP_SPARKOV_119,A_direct,abd8ef18-101b-45fc-b38e-c51b9217844b,completed,True,available,available,1.0
Sparkov,FOLLOWUP_SPARKOV_113,C_lexical,b2d8feb1-acf7-4c5f-88c5-7a7a575ba575,suppressed,False,unavailable,not_generated,
Sparkov,FOLLOWUP_SPARKOV_116,C_lexical,b3d3ca9d-cb33-478a-97ec-c039466cb82c,suppressed,False,unavailable,not_generated,
Sparkov,FOLLOWUP_SPARKOV_118,B_lexical,b73831ee-2a1a-4042-b994-bbcf9cb879bd,completed,True,unavailable,candidate_invalid_json,
Sparkov,FOLLOWUP_SPARKOV_120,B_dense,be9a6d7a-54be-46cd-bc75-c793494ded54,completed,True,available,available,0.0
Sparkov,FOLLOWUP_SPARKOV_119,B_dense,befd0589-3e6a-426a-a8b4-e1da8c0d8a38,completed,True,available,available,0.0
Sparkov,FOLLOWUP_SPARKOV_120,B_lexical,c335fd6e-c0a1-4f17-883e-6159482f8660,completed,True,available,available,0.0
Sparkov,FOLLOWUP_SPARKOV_112,B_lexical,c9049fa2-3fe5-4065-a678-236bcca74538,completed,True,available,available,0.0
Sparkov,FOLLOWUP_SPARKOV_115,C_lexical,cecc0863-8eac-486b-acac-f14b6f882222,suppressed,False,unavailable,not_generated,
Sparkov,FOLLOWUP_SPARKOV_118,A_direct,d4af379f-2b1a-482b-a6f2-9b0d007c6faf,completed,True,unavailable,candidate_invalid_json,
Sparkov,FOLLOWUP_SPARKOV_118,B_dense,d54d0351-30a5-4002-b134-9bc29143a6a3,completed,True,unavailable,candidate_invalid_json,
Sparkov,FOLLOWUP_SPARKOV_117,B_dense,dcc12403-3bdc-4461-a1fa-c3c34ce3c815,completed,True,unavailable,candidate_invalid_json,
Sparkov,FOLLOWUP_SPARKOV_115,D_hybrid,e2974e97-9fd3-4b22-bdbb-03e5c7419a4f,suppressed,False,unavailable,not_generated,
Sparkov,FOLLOWUP_SPARKOV_111,B_lexical,f3707bbe-d6bf-43cc-b117-1b55054a888c,completed,True,available,available,0.0
Sparkov,FOLLOWUP_SPARKOV_113,D_hybrid,f900b542-d39c-4489-be02-528ccc957c83,suppressed,False,unavailable,not_generated,
Sparkov,FOLLOWUP_SPARKOV_118,D_hybrid,fab9011e-eb95-4d71-a081-453f16fea6c1,suppressed,False,unavailable,not_generated,
Sparkov,FOLLOWUP_SPARKOV_124,A_direct,043b2e7d-68f4-4b40-af41-b8ea6e2cf11c,completed,True,available,available,1.0
Sparkov,FOLLOWUP_SPARKOV_128,C_lexical,069cc8ad-8b1b-460d-814f-193fa8700a03,suppressed,False,unavailable,not_generated,
Sparkov,FOLLOWUP_SPARKOV_123,A_direct,082a43b8-6739-4842-920f-d477f8f696c5,completed,True,available,available,0.0
Sparkov,FOLLOWUP_SPARKOV_130,B_dense,0dfcbc35-71a9-4356-9e25-a67f642434c6,completed,True,available,available,0.0
Sparkov,FOLLOWUP_SPARKOV_125,C_dense,0fe86d3d-bdae-42a1-a261-4219bcda418d,suppressed,False,unavailable,not_generated,
Sparkov,FOLLOWUP_SPARKOV_123,B_lexical,14f5af45-8adb-4452-aed9-ad5c63ab2900,completed,True,available,available,1.0
Sparkov,FOLLOWUP_SPARKOV_125,B_lexical,1bcbad25-5194-4fc1-bff2-9357cf17c1c1,completed,True,available,available,0.0
Sparkov,FOLLOWUP_SPARKOV_124,B_dense,1c97d3ab-8e1c-475c-97ad-76aa874293c0,completed,True,unavailable,candidate_invalid_json,
Sparkov,FOLLOWUP_SPARKOV_128,B_dense,1d456fbd-188e-4424-a7f5-427ca8f7e75e,completed,True,available,available,0.0
Sparkov,FOLLOWUP_SPARKOV_130,B_lexical,2107435b-43b7-453c-bf1c-424667d01953,completed,True,unavailable,candidate_invalid_json,
Sparkov,FOLLOWUP_SPARKOV_125,B_dense,27caed77-ad8a-4e2f-bb2a-06f84f7676c0,completed,True,available,available,0.0
Sparkov,FOLLOWUP_SPARKOV_121,B_dense,32067851-0b64-48c7-b434-54c3c98cd6cf,completed,True,available,available,0.0
Sparkov,FOLLOWUP_SPARKOV_124,C_dense,35755508-a10e-40f1-bc92-d63d2e4faa52,suppressed,False,unavailable,not_generated,
Sparkov,FOLLOWUP_SPARKOV_129,A_direct,40427835-e786-4132-a7df-9b4ae3cb822a,completed,True,available,available,0.0
Sparkov,FOLLOWUP_SPARKOV_129,C_lexical,4073be78-34bd-4322-a597-9cb81861bcdd,suppressed,False,unavailable,not_generated,
Sparkov,FOLLOWUP_SPARKOV_129,C_dense,407d0a7c-bea0-4a4b-8669-6cc8e375a0ea,suppressed,False,unavailable,not_generated,
Sparkov,FOLLOWUP_SPARKOV_122,C_dense,4425c12b-82e4-40ee-8b4b-3841e8a859ff,suppressed,False,unavailable,not_generated,
Sparkov,FOLLOWUP_SPARKOV_122,B_lexical,46df8f55-c1e1-42fc-a797-2101343b285d,completed,True,available,available,0.0
Sparkov,FOLLOWUP_SPARKOV_123,B_dense,4b6fd3c4-0712-43d0-9ee8-58fb25c26744,completed,True,available,available,0.0
Sparkov,FOLLOWUP_SPARKOV_125,D_hybrid,4dd8b73d-a5c9-471c-8e34-780c94549341,suppressed,False,unavailable,not_generated,
Sparkov,FOLLOWUP_SPARKOV_130,C_dense,4e5b56d8-9a36-41c9-ad4e-fedeafd80de6,suppressed,False,unavailable,not_generated,
Sparkov,FOLLOWUP_SPARKOV_126,B_lexical,5655928e-a4a4-4a4b-be28-bb0fa06409db,completed,True,available,available,0.0
Sparkov,FOLLOWUP_SPARKOV_121,C_dense,5d5e0a1e-442e-4b7a-9a16-9270f105a161,suppressed,False,unavailable,not_generated,
Sparkov,FOLLOWUP_SPARKOV_123,C_dense,62a03d3a-e721-4b81-9957-217bd59957a0,suppressed,False,unavailable,not_generated,
Sparkov,FOLLOWUP_SPARKOV_128,B_lexical,62b6b4e1-63c0-4f3f-b1ee-58b3d83c23f0,completed,True,unavailable,candidate_invalid_json,
Sparkov,FOLLOWUP_SPARKOV_128,D_hybrid,6565a666-a0f8-4007-8c8f-3e787426dd5c,suppressed,False,unavailable,not_generated,
Sparkov,FOLLOWUP_SPARKOV_130,C_lexical,6711a991-77cc-4beb-afa1-928e7ebe3494,suppressed,False,unavailable,not_generated,
Sparkov,FOLLOWUP_SPARKOV_121,A_direct,6ce29729-6249-4b42-a90b-f9bdc0917864,completed,True,available,available,1.0
Sparkov,FOLLOWUP_SPARKOV_123,D_hybrid,6ef13359-33b5-4918-ab15-a4f75e2b2767,suppressed,False,unavailable,not_generated,
Sparkov,FOLLOWUP_SPARKOV_128,C_dense,765c77a2-3b7b-4094-8ef7-ca6e569c7728,suppressed,False,unavailable,not_generated,
Sparkov,FOLLOWUP_SPARKOV_126,C_lexical,792ff1ad-9dfc-480f-890b-580ea0362fee,suppressed,False,unavailable,not_generated,
Sparkov,FOLLOWUP_SPARKOV_121,D_hybrid,7b56bc67-0070-4949-957f-4a565f183286,suppressed,False,unavailable,not_generated,
Sparkov,FOLLOWUP_SPARKOV_127,D_hybrid,80564d15-76ae-4d3c-9c0e-0c47cb12b22f,suppressed,False,unavailable,not_generated,
Sparkov,FOLLOWUP_SPARKOV_127,B_dense,87daf683-6399-44d8-802a-8986143e5dc3,completed,True,unavailable,candidate_invalid_json,
Sparkov,FOLLOWUP_SPARKOV_124,D_hybrid,8a8310c8-bfbd-4d36-a944-33196322051c,suppressed,False,unavailable,not_generated,
Sparkov,FOLLOWUP_SPARKOV_125,C_lexical,926c7d57-79ae-4901-bf11-3aa59e5eb1a3,suppressed,False,unavailable,not_generated,
Sparkov,FOLLOWUP_SPARKOV_122,D_hybrid,95156e44-88bc-46bc-b01f-13a6a619ee98,suppressed,False,unavailable,not_generated,
Sparkov,FOLLOWUP_SPARKOV_129,B_dense,a5fe475e-b937-4ffc-854c-1eb6b6d91eeb,completed,True,available,available,0.0
Sparkov,FOLLOWUP_SPARKOV_127,B_lexical,ac42609c-b032-43ed-9d06-a69a4c76cdd9,completed,True,available,available,1.0
Sparkov,FOLLOWUP_SPARKOV_121,C_lexical,adb99da5-54d4-4812-be95-bd4f6a3eaec0,suppressed,False,unavailable,not_generated,
Sparkov,FOLLOWUP_SPARKOV_123,C_lexical,b48ebeb1-4e92-4066-80ce-1d13ec474637,suppressed,False,unavailable,not_generated,
Sparkov,FOLLOWUP_SPARKOV_130,A_direct,b7f343db-3a4b-44ec-81e6-6aa22e6de35e,completed,True,available,available,1.0
Sparkov,FOLLOWUP_SPARKOV_127,C_lexical,c1de3c03-0970-4079-bdb1-746ad953d829,suppressed,False,unavailable,not_generated,
Sparkov,FOLLOWUP_SPARKOV_122,C_lexical,c4ac75d0-36a3-4cc5-a9bc-9be285c52212,suppressed,False,unavailable,not_generated,
Sparkov,FOLLOWUP_SPARKOV_129,B_lexical,c6f72c72-a699-4010-8041-87bea00066cb,completed,True,unavailable,candidate_invalid_json,
Sparkov,FOLLOWUP_SPARKOV_122,B_dense,ca44838c-f054-46e6-94df-155a3d725f2b,completed,True,available,available,0.0
Sparkov,FOLLOWUP_SPARKOV_129,D_hybrid,cbb2d60f-efa0-49bd-a5be-e31ad07b5f71,suppressed,False,unavailable,not_generated,
Sparkov,FOLLOWUP_SPARKOV_124,C_lexical,ce92ddde-24c7-4de4-a536-fbfaa56640cd,suppressed,False,unavailable,not_generated,
Sparkov,FOLLOWUP_SPARKOV_126,D_hybrid,cefd04d6-327c-43c6-b702-da9af1dbc4dd,suppressed,False,unavailable,not_generated,
Sparkov,FOLLOWUP_SPARKOV_126,C_dense,d20ad169-b823-44ef-a8c7-0a2d9e5e8500,suppressed,False,unavailable,not_generated,
Sparkov,FOLLOWUP_SPARKOV_128,A_direct,d50e9990-ae82-4906-9791-5accd67f116c,completed,True,unavailable,candidate_invalid_json,
Sparkov,FOLLOWUP_SPARKOV_126,B_dense,d8429d7e-54cb-42f7-9de7-9586cc38fe06,completed,True,available,available,0.0
Sparkov,FOLLOWUP_SPARKOV_126,A_direct,d89722c3-fd00-4352-8021-be2a1c81b984,completed,True,available,available,1.0
Sparkov,FOLLOWUP_SPARKOV_122,A_direct,db62ad99-e4ae-4ea4-ab57-9cd3635add48,completed,True,available,available,0.8
Sparkov,FOLLOWUP_SPARKOV_125,A_direct,e9469d1c-76ca-432c-9f26-62967746c57d,completed,True,unavailable,candidate_invalid_json,
Sparkov,FOLLOWUP_SPARKOV_130,D_hybrid,f8f59acd-515b-4549-a939-fe015b62f766,suppressed,False,unavailable,not_generated,
Sparkov,FOLLOWUP_SPARKOV_124,B_lexical,f9139f0f-ac39-4ec8-babf-bb05ed7bb31c,completed,True,available,available,1.0
Sparkov,FOLLOWUP_SPARKOV_121,B_lexical,fad02f3d-9679-4a1b-a9c1-266890fe2e2b,completed,True,available,available,0.0
Sparkov,FOLLOWUP_SPARKOV_127,A_direct,fb779222-8e9c-42d3-af21-b79c9dd1057e,completed,True,available,available,1.0
Sparkov,FOLLOWUP_SPARKOV_127,C_dense,ff0179eb-bab5-415e-875a-be508d6edb00,suppressed,False,unavailable,not_generated,
Sparkov,FOLLOWUP_SPARKOV_131,D_hybrid,025191a2-4d54-4a0b-8007-7fb8fd6f200e,suppressed,False,unavailable,not_generated,
Sparkov,FOLLOWUP_SPARKOV_134,A_direct,039b6061-24c1-49f9-a169-77ddc7f28c31,completed,True,unavailable,candidate_invalid_json,
Sparkov,FOLLOWUP_SPARKOV_140,A_direct,06d8be37-7846-4518-b5ff-45b966ab4208,completed,True,unavailable,candidate_invalid_json,
Sparkov,FOLLOWUP_SPARKOV_139,B_lexical,0bae203d-3c8b-4c88-82c8-e081771f2cf5,completed,True,available,available,1.0
Sparkov,FOLLOWUP_SPARKOV_132,A_direct,160aba27-715f-44d1-a526-4fb6042e1413,completed,True,available,available,1.0
Sparkov,FOLLOWUP_SPARKOV_137,C_lexical,1b9a3d75-23ae-40b7-8abf-0ab9176feb65,suppressed,False,unavailable,not_generated,
Sparkov,FOLLOWUP_SPARKOV_134,D_hybrid,1bb8d5fe-dc63-40bf-b9bf-82b7a0f10458,suppressed,False,unavailable,not_generated,
Sparkov,FOLLOWUP_SPARKOV_140,C_dense,1c33522c-1eea-4170-ab43-b8341bfcf2df,suppressed,False,unavailable,not_generated,
Sparkov,FOLLOWUP_SPARKOV_136,D_hybrid,20536ba3-a2e0-4278-9a72-7339279286c4,suppressed,False,unavailable,not_generated,
Sparkov,FOLLOWUP_SPARKOV_137,C_dense,27adcb3f-53ec-41d2-a5ba-331cf1cfe45e,suppressed,False,unavailable,not_generated,
Sparkov,FOLLOWUP_SPARKOV_136,C_lexical,293b1b90-df5e-4889-902d-b23f64839ae6,suppressed,False,unavailable,not_generated,
Sparkov,FOLLOWUP_SPARKOV_133,A_direct,2b4b4e98-fea9-4f4f-837d-2dd147f9c8bc,completed,True,available,available,1.0
Sparkov,FOLLOWUP_SPARKOV_138,D_hybrid,2d9d3caf-824d-4c2d-8542-1380550ea3c5,suppressed,False,unavailable,not_generated,
Sparkov,FOLLOWUP_SPARKOV_135,A_direct,31524261-1009-4e21-99f8-e3e4bea5982a,completed,True,available,available,0.0
Sparkov,FOLLOWUP_SPARKOV_131,B_dense,3661bf3e-9f1e-4d24-82bc-d8618deb44ca,completed,True,unavailable,model_drivers_missing,
Sparkov,FOLLOWUP_SPARKOV_132,C_lexical,39c90607-bf67-486f-abd8-b807b755a1ce,suppressed,False,unavailable,not_generated,
Sparkov,FOLLOWUP_SPARKOV_136,B_dense,42ba23fa-2f28-4e92-b27d-a224c45f4f16,completed,True,available,available,0.0
Sparkov,FOLLOWUP_SPARKOV_138,A_direct,4380fd6c-e0b3-4fca-a715-66b7f1fec24b,completed,True,unavailable,candidate_invalid_json,
Sparkov,FOLLOWUP_SPARKOV_140,D_hybrid,483c6baf-d423-41d2-af22-77ca185fa8d1,suppressed,False,unavailable,not_generated,
Sparkov,FOLLOWUP_SPARKOV_135,B_lexical,48696b71-915d-4a51-9600-04fac9d24933,completed,True,available,available,1.0
Sparkov,FOLLOWUP_SPARKOV_136,A_direct,494e3b19-0545-46ca-8a9d-87aaf3eb57fb,completed,True,unavailable,model_drivers_missing,
Sparkov,FOLLOWUP_SPARKOV_132,D_hybrid,5675ff6d-9b38-455f-9993-ba8e7399d058,suppressed,False,unavailable,not_generated,
Sparkov,FOLLOWUP_SPARKOV_133,C_dense,599faa9a-9c72-4a4c-b141-7ca6f1917651,suppressed,False,unavailable,not_generated,
Sparkov,FOLLOWUP_SPARKOV_131,C_lexical,59ae496d-e864-4c86-915e-3acb55ebc07a,suppressed,False,unavailable,not_generated,
Sparkov,FOLLOWUP_SPARKOV_140,C_lexical,6666c79e-d207-494e-81c7-d4a163bf3fb5,suppressed,False,unavailable,not_generated,
Sparkov,FOLLOWUP_SPARKOV_137,B_lexical,68575a75-ef47-4272-b886-b94ff18ecdc8,completed,True,available,available,0.0
Sparkov,FOLLOWUP_SPARKOV_138,B_dense,6b6d1ca5-e8cc-49bd-b401-bea6810d2663,completed,True,available,available,0.0
Sparkov,FOLLOWUP_SPARKOV_133,B_lexical,714f4be9-63ab-4522-9f7d-f6d290190982,completed,True,available,available,0.0
Sparkov,FOLLOWUP_SPARKOV_131,A_direct,7179512f-e9e4-4913-85a1-f272a8e5173b,completed,True,available,available,0.0
Sparkov,FOLLOWUP_SPARKOV_132,C_dense,738d22ee-d216-4d77-bb24-2267fee2b41d,suppressed,False,unavailable,not_generated,
Sparkov,FOLLOWUP_SPARKOV_137,A_direct,7e1ca937-f9b5-4a52-8587-726adf1c37e2,completed,True,available,available,0.0
Sparkov,FOLLOWUP_SPARKOV_135,D_hybrid,83291916-16a3-4355-a531-24b66c895f12,suppressed,False,unavailable,not_generated,
Sparkov,FOLLOWUP_SPARKOV_140,B_lexical,8bd7d962-e312-4560-b67e-75ca5256ad3e,completed,True,available,available,0.0
Sparkov,FOLLOWUP_SPARKOV_132,B_lexical,9084ea03-d9e8-494a-8e5a-22b4958571f0,completed,True,available,available,0.0
Sparkov,FOLLOWUP_SPARKOV_135,B_dense,91275109-e585-49eb-806f-f3e8c775ad22,completed,True,available,available,0.0
Sparkov,FOLLOWUP_SPARKOV_133,B_dense,924e6cb8-260b-4c97-8a34-1627df6308d1,completed,True,available,available,0.0
Sparkov,FOLLOWUP_SPARKOV_136,C_dense,941724c6-58c6-4a73-be9d-fe5da746a2df,suppressed,False,unavailable,not_generated,
Sparkov,FOLLOWUP_SPARKOV_138,B_lexical,9734f034-5f45-428a-84ea-c11fbdc5eb2a,completed,True,unavailable,candidate_invalid_json,
Sparkov,FOLLOWUP_SPARKOV_135,C_dense,9b2e3111-05e8-4e74-8690-f7fc12f33f1c,suppressed,False,unavailable,not_generated,
Sparkov,FOLLOWUP_SPARKOV_138,C_lexical,9c374819-43e1-4f23-9b37-262f39c616c6,suppressed,False,unavailable,not_generated,
Sparkov,FOLLOWUP_SPARKOV_135,C_lexical,a37a1072-ceec-4229-8640-62b930dffd44,suppressed,False,unavailable,not_generated,
Sparkov,FOLLOWUP_SPARKOV_134,B_lexical,a987cc96-9094-4fcf-96e7-56cbd404721f,completed,True,available,available,0.0
Sparkov,FOLLOWUP_SPARKOV_132,B_dense,b225a892-48d8-4241-ac63-1b3c39863766,completed,True,available,available,0.0
Sparkov,FOLLOWUP_SPARKOV_139,B_dense,b35a5a69-c3f9-4b83-891b-ffe4ef5a2ffd,completed,True,available,available,0.0
Sparkov,FOLLOWUP_SPARKOV_139,D_hybrid,c1aefc3f-0afe-47a7-8ee2-20b7b6f08b57,suppressed,False,unavailable,not_generated,
Sparkov,FOLLOWUP_SPARKOV_139,C_lexical,cfeb4708-7472-4507-8f33-e2a4d56596de,suppressed,False,unavailable,not_generated,
Sparkov,FOLLOWUP_SPARKOV_134,C_lexical,d444563e-0c79-447b-a34a-e4948c1a2743,suppressed,False,unavailable,not_generated,
Sparkov,FOLLOWUP_SPARKOV_131,C_dense,d74f85da-3fbe-4a92-bacb-3820d23cb4d6,suppressed,False,unavailable,not_generated,
Sparkov,FOLLOWUP_SPARKOV_139,A_direct,d79265f3-e1d6-4d33-9c56-7c1eba4afec5,completed,True,available,available,1.0
Sparkov,FOLLOWUP_SPARKOV_137,B_dense,d9ffb05f-9ae1-4324-b7c9-863bee2e6519,completed,True,available,available,0.0
Sparkov,FOLLOWUP_SPARKOV_133,C_lexical,db709e84-788f-4ced-836b-50c04955102b,suppressed,False,unavailable,not_generated,
Sparkov,FOLLOWUP_SPARKOV_139,C_dense,e35b16b1-4209-4569-8020-b9cb5f349394,suppressed,False,unavailable,not_generated,
Sparkov,FOLLOWUP_SPARKOV_133,D_hybrid,e5d8177a-5987-4aa0-b933-efe613135764,suppressed,False,unavailable,not_generated,
Sparkov,FOLLOWUP_SPARKOV_140,B_dense,e5f94203-6a24-4345-911b-413b65b67d9f,completed,True,available,available,0.0
Sparkov,FOLLOWUP_SPARKOV_134,C_dense,e86082ef-7ffd-427f-8dde-a3702835cb03,suppressed,False,unavailable,not_generated,
Sparkov,FOLLOWUP_SPARKOV_134,B_dense,ee0f36ae-d8f1-4b73-95d5-27d64f23a1fa,completed,True,available,available,0.0
Sparkov,FOLLOWUP_SPARKOV_131,B_lexical,f121094b-4db7-4735-bd23-4d136fba6cd5,completed,True,unavailable,candidate_invalid_json,
Sparkov,FOLLOWUP_SPARKOV_137,D_hybrid,f2e72371-2270-4b79-ad9a-d21053bdb778,suppressed,False,unavailable,not_generated,
Sparkov,FOLLOWUP_SPARKOV_138,C_dense,f397a29c-817b-4467-a55f-f50502866143,suppressed,False,unavailable,not_generated,
Sparkov,FOLLOWUP_SPARKOV_136,B_lexical,fdb78bab-570c-4a01-83e7-2f87d1aba06a,completed,True,available,available,0.0
Sparkov,FOLLOWUP_SPARKOV_148,B_lexical,01e50ec7-3cfe-4603-a3ab-4adcf81796d5,completed,True,available,available,0.0
Sparkov,FOLLOWUP_SPARKOV_145,C_lexical,037b830d-0ad1-48c9-981b-4d045e83b13c,suppressed,False,unavailable,not_generated,
Sparkov,FOLLOWUP_SPARKOV_142,A_direct,18a52bec-b61f-4734-a5ff-8cefff98cb8c,completed,True,unavailable,candidate_invalid_json,
Sparkov,FOLLOWUP_SPARKOV_150,A_direct,1b0115f6-2acd-4f1e-9507-031495432514,completed,True,unavailable,model_drivers_missing,
Sparkov,FOLLOWUP_SPARKOV_146,D_hybrid,23b0fadd-e917-4194-8137-330f8956eb63,suppressed,False,unavailable,not_generated,
Sparkov,FOLLOWUP_SPARKOV_149,D_hybrid,25bc3195-6964-49a6-862d-b87470426259,suppressed,False,unavailable,not_generated,
Sparkov,FOLLOWUP_SPARKOV_145,B_dense,2b55a8b1-633e-4a67-be55-cf2a7ce95f2a,completed,True,available,available,0.0
Sparkov,FOLLOWUP_SPARKOV_145,C_dense,2d80b446-2f82-4fc9-924b-beec88f8aceb,suppressed,False,unavailable,not_generated,
Sparkov,FOLLOWUP_SPARKOV_147,B_dense,2e86f2e2-ee48-432b-ba1f-9e8f10736d53,completed,True,available,available,0.0
Sparkov,FOLLOWUP_SPARKOV_150,D_hybrid,30617ac1-ff2b-417c-9cf1-26d74dced122,suppressed,False,unavailable,not_generated,
Sparkov,FOLLOWUP_SPARKOV_149,A_direct,32517ba7-a92d-4f20-a81c-d5491991e6fe,completed,True,available,available,0.0
Sparkov,FOLLOWUP_SPARKOV_145,A_direct,39ac3c7e-0943-49f9-a890-8d4b7781020b,completed,True,available,available,1.0
Sparkov,FOLLOWUP_SPARKOV_145,D_hybrid,3b7763a8-d173-4275-b9bc-04c715f80184,suppressed,False,unavailable,not_generated,
Sparkov,FOLLOWUP_SPARKOV_142,B_dense,3e235042-f540-4350-a6a1-5872ecec3534,completed,True,available,available,0.0
Sparkov,FOLLOWUP_SPARKOV_143,B_dense,4052884f-9e6b-4534-8984-cde35d0d2ffb,completed,True,unavailable,candidate_invalid_json,
Sparkov,FOLLOWUP_SPARKOV_143,D_hybrid,4078faec-3a5f-4e19-873f-5cd6943adab7,suppressed,False,unavailable,not_generated,
Sparkov,FOLLOWUP_SPARKOV_148,A_direct,4b850fde-c07b-4349-95a5-679edd518a8b,completed,True,available,available,1.0
Sparkov,FOLLOWUP_SPARKOV_143,B_lexical,4c050c16-0351-4f85-bfdc-cd25f3381e1e,completed,True,available,available,0.0
Sparkov,FOLLOWUP_SPARKOV_149,C_lexical,4e7840e8-643f-4bd7-bea8-6ca2eff335f8,suppressed,False,unavailable,not_generated,
Sparkov,FOLLOWUP_SPARKOV_148,C_lexical,504bd9e9-6594-40fd-83c5-e4074ed943a7,suppressed,False,unavailable,not_generated,
Sparkov,FOLLOWUP_SPARKOV_144,B_lexical,5845a916-940b-434d-80d8-0ec43cfc8a54,completed,True,unavailable,candidate_invalid_json,
Sparkov,FOLLOWUP_SPARKOV_150,B_lexical,5980f58c-e1a1-43df-bc28-5383a7efaedc,completed,True,available,available,0.0
Sparkov,FOLLOWUP_SPARKOV_148,D_hybrid,6492554d-f09d-45f2-ab44-d985b30f9241,suppressed,False,unavailable,not_generated,
Sparkov,FOLLOWUP_SPARKOV_141,B_lexical,6764d2de-27f1-4154-8976-3a7e75ebc75f,completed,True,unavailable,candidate_invalid_json,
Sparkov,FOLLOWUP_SPARKOV_146,C_dense,67cb9176-248e-4913-ad45-ff6cca54d8b9,suppressed,False,unavailable,not_generated,
Sparkov,FOLLOWUP_SPARKOV_141,C_lexical,68e4ff9a-d217-4617-bfa4-a31f0fe21609,suppressed,False,unavailable,not_generated,
Sparkov,FOLLOWUP_SPARKOV_148,C_dense,6952a52e-d71a-4806-b920-7396d24657af,suppressed,False,unavailable,not_generated,
Sparkov,FOLLOWUP_SPARKOV_144,C_dense,7a75c862-870b-460f-9e4e-1fdcfae3620a,suppressed,False,unavailable,not_generated,
Sparkov,FOLLOWUP_SPARKOV_143,A_direct,7b66e3d6-1c35-4fc4-a5c1-ec5ffc4c4d2b,completed,True,available,available,1.0
Sparkov,FOLLOWUP_SPARKOV_146,C_lexical,7d4aa1ae-d87f-403b-a905-95d117236e7e,suppressed,False,unavailable,not_generated,
Sparkov,FOLLOWUP_SPARKOV_147,B_lexical,7e291592-757b-4ca9-b03c-4c7faf766ab1,completed,True,available,available,0.0
Sparkov,FOLLOWUP_SPARKOV_141,C_dense,81c14d24-b2a2-4394-b16c-ddd87d80676a,suppressed,False,unavailable,not_generated,
Sparkov,FOLLOWUP_SPARKOV_144,B_dense,82e299bc-01b3-4e0f-aebd-02edc24cc654,completed,True,available,available,0.0
Sparkov,FOLLOWUP_SPARKOV_150,B_dense,84434a16-34e4-4eda-ac54-043e00d50780,completed,True,available,available,0.0
Sparkov,FOLLOWUP_SPARKOV_142,D_hybrid,85982e23-d749-43d5-a9c1-a2db84429baa,suppressed,False,unavailable,not_generated,
Sparkov,FOLLOWUP_SPARKOV_145,B_lexical,87ab8e60-177f-4957-8b0d-459f949c55ea,completed,True,available,available,0.0
Sparkov,FOLLOWUP_SPARKOV_142,C_dense,8816d208-b4cc-4ccf-9612-0367daaf8530,suppressed,False,unavailable,not_generated,
Sparkov,FOLLOWUP_SPARKOV_142,B_lexical,9e1ff724-5375-42c6-aa27-c55f113ca408,completed,True,available,available,1.0
Sparkov,FOLLOWUP_SPARKOV_149,B_dense,9f6d151e-1633-45f2-967b-0c2dd0fc45c8,completed,True,available,available,0.0
Sparkov,FOLLOWUP_SPARKOV_146,B_dense,a1f1317c-5613-4f1f-9869-4119e2022cca,completed,True,available,available,0.0
Sparkov,FOLLOWUP_SPARKOV_150,C_dense,a51d89d3-4b42-493a-b900-12ffec33fad0,suppressed,False,unavailable,not_generated,
Sparkov,FOLLOWUP_SPARKOV_146,B_lexical,a5f160c4-c023-46e0-b44b-aac414101db4,completed,True,unavailable,candidate_invalid_json,
Sparkov,FOLLOWUP_SPARKOV_147,C_dense,a76a9ac7-cf02-4c7a-9e0b-9996d80cb91f,suppressed,False,unavailable,not_generated,
Sparkov,FOLLOWUP_SPARKOV_147,A_direct,a79bb01c-2af4-4485-8988-e7c15bcdc647,completed,True,available,available,1.0
Sparkov,FOLLOWUP_SPARKOV_142,C_lexical,ad13a285-a556-413d-b516-cdbdd4f6a583,suppressed,False,unavailable,not_generated,
Sparkov,FOLLOWUP_SPARKOV_148,B_dense,b348552c-8484-489d-a4e6-710e8740ac75,completed,True,unavailable,candidate_invalid_json,
Sparkov,FOLLOWUP_SPARKOV_143,C_dense,b9d6722f-66f1-4263-9dc0-0a27900f2b9c,suppressed,False,unavailable,not_generated,
Sparkov,FOLLOWUP_SPARKOV_146,A_direct,c1f4c62e-c7a1-40d5-bb36-cafd87ddb434,completed,True,unavailable,candidate_invalid_json,
Sparkov,FOLLOWUP_SPARKOV_149,C_dense,c43e61c6-71ee-4b78-b8cf-9595be12d175,suppressed,False,unavailable,not_generated,
Sparkov,FOLLOWUP_SPARKOV_144,D_hybrid,d1db58de-7f81-4bef-ab11-a4d67d3927b0,suppressed,False,unavailable,not_generated,
Sparkov,FOLLOWUP_SPARKOV_144,A_direct,d2337571-aff8-4aef-86e8-2fa8e4bf1e3c,completed,True,unavailable,candidate_invalid_json,
Sparkov,FOLLOWUP_SPARKOV_144,C_lexical,dc19f79c-5318-4bcb-8efa-8c8a676f7e9e,suppressed,False,unavailable,not_generated,
Sparkov,FOLLOWUP_SPARKOV_147,D_hybrid,ded6f880-609f-4d3a-bc34-7bad82112e4e,suppressed,False,unavailable,not_generated,
Sparkov,FOLLOWUP_SPARKOV_150,C_lexical,e5760acd-5ce8-4e4e-959f-27b1e3f2ea37,suppressed,False,unavailable,not_generated,
Sparkov,FOLLOWUP_SPARKOV_141,D_hybrid,e8901919-f2b4-419a-8256-6b6c45918fec,suppressed,False,unavailable,not_generated,
Sparkov,FOLLOWUP_SPARKOV_143,C_lexical,f62bbb9f-8e40-4405-9830-ddd8c13ffffc,suppressed,False,unavailable,not_generated,
Sparkov,FOLLOWUP_SPARKOV_149,B_lexical,f78ba9f7-dbc5-4ebb-b526-6da967a3dc23,completed,True,available,available,0.0
Sparkov,FOLLOWUP_SPARKOV_141,A_direct,f99052d6-f446-404d-8e64-d48aaca399cd,completed,True,available,available,1.0
Sparkov,FOLLOWUP_SPARKOV_147,C_lexical,fbb7ce09-9537-46a8-b332-b2dee47310c4,suppressed,False,unavailable,not_generated,
Sparkov,FOLLOWUP_SPARKOV_141,B_dense,fef3fbc3-9221-45e3-a9d2-d88c6a73163c,completed,True,available,available,0.0
Sparkov,FOLLOWUP_SPARKOV_157,D_hybrid,04a3ab64-1cf3-439a-a373-262a2d6da67f,suppressed,False,unavailable,not_generated,
Sparkov,FOLLOWUP_SPARKOV_151,D_hybrid,08a8cedb-b9b5-4901-88c8-9720923eff19,suppressed,False,unavailable,not_generated,
Sparkov,FOLLOWUP_SPARKOV_155,C_dense,0d437793-298f-4a5a-b136-fc5956951c31,suppressed,False,unavailable,not_generated,
Sparkov,FOLLOWUP_SPARKOV_159,C_lexical,14445ae2-7402-4ecf-a1b2-b947897cbd7d,suppressed,False,unavailable,not_generated,
Sparkov,FOLLOWUP_SPARKOV_154,A_direct,18073bff-f98d-4ebb-aa87-42ee07617aee,completed,True,available,available,0.0
Sparkov,FOLLOWUP_SPARKOV_155,D_hybrid,19a36d9a-f6ad-4fae-ac86-6cdd54204e56,suppressed,False,unavailable,not_generated,
Sparkov,FOLLOWUP_SPARKOV_160,D_hybrid,1d6cb6d2-fa29-4330-957b-8b31ab7f7aae,suppressed,False,unavailable,not_generated,
Sparkov,FOLLOWUP_SPARKOV_156,D_hybrid,1f5ed53f-2f2b-4206-8b76-9dcec296af46,suppressed,False,unavailable,not_generated,
Sparkov,FOLLOWUP_SPARKOV_158,C_lexical,1fc05852-a1c6-401e-87e5-d42bf2eeaa6b,suppressed,False,unavailable,not_generated,
Sparkov,FOLLOWUP_SPARKOV_158,D_hybrid,238220db-955e-4ec1-a49e-daa788df47b4,suppressed,False,unavailable,not_generated,
Sparkov,FOLLOWUP_SPARKOV_159,B_lexical,26837859-245f-48d8-afd2-693285109926,completed,True,available,available,0.0
Sparkov,FOLLOWUP_SPARKOV_151,C_lexical,30d4d286-7809-4b5b-ba1c-8001c9a66380,suppressed,False,unavailable,not_generated,
Sparkov,FOLLOWUP_SPARKOV_159,D_hybrid,31f63f86-0b37-4325-9c78-c530e62feab3,suppressed,False,unavailable,not_generated,
Sparkov,FOLLOWUP_SPARKOV_158,C_dense,34228826-a56a-467c-ad7f-db7520278c12,suppressed,False,unavailable,not_generated,
Sparkov,FOLLOWUP_SPARKOV_152,C_dense,4241473c-a44d-4848-ad7f-a959c7ebe762,suppressed,False,unavailable,not_generated,
Sparkov,FOLLOWUP_SPARKOV_157,A_direct,469e3d7b-3bfc-4dd9-a742-c606d08db216,completed,True,available,available,0.0
Sparkov,FOLLOWUP_SPARKOV_158,B_dense,4794d60d-fa9d-4de8-882e-c94837d4726d,completed,True,unavailable,candidate_invalid_json,
Sparkov,FOLLOWUP_SPARKOV_154,C_lexical,48c40be4-32c8-4a53-826c-0aca119d59c6,suppressed,False,unavailable,not_generated,
Sparkov,FOLLOWUP_SPARKOV_155,B_dense,4ecdbf06-52f1-402f-9364-d64b032a2ecb,completed,True,available,available,0.0
Sparkov,FOLLOWUP_SPARKOV_154,D_hybrid,52faaf78-6b32-47a2-aa19-85ef892a0fce,suppressed,False,unavailable,not_generated,
Sparkov,FOLLOWUP_SPARKOV_157,B_lexical,5c6e656c-0a1e-4f0d-b286-f28f137f5398,completed,True,unavailable,model_drivers_missing,
Sparkov,FOLLOWUP_SPARKOV_157,C_dense,5d293b98-9ce0-45aa-b4fd-76870bbb0892,suppressed,False,unavailable,not_generated,
Sparkov,FOLLOWUP_SPARKOV_155,B_lexical,5d4bf2c8-feb6-4896-adff-8a2d5e83f9bf,completed,True,unavailable,candidate_invalid_json,
Sparkov,FOLLOWUP_SPARKOV_152,D_hybrid,5de41c61-684e-4086-a212-75c9bb2a83b4,suppressed,False,unavailable,not_generated,
Sparkov,FOLLOWUP_SPARKOV_151,B_dense,5fe526e8-7350-41fe-97f3-31862ce799f5,completed,True,available,available,0.0
Sparkov,FOLLOWUP_SPARKOV_152,B_dense,66bc69d5-d9e3-4d41-ac87-3dc6f0f1f466,completed,True,available,available,0.0
Sparkov,FOLLOWUP_SPARKOV_154,C_dense,6859de13-351c-4181-b628-e42d708e6c96,suppressed,False,unavailable,not_generated,
Sparkov,FOLLOWUP_SPARKOV_160,B_dense,739160cf-0e8b-4017-aa8d-fe1b24397f16,completed,True,unavailable,candidate_invalid_json,
Sparkov,FOLLOWUP_SPARKOV_154,B_dense,7988146b-dc6b-4270-a2ea-d706fb00fa77,completed,True,unavailable,candidate_invalid_json,
Sparkov,FOLLOWUP_SPARKOV_153,A_direct,81907fa3-8584-47a3-8418-8bda5bc3c211,completed,True,available,available,1.0
Sparkov,FOLLOWUP_SPARKOV_160,C_lexical,856b5a48-2b8b-48e3-a7b8-b0668974c59a,suppressed,False,unavailable,not_generated,
Sparkov,FOLLOWUP_SPARKOV_155,A_direct,8e46c021-480b-4bec-99ff-ab54f24b94ef,completed,True,available,available,1.0
Sparkov,FOLLOWUP_SPARKOV_160,C_dense,96029bf4-15f2-4164-8078-c320c261e441,suppressed,False,unavailable,not_generated,
Sparkov,FOLLOWUP_SPARKOV_153,B_dense,99da2843-5c2e-4e78-8af4-5a97224c2ca5,completed,True,available,available,0.0
Sparkov,FOLLOWUP_SPARKOV_159,C_dense,a0202ff6-49bb-403e-8749-5529da61ec8c,suppressed,False,unavailable,not_generated,
Sparkov,FOLLOWUP_SPARKOV_160,B_lexical,aa7a5114-6e77-4425-a21b-d92da8d3bfb7,completed,True,unavailable,candidate_invalid_json,
Sparkov,FOLLOWUP_SPARKOV_156,B_dense,ae9ec833-9df1-4410-934a-3f7d220ba889,completed,True,unavailable,candidate_invalid_json,
Sparkov,FOLLOWUP_SPARKOV_158,B_lexical,b0e25847-7171-45f5-94ba-b258c5360f12,completed,True,available,available,0.0
Sparkov,FOLLOWUP_SPARKOV_153,D_hybrid,b208dc0f-4366-48a6-a958-95a26e853259,suppressed,False,unavailable,not_generated,
Sparkov,FOLLOWUP_SPARKOV_151,B_lexical,b2766b21-57e7-44e3-bf36-d17dcbd865f3,completed,True,unavailable,candidate_invalid_json,
Sparkov,FOLLOWUP_SPARKOV_158,A_direct,b6ebe434-cb16-49a2-bc89-c2bbae6c2358,completed,True,unavailable,candidate_invalid_json,
Sparkov,FOLLOWUP_SPARKOV_159,A_direct,ba729b16-e1aa-41bb-903c-b918d0fa430e,completed,True,available,available,1.0
Sparkov,FOLLOWUP_SPARKOV_152,B_lexical,c03ebb0a-4e85-4f05-8150-69952aac94c0,completed,True,available,available,0.0
Sparkov,FOLLOWUP_SPARKOV_157,B_dense,c0b20fd4-ca21-4f44-8721-44a8eda6de2f,completed,True,available,available,0.0
Sparkov,FOLLOWUP_SPARKOV_152,A_direct,c1c54bb0-20a5-4223-b903-0eb794ab9599,completed,True,unavailable,candidate_invalid_json,
Sparkov,FOLLOWUP_SPARKOV_151,C_dense,c450a28f-316d-4219-b09c-6561a71ed345,suppressed,False,unavailable,not_generated,
Sparkov,FOLLOWUP_SPARKOV_153,C_dense,c6453bcd-f6e1-41e0-96d5-3561fd840e53,suppressed,False,unavailable,not_generated,
Sparkov,FOLLOWUP_SPARKOV_152,C_lexical,c853e737-c2f6-4b27-b673-74d2ef5b1ecf,suppressed,False,unavailable,not_generated,
Sparkov,FOLLOWUP_SPARKOV_156,B_lexical,cf78b137-15da-4de4-a2b0-456ec019c716,completed,True,unavailable,candidate_invalid_json,
Sparkov,FOLLOWUP_SPARKOV_159,B_dense,da15d961-3b5a-4264-9356-9a16aef4dd2a,completed,True,available,available,0.0
Sparkov,FOLLOWUP_SPARKOV_153,B_lexical,dc6a17ac-de3c-4d65-acb7-72a2276c577f,completed,True,available,available,0.0
Sparkov,FOLLOWUP_SPARKOV_160,A_direct,dccea67f-e9de-4f09-babf-01f1cfa1d46b,completed,True,available,available,1.0
Sparkov,FOLLOWUP_SPARKOV_157,C_lexical,e1fa78c7-735c-4577-8ab9-22f0151c6c53,suppressed,False,unavailable,not_generated,
Sparkov,FOLLOWUP_SPARKOV_156,A_direct,e3109a0d-a881-40b8-89c6-848616e138d1,completed,True,available,available,1.0
Sparkov,FOLLOWUP_SPARKOV_155,C_lexical,e4580214-c63f-48fe-bfe7-3a4d2091f24e,suppressed,False,unavailable,not_generated,
Sparkov,FOLLOWUP_SPARKOV_156,C_lexical,e9eaab63-70fa-473d-8b4f-ef3f386202a3,suppressed,False,unavailable,not_generated,
Sparkov,FOLLOWUP_SPARKOV_153,C_lexical,f07d9c43-c3b8-4630-9259-d5d3375e0c68,suppressed,False,unavailable,not_generated,
Sparkov,FOLLOWUP_SPARKOV_151,A_direct,f8141851-d5f0-4a38-994b-67df4f89f8b4,completed,True,available,available,1.0
Sparkov,FOLLOWUP_SPARKOV_154,B_lexical,fb11b84f-3118-4266-9a4d-6be07b651647,completed,True,available,available,0.0
Sparkov,FOLLOWUP_SPARKOV_156,C_dense,ff7c835c-6c9b-432d-8cb8-4a34491c9eee,suppressed,False,unavailable,not_generated,
Sparkov,FOLLOWUP_SPARKOV_161,B_lexical,000c5781-aafb-4e9b-a205-7215f8dab1fe,completed,True,available,available,0.0
Sparkov,FOLLOWUP_SPARKOV_161,C_dense,0178d84b-08b6-4a0a-bef8-4b6581b9d90a,suppressed,False,unavailable,not_generated,
Sparkov,FOLLOWUP_SPARKOV_164,B_dense,0df65796-654f-4ed0-ab9a-920637512c5f,completed,True,unavailable,candidate_invalid_json,
Sparkov,FOLLOWUP_SPARKOV_169,C_dense,0ee0ff52-e050-451d-9a01-604c343d7a2a,suppressed,False,unavailable,not_generated,
Sparkov,FOLLOWUP_SPARKOV_167,D_hybrid,1128ce4b-7bb5-44cc-882b-d414927313c5,suppressed,False,unavailable,not_generated,
Sparkov,FOLLOWUP_SPARKOV_170,C_dense,1a671c35-351e-4f1b-a46b-d9ff1e89eb40,suppressed,False,unavailable,not_generated,
Sparkov,FOLLOWUP_SPARKOV_164,C_lexical,1e4c5b8f-d6aa-4af8-812b-4392769bf25a,suppressed,False,unavailable,not_generated,
Sparkov,FOLLOWUP_SPARKOV_161,B_dense,1f88c5ba-13db-4198-b624-49040354334c,completed,True,unavailable,candidate_invalid_json,
Sparkov,FOLLOWUP_SPARKOV_163,B_lexical,24968df1-6c0d-4c5c-addd-d528f7b08a53,completed,True,unavailable,candidate_invalid_json,
Sparkov,FOLLOWUP_SPARKOV_166,A_direct,27a5d2bd-b4ff-4a01-8359-06a430bd58cb,completed,True,available,available,1.0
Sparkov,FOLLOWUP_SPARKOV_163,D_hybrid,28d34ce1-c536-44ea-983d-7ff912e0747b,suppressed,False,unavailable,not_generated,
Sparkov,FOLLOWUP_SPARKOV_167,B_lexical,2af5cfbb-b43e-47e1-b2b2-bdfd5dafbc88,completed,True,available,available,0.0
Sparkov,FOLLOWUP_SPARKOV_162,A_direct,2c1e5b29-d552-4d2a-a055-4e2f4d0c6657,completed,True,available,available,1.0
Sparkov,FOLLOWUP_SPARKOV_165,C_lexical,2c533967-6a75-4f5e-a0a3-349515bebe04,suppressed,False,unavailable,not_generated,
Sparkov,FOLLOWUP_SPARKOV_164,A_direct,34aa14cf-b92a-4538-a2ad-b3a82610941c,completed,True,unavailable,candidate_invalid_json,
Sparkov,FOLLOWUP_SPARKOV_165,A_direct,35805879-de21-491e-8207-f5aa45ccd201,completed,True,available,available,1.0
Sparkov,FOLLOWUP_SPARKOV_165,B_dense,37f69939-4b3d-4fb1-9d9b-c0a116c7e6ab,completed,True,unavailable,candidate_invalid_json,
Sparkov,FOLLOWUP_SPARKOV_166,C_lexical,4670604a-7e2a-4dfa-9685-4342a8f78480,suppressed,False,unavailable,not_generated,
Sparkov,FOLLOWUP_SPARKOV_168,C_lexical,4939eb4c-a95e-44e4-aa96-d52359516384,suppressed,False,unavailable,not_generated,
Sparkov,FOLLOWUP_SPARKOV_167,C_lexical,51ff0b4c-5e62-4125-bb24-1b2527a81d35,suppressed,False,unavailable,not_generated,
Sparkov,FOLLOWUP_SPARKOV_166,B_lexical,574544e2-d043-4c79-af4e-e79b4faf0c36,completed,True,available,available,0.0
Sparkov,FOLLOWUP_SPARKOV_169,B_dense,5e259124-f4a5-4fb2-80f9-13689339dad1,completed,True,available,available,0.0
Sparkov,FOLLOWUP_SPARKOV_166,C_dense,60a0004c-cf26-49b5-9803-6815003e6a75,suppressed,False,unavailable,not_generated,
Sparkov,FOLLOWUP_SPARKOV_162,B_dense,612ae0ca-bc0c-4ef9-ac7a-9e55f414b8b9,completed,True,available,available,0.0
Sparkov,FOLLOWUP_SPARKOV_167,C_dense,6249db13-6373-4933-a459-0b52687a2a75,suppressed,False,unavailable,not_generated,
Sparkov,FOLLOWUP_SPARKOV_164,C_dense,631eac48-9807-4c61-94de-2171bddbd4c6,suppressed,False,unavailable,not_generated,
Sparkov,FOLLOWUP_SPARKOV_162,C_lexical,63280a12-7957-4743-8c5e-e209e360af9d,suppressed,False,unavailable,not_generated,
Sparkov,FOLLOWUP_SPARKOV_163,B_dense,63967436-e006-4d9a-8664-6092fceeb420,completed,True,available,available,0.0
Sparkov,FOLLOWUP_SPARKOV_169,A_direct,63e11871-8d27-4180-a9e3-3dd22a36dda7,completed,True,available,available,1.0
Sparkov,FOLLOWUP_SPARKOV_170,B_dense,64736892-29da-49f9-b43f-094cbab6bb79,completed,True,unavailable,candidate_invalid_json,
Sparkov,FOLLOWUP_SPARKOV_166,B_dense,6e50efe9-ed9f-4590-820f-86e603355571,completed,True,unavailable,candidate_invalid_json,
Sparkov,FOLLOWUP_SPARKOV_165,C_dense,72f8ea89-e9f9-4200-a908-a553a96aa6ee,suppressed,False,unavailable,not_generated,
Sparkov,FOLLOWUP_SPARKOV_164,B_lexical,731fcbff-67ac-4a4d-846b-85305d217aec,completed,True,available,available,1.0
Sparkov,FOLLOWUP_SPARKOV_166,D_hybrid,75a0cd6f-67c9-4298-b40f-9172270e5543,suppressed,False,unavailable,not_generated,
Sparkov,FOLLOWUP_SPARKOV_163,C_lexical,78e73dfe-049c-40a7-b557-f2d30eaca0f2,suppressed,False,unavailable,not_generated,
Sparkov,FOLLOWUP_SPARKOV_170,B_lexical,832461ea-38b9-4153-880e-3f9233d26e04,completed,True,available,available,0.0
Sparkov,FOLLOWUP_SPARKOV_170,A_direct,8571c1ee-6a0d-49e7-907d-15e04134e8db,completed,True,available,available,0.8
Sparkov,FOLLOWUP_SPARKOV_167,B_dense,89cb644d-b97d-475c-a810-4c8f73026376,completed,True,available,available,0.0
Sparkov,FOLLOWUP_SPARKOV_169,D_hybrid,8e782ed0-cdd6-41d9-8933-83ebc891a8c8,suppressed,False,unavailable,not_generated,
Sparkov,FOLLOWUP_SPARKOV_161,A_direct,94ef0eee-cfbe-4512-b953-1b5a373b09e0,completed,True,available,available,1.0
Sparkov,FOLLOWUP_SPARKOV_168,B_lexical,9cb2e92a-be71-447c-a37a-610041d9f2a4,completed,True,available,available,0.0
Sparkov,FOLLOWUP_SPARKOV_168,C_dense,a6389710-2739-4c23-82a9-ad5577278465,suppressed,False,unavailable,not_generated,
Sparkov,FOLLOWUP_SPARKOV_168,D_hybrid,b5514548-186d-474c-bbea-333c8dbfb955,suppressed,False,unavailable,not_generated,
Sparkov,FOLLOWUP_SPARKOV_162,D_hybrid,ba66f515-0887-4be3-87ae-4b03c9b44fb4,suppressed,False,unavailable,not_generated,
Sparkov,FOLLOWUP_SPARKOV_162,C_dense,c11bf754-1f17-4cc3-9917-d573579c6048,suppressed,False,unavailable,not_generated,
Sparkov,FOLLOWUP_SPARKOV_164,D_hybrid,c48b20e9-2fdb-46b4-8495-e6fbdc901f0f,suppressed,False,unavailable,not_generated,
Sparkov,FOLLOWUP_SPARKOV_168,B_dense,cba42763-e0ed-4ed8-a70b-d3039f935546,completed,True,unavailable,candidate_invalid_json,
Sparkov,FOLLOWUP_SPARKOV_165,B_lexical,cd487e04-babf-4e5c-b250-251ec03750f9,completed,True,available,available,0.666667
Sparkov,FOLLOWUP_SPARKOV_167,A_direct,cdaa2547-5ad5-4053-95a3-cb921296a1db,completed,True,available,available,1.0
Sparkov,FOLLOWUP_SPARKOV_161,C_lexical,d1efb9fd-76a8-4c4a-aed7-d0abc9f20e75,suppressed,False,unavailable,not_generated,
Sparkov,FOLLOWUP_SPARKOV_170,D_hybrid,dd893f47-caef-473e-9d1f-90b43407da85,suppressed,False,unavailable,not_generated,
Sparkov,FOLLOWUP_SPARKOV_169,C_lexical,eaae5719-b5d1-493d-af6a-e2502d3784f7,suppressed,False,unavailable,not_generated,
Sparkov,FOLLOWUP_SPARKOV_168,A_direct,ec673d7e-6d94-40ff-a3ed-70808fb87020,completed,True,unavailable,candidate_invalid_json,
Sparkov,FOLLOWUP_SPARKOV_162,B_lexical,ec6e5682-dd12-4f2b-934e-fb6faf8ad03b,completed,True,available,available,0.0
Sparkov,FOLLOWUP_SPARKOV_161,D_hybrid,f0bbcec3-fb79-490c-bd7d-ec85fc029abf,suppressed,False,unavailable,not_generated,
Sparkov,FOLLOWUP_SPARKOV_169,B_lexical,f584e3da-6ee0-4fab-90be-a7e2ff21caeb,completed,True,unavailable,candidate_invalid_json,
Sparkov,FOLLOWUP_SPARKOV_163,A_direct,f8017815-d032-4487-8ec2-5a56c2803ed5,completed,True,available,available,1.0
Sparkov,FOLLOWUP_SPARKOV_170,C_lexical,fc200f01-e313-48e7-b31c-e1403f59627d,suppressed,False,unavailable,not_generated,
Sparkov,FOLLOWUP_SPARKOV_165,D_hybrid,fddc876a-fa61-4c38-8c6b-2f130773d990,suppressed,False,unavailable,not_generated,
Sparkov,FOLLOWUP_SPARKOV_163,C_dense,fde405c7-5a8b-42ac-a875-a62569861d53,suppressed,False,unavailable,not_generated,
Sparkov,FOLLOWUP_SPARKOV_178,C_lexical,02123edb-be38-4cf8-8b6c-0673cb25393f,suppressed,False,unavailable,not_generated,
Sparkov,FOLLOWUP_SPARKOV_177,C_lexical,0530d298-fbdf-4a5f-9f5c-1da7bc1b5976,suppressed,False,unavailable,not_generated,
Sparkov,FOLLOWUP_SPARKOV_178,C_dense,0b36af4b-df4a-4239-9ea6-77b7942364b7,suppressed,False,unavailable,not_generated,
Sparkov,FOLLOWUP_SPARKOV_173,A_direct,15c7234d-3818-4e4b-9ec8-2eb9933bcd51,completed,True,available,available,1.0
Sparkov,FOLLOWUP_SPARKOV_171,B_lexical,1753cb06-9d29-4449-a6c1-be5874550efc,completed,True,unavailable,candidate_invalid_json,
Sparkov,FOLLOWUP_SPARKOV_175,C_lexical,28dea4a9-10fc-4832-8b6e-893bb38d5419,suppressed,False,unavailable,not_generated,
Sparkov,FOLLOWUP_SPARKOV_180,A_direct,3c35e070-50d5-45df-ab3a-4d8c09e67fd5,completed,True,available,available,1.0
Sparkov,FOLLOWUP_SPARKOV_180,B_lexical,3d869971-e62b-4489-a645-aff53c152b0b,completed,True,available,available,0.0
Sparkov,FOLLOWUP_SPARKOV_176,C_dense,429ee8e1-d7c5-4278-b2ce-ddff77c1310e,suppressed,False,unavailable,not_generated,
Sparkov,FOLLOWUP_SPARKOV_171,A_direct,42c877cb-986d-482c-a98e-cbd7ab233d20,completed,True,available,available,1.0
Sparkov,FOLLOWUP_SPARKOV_172,C_dense,43edd9a3-6599-4af9-aba4-542749ada8a6,suppressed,False,unavailable,not_generated,
Sparkov,FOLLOWUP_SPARKOV_175,B_dense,4743a665-bb0f-4b4a-8e29-772d07207848,completed,True,unavailable,candidate_invalid_json,
Sparkov,FOLLOWUP_SPARKOV_177,D_hybrid,52199492-1098-4712-978a-a3115829a0fd,suppressed,False,unavailable,not_generated,
Sparkov,FOLLOWUP_SPARKOV_177,C_dense,53275c58-a8f8-48c2-a64e-81e4b6054b63,suppressed,False,unavailable,not_generated,
Sparkov,FOLLOWUP_SPARKOV_176,A_direct,58fdbcf7-f385-40b6-a175-296922667c66,completed,True,available,available,1.0
Sparkov,FOLLOWUP_SPARKOV_173,D_hybrid,5a05eb2a-59e1-427d-97bb-5a65195ef088,suppressed,False,unavailable,not_generated,
Sparkov,FOLLOWUP_SPARKOV_173,B_dense,5b9f9de7-c758-4264-987e-b125306bf5b7,completed,True,available,available,0.0
Sparkov,FOLLOWUP_SPARKOV_177,A_direct,5bb92a7b-3187-40b5-99b8-47fb86a6be38,completed,True,available,available,1.0
Sparkov,FOLLOWUP_SPARKOV_179,D_hybrid,5be029a7-aec8-4ea3-b199-9292f36db39c,suppressed,False,unavailable,not_generated,
Sparkov,FOLLOWUP_SPARKOV_179,C_lexical,639dd3db-295d-46e4-b247-f34180dea5b1,suppressed,False,unavailable,not_generated,
Sparkov,FOLLOWUP_SPARKOV_178,B_dense,67ae2a09-4c2e-4fbb-8f2f-df104dd4bc07,completed,True,available,available,0.0
Sparkov,FOLLOWUP_SPARKOV_178,A_direct,6d5f2883-a053-4941-a2c3-7999849f1582,completed,True,unavailable,candidate_invalid_json,
Sparkov,FOLLOWUP_SPARKOV_174,B_dense,73b4d3e2-3991-4a84-87a6-7aefc7a36405,completed,True,available,available,1.0
Sparkov,FOLLOWUP_SPARKOV_178,B_lexical,7468c0eb-c019-4b0e-baaa-4bbbac7783f5,completed,True,unavailable,candidate_invalid_json,
Sparkov,FOLLOWUP_SPARKOV_173,C_dense,7714825f-ce93-4ce5-9a77-713333df32d5,suppressed,False,unavailable,not_generated,
Sparkov,FOLLOWUP_SPARKOV_177,B_lexical,78bbe5c4-7325-440f-9e3d-852288a2c601,completed,True,unavailable,candidate_invalid_json,
Sparkov,FOLLOWUP_SPARKOV_175,C_dense,791799f9-7c72-4602-92bc-8c53f77626ac,suppressed,False,unavailable,not_generated,
Sparkov,FOLLOWUP_SPARKOV_172,D_hybrid,7e686ccf-7fe0-41b6-af10-99fd20a21170,suppressed,False,unavailable,not_generated,
Sparkov,FOLLOWUP_SPARKOV_179,B_dense,85e1eb03-ce2b-45fe-8a94-43b678032d2b,completed,True,available,available,0.0
Sparkov,FOLLOWUP_SPARKOV_176,B_dense,8807fa44-d952-479e-acf8-dcc58cc334cb,completed,True,available,available,0.0
Sparkov,FOLLOWUP_SPARKOV_174,C_dense,89e1f923-b170-445c-87c5-d61e716ae3b4,suppressed,False,unavailable,not_generated,
Sparkov,FOLLOWUP_SPARKOV_175,A_direct,8bef443f-4fb1-4012-b264-5cdee990c85a,completed,True,available,available,1.0
Sparkov,FOLLOWUP_SPARKOV_174,A_direct,8db84629-ab58-4e08-be3d-b8d20950f753,completed,True,unavailable,candidate_invalid_json,
Sparkov,FOLLOWUP_SPARKOV_175,B_lexical,95861c3d-e54f-40c6-9976-644ef57fc929,completed,True,unavailable,candidate_invalid_json,
Sparkov,FOLLOWUP_SPARKOV_174,B_lexical,9b439ce7-41b2-40b9-91bc-52b6430e3b3c,completed,True,unavailable,candidate_invalid_json,
Sparkov,FOLLOWUP_SPARKOV_178,D_hybrid,9d354afc-b285-4570-811a-07442e65adcd,suppressed,False,unavailable,not_generated,
Sparkov,FOLLOWUP_SPARKOV_176,D_hybrid,9f3d88aa-543b-4db2-9020-c5f263b9ca02,suppressed,False,unavailable,not_generated,
Sparkov,FOLLOWUP_SPARKOV_172,B_lexical,a00746e2-e0db-4bb3-aef1-e10c72f3d35a,completed,True,unavailable,candidate_invalid_json,
Sparkov,FOLLOWUP_SPARKOV_180,C_dense,a29fe73d-71c6-43c9-b71f-5391bbec8c01,suppressed,False,unavailable,not_generated,
Sparkov,FOLLOWUP_SPARKOV_172,B_dense,a486a122-276e-464a-9029-a9a6f5c07541,completed,True,available,available,0.0
Sparkov,FOLLOWUP_SPARKOV_174,D_hybrid,a4a7b3f8-37c3-4d4a-8db1-2ba20cdef2bc,suppressed,False,unavailable,not_generated,
Sparkov,FOLLOWUP_SPARKOV_180,C_lexical,ae8e4ba8-e8e5-4549-9f57-46350650e28b,suppressed,False,unavailable,not_generated,
Sparkov,FOLLOWUP_SPARKOV_173,B_lexical,b05846cd-78df-48a2-bdc8-3dbf94f65585,completed,True,available,available,0.0
Sparkov,FOLLOWUP_SPARKOV_171,B_dense,ba3a98f5-f20e-4d99-9b9f-34dc05445701,completed,True,unavailable,candidate_invalid_json,
Sparkov,FOLLOWUP_SPARKOV_172,C_lexical,bb907ae1-3148-4db6-b3f9-ec06ea071dfb,suppressed,False,unavailable,not_generated,
Sparkov,FOLLOWUP_SPARKOV_174,C_lexical,c7172455-520a-4902-846f-546b37bce206,suppressed,False,unavailable,not_generated,
Sparkov,FOLLOWUP_SPARKOV_172,A_direct,d28cc3a9-3223-448d-b2df-1546bff7cf4c,completed,True,available,available,0.0
Sparkov,FOLLOWUP_SPARKOV_180,B_dense,d348ed57-0b02-44d3-af20-6bf78f4497f9,completed,True,available,available,0.0
Sparkov,FOLLOWUP_SPARKOV_171,D_hybrid,d40b9d27-9d9b-44a4-a9fc-629a0c025a6a,suppressed,False,unavailable,not_generated,
Sparkov,FOLLOWUP_SPARKOV_177,B_dense,d8fa6c61-daba-4e9d-a3c9-5a4dd2607b81,completed,True,unavailable,candidate_invalid_json,
Sparkov,FOLLOWUP_SPARKOV_171,C_lexical,e03bffce-c2a3-4c37-b1d3-ef2b6f7d87b7,suppressed,False,unavailable,not_generated,
Sparkov,FOLLOWUP_SPARKOV_179,A_direct,e0cb6067-1ad0-41c0-8e94-50be94b6f548,completed,True,available,available,1.0
Sparkov,FOLLOWUP_SPARKOV_179,B_lexical,e0e9bbb0-6ac1-41ce-87d1-ac1ae63c2cdb,completed,True,available,available,0.0
Sparkov,FOLLOWUP_SPARKOV_176,B_lexical,e5c0a4d3-ea7a-4d23-b38a-e7257ba5d7ac,completed,True,available,available,1.0
Sparkov,FOLLOWUP_SPARKOV_175,D_hybrid,e71af7ef-2cd9-4c59-b00d-34576158b70b,suppressed,False,unavailable,not_generated,
Sparkov,FOLLOWUP_SPARKOV_180,D_hybrid,e73ebd1e-1267-4b9c-bb3a-eceffb0524a4,suppressed,False,unavailable,not_generated,
Sparkov,FOLLOWUP_SPARKOV_179,C_dense,ee662c28-68c2-412f-b1ba-73a609ed9e99,suppressed,False,unavailable,not_generated,
Sparkov,FOLLOWUP_SPARKOV_173,C_lexical,f9944036-b7bb-4533-a471-84ccc1df85bf,suppressed,False,unavailable,not_generated,
Sparkov,FOLLOWUP_SPARKOV_176,C_lexical,fde39ef7-0050-4fa5-82c1-e2d33ce9d0a5,suppressed,False,unavailable,not_generated,
Sparkov,FOLLOWUP_SPARKOV_171,C_dense,ff6716cd-4d87-4f68-adbc-c896a6a1484c,suppressed,False,unavailable,not_generated,
Sparkov,FOLLOWUP_SPARKOV_184,B_lexical,03f53032-4dab-4842-b33a-2e325503ecc8,completed,True,unavailable,candidate_invalid_json,
Sparkov,FOLLOWUP_SPARKOV_181,B_lexical,0938ecb4-a553-4bb6-8bb5-9f67a06e657c,completed,True,available,available,0.0
Sparkov,FOLLOWUP_SPARKOV_188,B_dense,0d7b7293-31fa-45c4-a6be-1189dbabca61,completed,True,available,available,0.0
Sparkov,FOLLOWUP_SPARKOV_181,D_hybrid,162799c7-0930-42ab-b340-484b607f6d51,suppressed,False,unavailable,not_generated,
Sparkov,FOLLOWUP_SPARKOV_185,A_direct,16ef4884-9e98-458e-8ea0-d535ff4c548a,completed,True,unavailable,candidate_invalid_json,
Sparkov,FOLLOWUP_SPARKOV_185,C_dense,1a8fc604-269d-48b1-afed-8f8dd831c850,suppressed,False,unavailable,not_generated,
Sparkov,FOLLOWUP_SPARKOV_188,B_lexical,1d415446-01ab-48e5-b23e-af0219d947d2,completed,True,unavailable,candidate_invalid_json,
Sparkov,FOLLOWUP_SPARKOV_181,C_dense,227ad282-ffd3-4c21-bd32-57e3c1863837,suppressed,False,unavailable,not_generated,
Sparkov,FOLLOWUP_SPARKOV_183,D_hybrid,3607cbe3-57fa-4d1c-84e5-da419d75e2ad,suppressed,False,unavailable,not_generated,
Sparkov,FOLLOWUP_SPARKOV_187,A_direct,37001e54-037e-4afd-9910-a6037e937fb4,completed,True,available,available,0.0
Sparkov,FOLLOWUP_SPARKOV_182,B_lexical,3fe80a32-daa0-41fa-bd68-c9b91e18151b,completed,True,available,available,0.0
Sparkov,FOLLOWUP_SPARKOV_184,C_lexical,41961bad-1ec7-42b9-8d7f-469137cc6d09,suppressed,False,unavailable,not_generated,
Sparkov,FOLLOWUP_SPARKOV_182,A_direct,4389bbac-b5af-45f6-9ef3-9977205112b1,completed,True,unavailable,candidate_invalid_json,
Sparkov,FOLLOWUP_SPARKOV_189,C_lexical,4a810ae5-2833-4124-8ec2-45e8fc2c1279,suppressed,False,unavailable,not_generated,
Sparkov,FOLLOWUP_SPARKOV_186,A_direct,4cf339ae-363f-4416-b1ae-894fab7d6847,completed,True,available,available,1.0
Sparkov,FOLLOWUP_SPARKOV_189,D_hybrid,4e9a7b6b-307e-4e6d-babe-20da3a83ef8b,suppressed,False,unavailable,not_generated,
Sparkov,FOLLOWUP_SPARKOV_186,C_lexical,514444a0-986a-4494-b5ee-3f5e723a4a1a,suppressed,False,unavailable,not_generated,
Sparkov,FOLLOWUP_SPARKOV_183,C_dense,52bdba09-55a5-4302-9b5f-e5b702162c58,suppressed,False,unavailable,not_generated,
Sparkov,FOLLOWUP_SPARKOV_182,C_dense,5559da9c-4260-4dcf-9031-2fd2acc64ece,suppressed,False,unavailable,not_generated,
Sparkov,FOLLOWUP_SPARKOV_189,B_lexical,5bb4c5a8-2f72-4b82-ace7-ca02c0104a0c,completed,True,available,available,0.0
Sparkov,FOLLOWUP_SPARKOV_185,B_lexical,5cee33dc-3906-4205-8324-8776e19c978e,completed,True,unavailable,candidate_invalid_json,
Sparkov,FOLLOWUP_SPARKOV_185,B_dense,5d7488f3-e5de-4bdc-892e-ba232d5ffc64,completed,True,available,available,0.0
Sparkov,FOLLOWUP_SPARKOV_190,D_hybrid,5e0dc6b0-137d-4267-84d3-4ee2a95965fe,suppressed,False,unavailable,not_generated,
Sparkov,FOLLOWUP_SPARKOV_190,B_dense,698f30b3-fe1c-4604-99a9-a0c11c4cb967,completed,True,available,available,0.0
Sparkov,FOLLOWUP_SPARKOV_188,A_direct,6f4c90e0-ab91-47d1-b55a-0fa2d7bb30fc,completed,True,unavailable,candidate_invalid_json,
Sparkov,FOLLOWUP_SPARKOV_188,C_lexical,727f3654-7990-433a-aca0-d62513c9a879,suppressed,False,unavailable,not_generated,
Sparkov,FOLLOWUP_SPARKOV_182,D_hybrid,72eae820-8bf4-47ea-8f55-acfd5c5c5eec,suppressed,False,unavailable,not_generated,
Sparkov,FOLLOWUP_SPARKOV_181,A_direct,7342e99e-4310-4aae-8774-314fc013314f,completed,True,available,available,0.0
Sparkov,FOLLOWUP_SPARKOV_184,A_direct,79cf3d24-1ab1-45c0-ae98-c252944e98c3,completed,True,unavailable,candidate_invalid_json,
Sparkov,FOLLOWUP_SPARKOV_183,C_lexical,7cde864b-3356-41fe-b10d-70d1c767fac0,suppressed,False,unavailable,not_generated,
Sparkov,FOLLOWUP_SPARKOV_190,B_lexical,86bd89d1-ef95-4d27-922c-20d47dd7c333,completed,True,unavailable,model_drivers_missing,
Sparkov,FOLLOWUP_SPARKOV_190,C_lexical,8bb33397-4aaa-495e-b4c5-fad5d546049b,suppressed,False,unavailable,not_generated,
Sparkov,FOLLOWUP_SPARKOV_189,B_dense,8d5eb1ea-456f-4c29-8022-11bf0c1831ce,completed,True,available,available,0.0
Sparkov,FOLLOWUP_SPARKOV_187,B_dense,8e253d22-4429-4190-a97a-0083b7ef659e,completed,True,available,available,0.0
Sparkov,FOLLOWUP_SPARKOV_185,C_lexical,9e03e366-2153-41f1-b614-7c306c24b58b,suppressed,False,unavailable,not_generated,
Sparkov,FOLLOWUP_SPARKOV_188,D_hybrid,9f144247-295b-4399-9415-94856156c95a,suppressed,False,unavailable,not_generated,
Sparkov,FOLLOWUP_SPARKOV_186,C_dense,a2a0d6bb-37d7-417d-b70d-9e94beff70a7,suppressed,False,unavailable,not_generated,
Sparkov,FOLLOWUP_SPARKOV_187,C_dense,a8e4e89d-069f-42f9-9dc1-92700121c7ca,suppressed,False,unavailable,not_generated,
Sparkov,FOLLOWUP_SPARKOV_186,B_lexical,af809f46-a78d-43e6-b7f0-f6181dcfceae,completed,True,unavailable,candidate_invalid_json,
Sparkov,FOLLOWUP_SPARKOV_190,A_direct,afa65e76-e61b-44e9-a445-a8b5bc72a6cf,completed,True,available,available,1.0
Sparkov,FOLLOWUP_SPARKOV_181,C_lexical,b81033e5-d18d-42d8-9e9d-7e416bfa683b,suppressed,False,unavailable,not_generated,
Sparkov,FOLLOWUP_SPARKOV_187,D_hybrid,b83e1125-5499-487f-915f-882905668d55,suppressed,False,unavailable,not_generated,
Sparkov,FOLLOWUP_SPARKOV_183,B_lexical,bfdfbd61-e999-4828-98f9-7eb1eb8e34d0,completed,True,available,available,1.0
Sparkov,FOLLOWUP_SPARKOV_184,B_dense,c23218fb-d089-4716-8d67-78fe08f6ece5,completed,True,unavailable,candidate_invalid_json,
Sparkov,FOLLOWUP_SPARKOV_187,B_lexical,c2bc1dac-b90f-43a4-b4f5-e3cd3a0b03eb,completed,True,available,available,0.0
Sparkov,FOLLOWUP_SPARKOV_186,B_dense,c371d73e-7fd3-4d61-8a48-252f0066fbc4,completed,True,available,available,1.0
Sparkov,FOLLOWUP_SPARKOV_188,C_dense,c5a68cf8-7304-4d67-a6fc-4e17a24d14e3,suppressed,False,unavailable,not_generated,
Sparkov,FOLLOWUP_SPARKOV_184,C_dense,c64c1f80-5c5c-4b51-97e8-4b15e338d50f,suppressed,False,unavailable,not_generated,
Sparkov,FOLLOWUP_SPARKOV_189,A_direct,c78ea851-bd6f-4b13-85b2-a5d5d380fa0b,completed,True,available,available,1.0
Sparkov,FOLLOWUP_SPARKOV_182,B_dense,c8a8c8cf-3b24-4f38-a8d4-53223c6d2349,completed,True,available,available,0.0
Sparkov,FOLLOWUP_SPARKOV_185,D_hybrid,cd46f4f1-74f2-4f10-b19a-76a49d74d2c8,suppressed,False,unavailable,not_generated,
Sparkov,FOLLOWUP_SPARKOV_190,C_dense,ce5a6e63-dda2-44cc-a8d1-4fc1cfa7403e,suppressed,False,unavailable,not_generated,
Sparkov,FOLLOWUP_SPARKOV_184,D_hybrid,d04ba773-02e8-4b94-bae5-6b033baba6d1,suppressed,False,unavailable,not_generated,
Sparkov,FOLLOWUP_SPARKOV_183,B_dense,da80dadf-769e-43d4-8320-adaacf21028c,completed,True,available,available,0.0
Sparkov,FOLLOWUP_SPARKOV_181,B_dense,e03b0199-f23c-447b-99cf-9239d7932d0a,completed,True,unavailable,candidate_invalid_json,
Sparkov,FOLLOWUP_SPARKOV_182,C_lexical,e3276f3d-21ee-4585-a331-ef6609b4ff1b,suppressed,False,unavailable,not_generated,
Sparkov,FOLLOWUP_SPARKOV_183,A_direct,e37ab237-e2b4-474c-b4b9-481a8685643c,completed,True,available,available,1.0
Sparkov,FOLLOWUP_SPARKOV_186,D_hybrid,eb4d5ed1-9839-4489-8ce5-bdb69d1ef940,suppressed,False,unavailable,not_generated,
Sparkov,FOLLOWUP_SPARKOV_189,C_dense,eb4fcb1e-bea8-4a0d-a61d-8344072b1ef8,suppressed,False,unavailable,not_generated,
Sparkov,FOLLOWUP_SPARKOV_187,C_lexical,f7e2396e-c97d-4d10-9b6e-7d3f8e05ee8d,suppressed,False,unavailable,not_generated,
Sparkov,FOLLOWUP_SPARKOV_196,B_dense,096655a9-db5a-4eae-b23b-8fcfdc1a4efd,completed,True,unavailable,candidate_invalid_json,
Sparkov,FOLLOWUP_SPARKOV_197,B_lexical,0d66ab91-ab97-488b-9738-6d463eefab04,completed,True,available,available,0.0
Sparkov,FOLLOWUP_SPARKOV_194,B_lexical,0d85d4db-f0f6-4a8f-9901-90bcd3bdad64,completed,True,available,available,0.0
Sparkov,FOLLOWUP_SPARKOV_191,C_dense,0eb42328-3a68-40bc-8289-057e10709a0b,suppressed,False,unavailable,not_generated,
Sparkov,FOLLOWUP_SPARKOV_192,A_direct,10a61c8b-7636-4950-b374-0f42828d2cc4,completed,True,available,available,1.0
Sparkov,FOLLOWUP_SPARKOV_198,D_hybrid,19e82b90-8cdd-4a7a-945d-037d9ee0a547,suppressed,False,unavailable,not_generated,
Sparkov,FOLLOWUP_SPARKOV_198,B_lexical,1fea9ee4-334e-4dbe-a760-d10e7397224c,completed,True,unavailable,candidate_invalid_json,
Sparkov,FOLLOWUP_SPARKOV_197,C_lexical,2d7324a9-4af1-4410-b5ee-c2c2a23713c9,suppressed,False,unavailable,not_generated,
Sparkov,FOLLOWUP_SPARKOV_200,D_hybrid,38e410d5-aeb7-4a69-8bad-e65dba68f430,blocked,True,unavailable,candidate_invalid_json,
Sparkov,FOLLOWUP_SPARKOV_199,B_dense,424be383-8f28-4cb1-ae18-76adc0e29691,completed,True,available,available,0.0
Sparkov,FOLLOWUP_SPARKOV_199,A_direct,4b323d77-04fb-40c1-969a-c822b1a6adb8,completed,True,available,available,1.0
Sparkov,FOLLOWUP_SPARKOV_200,C_dense,4e71e518-519b-407e-90b7-e393807745c5,blocked,True,unavailable,candidate_invalid_json,
Sparkov,FOLLOWUP_SPARKOV_197,D_hybrid,50050dd5-1d9c-4d3e-af6c-14fad305af0f,suppressed,False,unavailable,not_generated,
Sparkov,FOLLOWUP_SPARKOV_196,B_lexical,562f02ea-923b-4bdf-8cdc-6c0a5fd981ff,completed,True,available,available,0.0
Sparkov,FOLLOWUP_SPARKOV_194,B_dense,5876a7ee-bd76-49b4-b322-b2c59a608979,completed,True,available,available,0.0
Sparkov,FOLLOWUP_SPARKOV_198,A_direct,5a0d53c1-7cea-45c4-8323-ab5cfb62f993,completed,True,unavailable,candidate_invalid_json,
Sparkov,FOLLOWUP_SPARKOV_195,B_lexical,62a8d1ed-2b38-4f36-970d-61e55575c865,completed,True,unavailable,candidate_invalid_json,
Sparkov,FOLLOWUP_SPARKOV_200,C_lexical,68480b5e-4c92-47ae-8893-1c33bfe57e2f,blocked,True,available,available,0.0
Sparkov,FOLLOWUP_SPARKOV_197,B_dense,70408c4d-8a19-49bb-a181-0245ec696f79,completed,True,available,available,0.0
Sparkov,FOLLOWUP_SPARKOV_192,B_lexical,71b129b5-5e57-4878-8683-5e331d869a59,completed,True,unavailable,candidate_invalid_json,
Sparkov,FOLLOWUP_SPARKOV_193,C_lexical,72f30ab0-d35f-4e2e-bae3-6de19b5588fd,suppressed,False,unavailable,not_generated,
Sparkov,FOLLOWUP_SPARKOV_193,C_dense,7552a188-2696-4be6-b6ef-7c49e9be4d92,suppressed,False,unavailable,not_generated,
Sparkov,FOLLOWUP_SPARKOV_191,B_dense,7aba6724-56e8-412a-a0b0-3af12e61856b,completed,True,unavailable,candidate_invalid_json,
Sparkov,FOLLOWUP_SPARKOV_199,C_lexical,89d5f50f-e515-4f39-8736-209fcd3304c7,suppressed,False,unavailable,not_generated,
Sparkov,FOLLOWUP_SPARKOV_192,C_lexical,8eeeb329-fb34-4e49-8308-ecbea8038f7d,suppressed,False,unavailable,not_generated,
Sparkov,FOLLOWUP_SPARKOV_195,A_direct,9276f52e-d47a-4f53-81d3-63f7ad4dcd7a,completed,True,unavailable,candidate_invalid_json,
Sparkov,FOLLOWUP_SPARKOV_195,C_dense,92b20304-9140-4af3-86c0-27254aa7c8cc,suppressed,False,unavailable,not_generated,
Sparkov,FOLLOWUP_SPARKOV_194,C_dense,92bf9aa9-8852-4d1a-b28c-60a1bf49172d,suppressed,False,unavailable,not_generated,
Sparkov,FOLLOWUP_SPARKOV_193,A_direct,99e30942-7fa0-441e-a638-9f146b55f803,completed,True,available,available,1.0
Sparkov,FOLLOWUP_SPARKOV_193,B_dense,9b604f3f-4c13-4275-9a6c-7feb1c39900e,completed,True,available,available,0.0
Sparkov,FOLLOWUP_SPARKOV_200,A_direct,9dbe20d9-c7c8-45c6-86b2-7b5d0acba6f0,completed,True,available,available,1.0
Sparkov,FOLLOWUP_SPARKOV_195,B_dense,a293dd95-fe4d-4f58-bb85-63490dd0f106,completed,True,available,available,0.0
Sparkov,FOLLOWUP_SPARKOV_197,A_direct,a3ba320e-6f32-49e4-bf34-add99eed82f6,completed,True,unavailable,candidate_invalid_json,
Sparkov,FOLLOWUP_SPARKOV_196,D_hybrid,a7259afa-bff5-4826-aae9-b40781205cd0,suppressed,False,unavailable,not_generated,
Sparkov,FOLLOWUP_SPARKOV_191,D_hybrid,a794ba9b-6d09-4b9a-8c33-82ff2e0c9d6a,suppressed,False,unavailable,not_generated,
Sparkov,FOLLOWUP_SPARKOV_191,B_lexical,a7f849ac-80c2-4ddd-b5ef-c5242663c062,completed,True,available,available,0.0
Sparkov,FOLLOWUP_SPARKOV_192,B_dense,a80d5e9e-7626-4c48-a970-ab4041b0513c,completed,True,available,available,0.0
Sparkov,FOLLOWUP_SPARKOV_198,B_dense,b692c8d4-1354-4066-994e-39bac8564074,completed,True,available,available,0.0
Sparkov,FOLLOWUP_SPARKOV_200,B_dense,bc46931c-4d61-4360-9291-08f95b3c18e0,completed,True,available,available,0.0
Sparkov,FOLLOWUP_SPARKOV_193,B_lexical,c500e9a7-f71f-45c2-b65a-7bde652888f0,completed,True,available,available,0.0
Sparkov,FOLLOWUP_SPARKOV_199,D_hybrid,c92f3fe8-9a50-40b3-adee-d907dc799803,suppressed,False,unavailable,not_generated,
Sparkov,FOLLOWUP_SPARKOV_200,B_lexical,cb22334c-b9a3-4c08-97ab-0fc75d412faf,completed,True,unavailable,candidate_invalid_json,
Sparkov,FOLLOWUP_SPARKOV_194,D_hybrid,cc302aa9-82ea-4682-9593-01d79ebde5ee,suppressed,False,unavailable,not_generated,
Sparkov,FOLLOWUP_SPARKOV_192,D_hybrid,d038c11d-2071-4bd1-8e89-20db91a5d40b,suppressed,False,unavailable,not_generated,
Sparkov,FOLLOWUP_SPARKOV_191,C_lexical,d18b33fc-c3c2-4558-a345-339667e0b01f,suppressed,False,unavailable,not_generated,
Sparkov,FOLLOWUP_SPARKOV_193,D_hybrid,d6f4fd39-664c-4d1f-8997-4d7e4c1f9da6,suppressed,False,unavailable,not_generated,
Sparkov,FOLLOWUP_SPARKOV_194,A_direct,d910490d-61dc-4090-b8ce-ae3c54d267d6,completed,True,unavailable,candidate_invalid_json,
Sparkov,FOLLOWUP_SPARKOV_198,C_dense,e0e8e4b9-3012-4f36-a920-4fef615815a4,suppressed,False,unavailable,not_generated,
Sparkov,FOLLOWUP_SPARKOV_191,A_direct,e1aa0fd3-934b-441a-a57e-a352295103c8,completed,True,available,available,0.0
Sparkov,FOLLOWUP_SPARKOV_196,A_direct,e92e70c9-5cfd-4094-9383-63108c315bdb,completed,True,available,available,1.0
Sparkov,FOLLOWUP_SPARKOV_192,C_dense,ea8a69f4-3182-4e4d-8423-349111f5075f,suppressed,False,unavailable,not_generated,
Sparkov,FOLLOWUP_SPARKOV_196,C_lexical,ea905a10-0af4-41db-b41b-eb28f3f9f53e,suppressed,False,unavailable,not_generated,
Sparkov,FOLLOWUP_SPARKOV_198,C_lexical,ec2d9594-a5c7-40ca-b699-76dd32c74185,suppressed,False,unavailable,not_generated,
Sparkov,FOLLOWUP_SPARKOV_196,C_dense,eed83b01-7a34-4cdd-aa09-cf581cbad59a,suppressed,False,unavailable,not_generated,
Sparkov,FOLLOWUP_SPARKOV_197,C_dense,efaba3ce-7842-437e-9113-ddd9aa85f5b1,suppressed,False,unavailable,not_generated,
Sparkov,FOLLOWUP_SPARKOV_195,D_hybrid,f001bae5-5284-4421-b6a0-78c30fe35b4e,suppressed,False,unavailable,not_generated,
Sparkov,FOLLOWUP_SPARKOV_199,C_dense,f6fa516e-ffd1-434e-97f3-5c9d0aab7685,suppressed,False,unavailable,not_generated,
Sparkov,FOLLOWUP_SPARKOV_194,C_lexical,f9f32662-1238-43fd-9042-3e06ca66f6c7,suppressed,False,unavailable,not_generated,
Sparkov,FOLLOWUP_SPARKOV_195,C_lexical,ff24d223-2fdf-46f8-8cbb-84bef3f43779,suppressed,False,unavailable,not_generated,
Sparkov,FOLLOWUP_SPARKOV_199,B_lexical,ff81b0ac-394a-4fdd-bac0-cf67b897305d,completed,True,available,available,1.0
Sparkov,FOLLOWUP_SPARKOV_202,D_hybrid,03775eda-5a1d-4294-adb1-0973d641cd74,blocked,True,unavailable,candidate_invalid_json,
Sparkov,FOLLOWUP_SPARKOV_208,B_lexical,040b7804-24bc-461e-83e7-fe920f66f093,completed,True,available,available,0.0
Sparkov,FOLLOWUP_SPARKOV_204,D_hybrid,13f93ace-25db-456b-9eed-5aad74944337,blocked,True,unavailable,candidate_invalid_json,
Sparkov,FOLLOWUP_SPARKOV_208,A_direct,187a90fd-cc81-4b33-b863-24e2c7e85cdf,completed,True,unavailable,model_drivers_missing,
Sparkov,FOLLOWUP_SPARKOV_210,C_lexical,1e4a7ff5-34f0-47b4-bae0-8e627b2b0089,blocked,True,available,available,0.0
Sparkov,FOLLOWUP_SPARKOV_206,A_direct,206e6fc6-1d01-4738-b0cc-990327528033,completed,True,available,available,1.0
Sparkov,FOLLOWUP_SPARKOV_204,B_dense,21af3ca7-df97-4225-ac3b-46f44ba679ca,completed,True,unavailable,candidate_invalid_json,
Sparkov,FOLLOWUP_SPARKOV_206,B_dense,21b5e4a2-af4f-4f8e-8270-57e7fc3c00d6,completed,True,unavailable,candidate_invalid_json,
Sparkov,FOLLOWUP_SPARKOV_208,D_hybrid,25791bde-45b7-488d-9b51-8465e92554c0,blocked,True,available,available,0.0
Sparkov,FOLLOWUP_SPARKOV_205,B_dense,29d94a51-42e4-4f16-9daa-fbef31ac6053,completed,True,available,available,0.0
Sparkov,FOLLOWUP_SPARKOV_205,A_direct,2bd5d008-6a20-4e84-aded-157095285b3f,completed,True,available,available,1.0
Sparkov,FOLLOWUP_SPARKOV_209,A_direct,3051b599-486a-4a37-b097-698e03488669,completed,True,available,available,1.0
Sparkov,FOLLOWUP_SPARKOV_209,C_dense,34e22dc8-04b7-4139-b0a8-f9c26cb55e94,blocked,True,available,available,0.0
Sparkov,FOLLOWUP_SPARKOV_207,C_lexical,38fc6db7-19ad-4603-af8a-375f812374aa,blocked,True,unavailable,candidate_invalid_json,
Sparkov,FOLLOWUP_SPARKOV_206,D_hybrid,3e49a485-79cf-4aaf-9715-f5b6c49f44f9,blocked,True,available,available,0.0
Sparkov,FOLLOWUP_SPARKOV_202,C_dense,54fa4d53-dbd0-4c61-8938-802aa8142ed1,blocked,True,unavailable,candidate_invalid_json,
Sparkov,FOLLOWUP_SPARKOV_205,C_dense,5744b3b4-445f-4776-9c93-dd236a6b6371,blocked,True,available,available,0.0
Sparkov,FOLLOWUP_SPARKOV_207,B_lexical,59b15040-dee4-4a3b-8eba-382341e51080,completed,True,unavailable,candidate_invalid_json,
Sparkov,FOLLOWUP_SPARKOV_207,A_direct,5af81050-fb91-45fd-8e1e-5891deba4e47,completed,True,available,available,1.0
Sparkov,FOLLOWUP_SPARKOV_207,B_dense,5ba3250d-3b89-4285-b7d3-fa0e5bb164bf,completed,True,available,available,0.0
Sparkov,FOLLOWUP_SPARKOV_204,C_lexical,68a3ba6f-4549-413b-aebe-84cee88b6f79,blocked,True,available,available,0.0
Sparkov,FOLLOWUP_SPARKOV_203,B_dense,699f8eab-1c4d-462a-b3c3-a4136b9faac0,completed,True,available,available,0.0
Sparkov,FOLLOWUP_SPARKOV_209,B_dense,787942f4-0521-4f4d-9cb5-b87db1240c61,completed,True,available,available,0.0
Sparkov,FOLLOWUP_SPARKOV_208,C_lexical,88d77a37-0afa-42a6-96b3-10631fc20fd4,blocked,True,available,available,0.0
Sparkov,FOLLOWUP_SPARKOV_201,B_lexical,8dc4a915-662b-4da7-983e-b48a1604c979,completed,True,available,available,0.0
Sparkov,FOLLOWUP_SPARKOV_210,D_hybrid,8f125d5d-d2a9-4cd4-b3e4-f5ff6e382558,blocked,True,unavailable,candidate_invalid_json,
Sparkov,FOLLOWUP_SPARKOV_206,C_lexical,965a79b5-cda1-461d-a2d8-d0ef1c689269,blocked,True,unavailable,candidate_invalid_json,
Sparkov,FOLLOWUP_SPARKOV_201,C_lexical,9669facc-fde4-4d7e-b9c8-083037780e13,blocked,True,unavailable,candidate_invalid_json,
Sparkov,FOLLOWUP_SPARKOV_201,B_dense,98dd3331-1351-47af-b5fc-1cb08404d79d,completed,True,unavailable,candidate_invalid_json,
Sparkov,FOLLOWUP_SPARKOV_209,D_hybrid,9d607828-0512-470c-bb7a-c0f9411c98ce,blocked,True,available,available,0.0
Sparkov,FOLLOWUP_SPARKOV_210,A_direct,a1950b15-f0ab-4b3f-9468-66046a317ced,completed,True,available,available,1.0
Sparkov,FOLLOWUP_SPARKOV_203,C_lexical,a1ef47af-facc-45e2-9f83-5e8dccb5161d,blocked,True,available,available,0.0
Sparkov,FOLLOWUP_SPARKOV_210,B_lexical,a734b575-920c-4b00-9d62-82ec0ec68b77,completed,True,available,available,0.0
Sparkov,FOLLOWUP_SPARKOV_206,C_dense,a77fe49c-9883-4a62-8701-30681242e34e,blocked,True,available,available,0.0
Sparkov,FOLLOWUP_SPARKOV_202,C_lexical,a8503a4b-561c-467c-a02a-529c7f8983f2,blocked,True,available,available,0.0
Sparkov,FOLLOWUP_SPARKOV_202,B_dense,a8f29f8e-0e6e-444d-a0e4-a4df73d48006,completed,True,available,available,0.0
Sparkov,FOLLOWUP_SPARKOV_205,B_lexical,a9926314-b0c6-42d0-ae5b-2696927fb826,completed,True,available,available,0.0
Sparkov,FOLLOWUP_SPARKOV_207,D_hybrid,aaedc85f-6ef0-41c8-97aa-66b0f734b028,blocked,True,available,available,0.0
Sparkov,FOLLOWUP_SPARKOV_203,A_direct,ab3df18e-ecdf-4e7c-b2df-101baf208746,completed,True,unavailable,candidate_invalid_json,
Sparkov,FOLLOWUP_SPARKOV_208,B_dense,b0481c0c-595f-4f6b-848c-fe0a0e21c6a9,completed,True,unavailable,candidate_invalid_json,
Sparkov,FOLLOWUP_SPARKOV_210,C_dense,b680b37a-c24e-4575-81c7-623555bd5dd9,blocked,True,unavailable,candidate_invalid_json,
Sparkov,FOLLOWUP_SPARKOV_203,D_hybrid,b992891c-09a8-4388-ae7e-49020c4a454e,blocked,True,available,available,0.0
Sparkov,FOLLOWUP_SPARKOV_209,C_lexical,be85f35d-4b52-449b-91da-46522672891e,blocked,True,available,available,0.0
Sparkov,FOLLOWUP_SPARKOV_201,A_direct,c0721ff4-f1e0-4c76-ac0b-354d10b90929,completed,True,available,available,1.0
Sparkov,FOLLOWUP_SPARKOV_204,B_lexical,c232d696-7ef6-402b-8805-08137823b351,completed,True,unavailable,candidate_invalid_json,
Sparkov,FOLLOWUP_SPARKOV_209,B_lexical,c82e0768-11a4-46a5-b461-2a4988f939fb,completed,True,available,available,0.0
Sparkov,FOLLOWUP_SPARKOV_202,A_direct,c96f89c5-45a4-4829-8145-1a06510dc27e,completed,True,available,available,0.0
Sparkov,FOLLOWUP_SPARKOV_205,C_lexical,cda6f6ca-5694-41e6-9904-69a2ca79b04a,blocked,True,available,available,0.0
Sparkov,FOLLOWUP_SPARKOV_201,C_dense,d487677b-cfa1-451a-a502-cf76fa44dd49,blocked,True,available,available,0.0
Sparkov,FOLLOWUP_SPARKOV_205,D_hybrid,d80da990-1ef3-4196-9d5c-676d6f5b6754,blocked,True,unavailable,candidate_invalid_json,
Sparkov,FOLLOWUP_SPARKOV_206,B_lexical,d8e522a1-60c6-4d90-a57b-1cf3d93822ba,completed,True,unavailable,candidate_invalid_json,
Sparkov,FOLLOWUP_SPARKOV_204,A_direct,db7d96ae-a0b2-449e-a78f-17880036d94a,completed,True,available,available,1.0
Sparkov,FOLLOWUP_SPARKOV_203,C_dense,e21501a5-b095-4c62-94f8-1e194a89e721,blocked,True,unavailable,candidate_invalid_json,
Sparkov,FOLLOWUP_SPARKOV_202,B_lexical,ea94a551-a306-4c01-87d5-f40228b2101e,completed,True,available,available,1.0
Sparkov,FOLLOWUP_SPARKOV_204,C_dense,ec4bd763-6799-4e4e-a319-7ec9cb37e1d8,blocked,True,available,available,0.0
Sparkov,FOLLOWUP_SPARKOV_207,C_dense,f26409aa-f4fe-4001-8014-c58bf2119c1f,blocked,True,unavailable,candidate_invalid_json,
Sparkov,FOLLOWUP_SPARKOV_201,D_hybrid,f28faed2-34a5-4b32-a200-2466083f09db,blocked,True,unavailable,candidate_invalid_json,
Sparkov,FOLLOWUP_SPARKOV_208,C_dense,f64e8967-3ed5-4347-981f-ffe961dd96ed,blocked,True,unavailable,candidate_invalid_json,
Sparkov,FOLLOWUP_SPARKOV_210,B_dense,f96d529e-b5ce-4f81-8ca3-fff0af01cf0c,completed,True,unavailable,candidate_invalid_json,
Sparkov,FOLLOWUP_SPARKOV_203,B_lexical,fb100583-53df-44aa-a2fa-0b7479e515fd,completed,True,available,available,1.0
Sparkov,FOLLOWUP_SPARKOV_214,C_dense,00bb1dab-2c73-4802-9570-2e9a4065cbe2,blocked,True,available,available,0.0
Sparkov,FOLLOWUP_SPARKOV_218,A_direct,00bc4234-44f6-4a14-a94d-5ef2dff3d923,completed,True,available,available,0.0
Sparkov,FOLLOWUP_SPARKOV_214,B_lexical,0161119d-0911-4afe-8ee4-6c37fdf5e5a5,completed,True,unavailable,candidate_invalid_json,
Sparkov,FOLLOWUP_SPARKOV_211,C_dense,04b1b8ae-530c-452b-ad9c-99b37486a7f2,blocked,True,available,available,0.0
Sparkov,FOLLOWUP_SPARKOV_212,B_dense,083aba40-43b3-4539-aab5-9a86ca2e14b2,completed,True,unavailable,candidate_invalid_json,
Sparkov,FOLLOWUP_SPARKOV_218,B_dense,0d0ebbe8-fefb-4375-83cf-2984f0ab7777,completed,True,available,available,0.0
Sparkov,FOLLOWUP_SPARKOV_220,C_lexical,1459e567-4dc3-4954-afd9-fcf17ccd856f,blocked,True,available,available,0.0
Sparkov,FOLLOWUP_SPARKOV_211,C_lexical,15133489-342d-4198-a4e6-6bb4e6af35a3,blocked,True,unavailable,candidate_invalid_json,
Sparkov,FOLLOWUP_SPARKOV_220,B_dense,1739c57e-a652-440b-99a7-11d8e3a726ab,completed,True,available,available,0.0
Sparkov,FOLLOWUP_SPARKOV_214,D_hybrid,18ecb1b6-0699-46a0-9db9-2de594fd352d,blocked,True,unavailable,candidate_invalid_json,
Sparkov,FOLLOWUP_SPARKOV_219,B_dense,21179257-1189-4fc0-a7df-b24c58568b47,completed,True,available,available,0.0
Sparkov,FOLLOWUP_SPARKOV_217,C_dense,29f8f2a5-3175-4d4d-92be-a862906e0b35,blocked,True,available,available,0.0
Sparkov,FOLLOWUP_SPARKOV_216,B_lexical,32e25565-2fcb-4fa0-b5a3-05926ebebd0b,completed,True,unavailable,candidate_invalid_json,
Sparkov,FOLLOWUP_SPARKOV_217,B_dense,32ea69f6-39c1-415a-868d-854c70abaf8a,completed,True,available,available,0.0
Sparkov,FOLLOWUP_SPARKOV_219,D_hybrid,39af1d66-cc7d-44e9-843e-a1711583e8a3,blocked,True,available,available,0.0
Sparkov,FOLLOWUP_SPARKOV_215,B_dense,408f6f2d-94be-4ed0-aa6c-69b9fc7ddbee,completed,True,available,available,0.0
Sparkov,FOLLOWUP_SPARKOV_215,A_direct,4196b972-3b4a-4a04-bd26-07bf541d1fe8,completed,True,available,available,1.0
Sparkov,FOLLOWUP_SPARKOV_212,C_dense,443e595d-88aa-4250-807e-94e4ec7eee52,blocked,True,available,available,0.0
Sparkov,FOLLOWUP_SPARKOV_213,B_dense,46aa8356-c747-4a53-bbfe-8ec1bfc33c2b,completed,True,available,available,0.0
Sparkov,FOLLOWUP_SPARKOV_219,A_direct,48c7f35f-b5c0-47ba-ba36-ec5c8da91032,completed,True,available,available,1.0
Sparkov,FOLLOWUP_SPARKOV_211,D_hybrid,4d9db1f4-9e50-440f-9191-ca06cacf4d8a,blocked,True,unavailable,candidate_invalid_json,
Sparkov,FOLLOWUP_SPARKOV_220,D_hybrid,4dac70f6-d5ff-40f9-ac2d-eee1ef2ee4ef,blocked,True,available,available,0.0
Sparkov,FOLLOWUP_SPARKOV_216,C_dense,542c0511-11fa-4c0d-be21-504043560e44,blocked,True,available,available,0.0
Sparkov,FOLLOWUP_SPARKOV_216,A_direct,55c70267-b056-4aec-9481-f6443efb1b48,completed,True,available,available,0.0
Sparkov,FOLLOWUP_SPARKOV_213,C_dense,57f4a56f-0750-4c4c-a723-fac19aaa7a70,blocked,True,available,available,0.0
Sparkov,FOLLOWUP_SPARKOV_212,A_direct,5ad5043b-db16-4b87-a14d-d9b295abf2ed,completed,True,available,available,0.8
Sparkov,FOLLOWUP_SPARKOV_215,D_hybrid,6883e088-0e37-435a-a60f-da24835193cd,blocked,True,available,available,0.0
Sparkov,FOLLOWUP_SPARKOV_211,B_lexical,6ad0c251-2239-4339-b281-6df60985477b,completed,True,available,available,1.0
Sparkov,FOLLOWUP_SPARKOV_213,D_hybrid,6bbf25af-6e5a-468e-90d9-283f006b4fe2,blocked,True,available,available,0.0
Sparkov,FOLLOWUP_SPARKOV_215,C_lexical,6c9956e2-743e-41db-9fa6-308a86f28771,blocked,True,available,available,0.0
Sparkov,FOLLOWUP_SPARKOV_218,D_hybrid,6f5fb462-1a4d-48be-8df2-33a937d39198,blocked,True,unavailable,candidate_invalid_json,
Sparkov,FOLLOWUP_SPARKOV_211,A_direct,7481d62f-5e6d-4ea0-9cf5-ba244ccb7563,completed,True,available,available,1.0
Sparkov,FOLLOWUP_SPARKOV_215,C_dense,7872dc04-0f6c-4ef3-a356-78e38cfd45ce,blocked,True,available,available,0.0
Sparkov,FOLLOWUP_SPARKOV_215,B_lexical,7d2c073b-8e59-4c97-9734-0105d73cad8f,completed,True,unavailable,candidate_invalid_json,
Sparkov,FOLLOWUP_SPARKOV_219,C_dense,8607b914-45ce-4b9c-b18a-65ce10959c83,blocked,True,available,available,0.0
Sparkov,FOLLOWUP_SPARKOV_214,C_lexical,89268aec-0a0b-4ed5-8d30-ee6fcc22204a,blocked,True,unavailable,candidate_invalid_json,
Sparkov,FOLLOWUP_SPARKOV_216,B_dense,8c5b6389-cfe1-4ad5-a0cb-119a39900bd0,completed,True,available,available,1.0
Sparkov,FOLLOWUP_SPARKOV_213,B_lexical,9d18e809-ba30-41d0-a6f1-cd75e4d7f487,completed,True,available,available,0.0
Sparkov,FOLLOWUP_SPARKOV_217,A_direct,a7fc9e17-87fa-46bf-8c8e-8c879a30bc87,completed,True,unavailable,candidate_invalid_json,
Sparkov,FOLLOWUP_SPARKOV_219,C_lexical,a80ef712-b62b-490e-90f5-6cb9e2837546,blocked,True,unavailable,candidate_invalid_json,
Sparkov,FOLLOWUP_SPARKOV_217,B_lexical,b095ea0d-0a60-4d29-ad73-4dc9dcede817,completed,True,unavailable,candidate_invalid_json,
Sparkov,FOLLOWUP_SPARKOV_217,D_hybrid,b4fea112-82a2-4def-a582-8be44ac4df86,blocked,True,available,available,0.0
Sparkov,FOLLOWUP_SPARKOV_211,B_dense,b89ae30a-2d49-421c-bb23-1232a25cbcea,completed,True,unavailable,candidate_invalid_json,
Sparkov,FOLLOWUP_SPARKOV_213,A_direct,c15a3803-3925-47b7-ac9d-3bc5e4c18a39,completed,True,available,available,1.0
Sparkov,FOLLOWUP_SPARKOV_214,B_dense,c26726e9-6f4b-442e-b6ce-b54b9b8f26cd,completed,True,available,available,0.0
Sparkov,FOLLOWUP_SPARKOV_212,B_lexical,c4ffc9b5-3954-4205-860c-a341e6922bbf,completed,True,available,available,0.0
Sparkov,FOLLOWUP_SPARKOV_217,C_lexical,d056e81e-7ecf-4d8a-8d9c-812b94298956,blocked,True,unavailable,candidate_invalid_json,
Sparkov,FOLLOWUP_SPARKOV_218,B_lexical,d26b63ff-3e51-4b86-8876-c82244cc1c72,completed,True,available,available,0.0
Sparkov,FOLLOWUP_SPARKOV_218,C_dense,d28d30c9-988e-4759-bee2-50dde1b82398,blocked,True,available,available,0.0
Sparkov,FOLLOWUP_SPARKOV_219,B_lexical,d46bc060-7cc8-4893-a25b-848c08e53cda,completed,True,available,available,0.0
Sparkov,FOLLOWUP_SPARKOV_214,A_direct,d4a3329e-9498-4829-9898-77ce241f36e6,completed,True,available,available,0.0
Sparkov,FOLLOWUP_SPARKOV_218,C_lexical,d52cc54b-32a7-4635-aaf0-2b84dbe4f66d,blocked,True,unavailable,candidate_invalid_json,
Sparkov,FOLLOWUP_SPARKOV_220,A_direct,d948617e-280d-48b2-911e-873bffff890a,completed,True,available,available,1.0
Sparkov,FOLLOWUP_SPARKOV_213,C_lexical,dc50e984-9900-467f-8083-b2b75d391688,blocked,True,available,available,0.0
Sparkov,FOLLOWUP_SPARKOV_212,C_lexical,dfca0898-99e3-492b-9143-5c9076012fa1,blocked,True,available,available,0.0
Sparkov,FOLLOWUP_SPARKOV_220,B_lexical,e79d48ab-6af0-4c4a-beb2-25de7da43d94,completed,True,available,available,0.0
Sparkov,FOLLOWUP_SPARKOV_216,C_lexical,e7f07f0f-bbee-4c27-893d-b0e5bb57def2,blocked,True,available,available,0.0
Sparkov,FOLLOWUP_SPARKOV_212,D_hybrid,ed199b74-26a8-4a95-8bfe-735c202cc7e7,blocked,True,available,available,0.0
Sparkov,FOLLOWUP_SPARKOV_220,C_dense,f05a92ac-4ffb-42b7-9b63-1afe3f4a8f7d,blocked,True,available,available,0.0
Sparkov,FOLLOWUP_SPARKOV_216,D_hybrid,f44b84db-9924-4ac7-ae10-45b66f00ebb8,blocked,True,available,available,0.0
Sparkov,FOLLOWUP_SPARKOV_228,C_dense,0127c161-3c51-4676-a673-c7b5abecf0d5,blocked,True,available,available,0.0
Sparkov,FOLLOWUP_SPARKOV_221,C_lexical,08350789-e4bb-441f-93fb-6eee0500df9d,blocked,True,available,available,0.0
Sparkov,FOLLOWUP_SPARKOV_228,D_hybrid,09e984a9-373a-445c-af93-e42c7645f86d,blocked,True,available,available,0.0
Sparkov,FOLLOWUP_SPARKOV_224,A_direct,0b66086d-1b2f-4282-bd3a-ca7391a3e0bc,completed,True,available,available,0.0
Sparkov,FOLLOWUP_SPARKOV_227,C_dense,0cce9ab6-7b04-4488-b22b-e2402076e7ff,blocked,True,unavailable,candidate_invalid_json,
Sparkov,FOLLOWUP_SPARKOV_229,C_dense,123cfd23-1be3-4497-b5de-40656885d58c,blocked,True,available,available,0.0
Sparkov,FOLLOWUP_SPARKOV_224,C_lexical,127ccda8-ca5b-42cb-abea-67229c2315d3,blocked,True,available,available,0.0
Sparkov,FOLLOWUP_SPARKOV_226,C_lexical,1a50eb1c-0469-4247-99d6-faaa6129167f,blocked,True,available,available,0.0
Sparkov,FOLLOWUP_SPARKOV_223,C_lexical,1d827257-1be3-4fae-b579-ee8b2fe4996a,blocked,True,available,available,0.0
Sparkov,FOLLOWUP_SPARKOV_224,D_hybrid,2209cd49-a6d0-405d-9e60-087db0c17505,blocked,True,available,available,0.0
Sparkov,FOLLOWUP_SPARKOV_227,C_lexical,256868b4-e255-4d70-9579-2f50e21fe894,blocked,True,unavailable,candidate_invalid_json,
Sparkov,FOLLOWUP_SPARKOV_227,B_dense,32e6d9b1-1d41-4875-903c-2edc4b1f7471,completed,True,unavailable,candidate_invalid_json,
Sparkov,FOLLOWUP_SPARKOV_228,B_dense,3589de93-fb08-4cdf-9e39-5895ceb15b09,completed,True,available,available,0.0
Sparkov,FOLLOWUP_SPARKOV_230,B_dense,359fd8e6-5518-4a08-801c-f78f65280002,completed,True,available,available,0.0
Sparkov,FOLLOWUP_SPARKOV_225,A_direct,36b35475-2a5e-4dbb-8739-b6f74a61aa80,completed,True,unavailable,candidate_invalid_json,
Sparkov,FOLLOWUP_SPARKOV_226,D_hybrid,36c700b4-ca77-422a-8157-5d4b19796df1,blocked,True,unavailable,candidate_invalid_json,
Sparkov,FOLLOWUP_SPARKOV_230,B_lexical,4157cf32-bba0-4b85-8c93-6118904f4322,completed,True,unavailable,candidate_invalid_json,
Sparkov,FOLLOWUP_SPARKOV_229,B_dense,41ec6b16-24fd-45d3-ae1c-8ecb6897afca,completed,True,available,available,0.0
Sparkov,FOLLOWUP_SPARKOV_222,D_hybrid,42610e41-d880-4c84-8bce-9f13ad1dbb00,blocked,True,unavailable,candidate_invalid_json,
Sparkov,FOLLOWUP_SPARKOV_227,D_hybrid,44cae461-e744-49a6-89b4-aac7e1b5c710,blocked,True,unavailable,candidate_invalid_json,
Sparkov,FOLLOWUP_SPARKOV_226,B_lexical,529f5f45-eec1-4d7c-9220-c72ee162dc90,completed,True,unavailable,candidate_invalid_json,
Sparkov,FOLLOWUP_SPARKOV_222,C_lexical,5b2366c0-4b5f-4944-b84d-8ae44a61e7af,blocked,True,available,available,0.0
Sparkov,FOLLOWUP_SPARKOV_222,B_lexical,5bc1af97-74a8-4b0b-9ba7-542d96b29d2d,completed,True,available,available,0.0
Sparkov,FOLLOWUP_SPARKOV_230,C_dense,5fa7ecd8-16e1-45b3-99d8-ef10f7d7d5f1,blocked,True,available,available,0.0
Sparkov,FOLLOWUP_SPARKOV_223,D_hybrid,5fd7fbc4-dfeb-4416-9d58-a47142676192,blocked,True,available,available,0.0
Sparkov,FOLLOWUP_SPARKOV_221,B_dense,607024ae-9ebe-439b-91ca-3132e10511dc,completed,True,available,available,0.0
Sparkov,FOLLOWUP_SPARKOV_225,B_dense,63a41cd9-6a9d-4ac8-8a4c-112017714216,completed,True,unavailable,candidate_invalid_json,
Sparkov,FOLLOWUP_SPARKOV_221,D_hybrid,658543b7-5af0-4782-9aa7-b656e3c9d65b,blocked,True,available,available,0.0
Sparkov,FOLLOWUP_SPARKOV_221,A_direct,68ae9a49-532a-4d8b-9577-6e10253a5b01,completed,True,available,available,0.0
Sparkov,FOLLOWUP_SPARKOV_229,C_lexical,70d7b7a5-bcb1-43bc-aa4b-5b2eff4010eb,blocked,True,available,available,0.0
Sparkov,FOLLOWUP_SPARKOV_227,A_direct,7169c352-fccd-4653-8f42-08e0886be2d1,completed,True,available,available,1.0
Sparkov,FOLLOWUP_SPARKOV_223,B_lexical,7c5ef506-26cf-456e-a0b0-325c419eaa66,completed,True,available,available,0.0
Sparkov,FOLLOWUP_SPARKOV_222,C_dense,7e54e5ae-99d0-4d00-a116-e070357f7a23,blocked,True,unavailable,candidate_invalid_json,
Sparkov,FOLLOWUP_SPARKOV_226,B_dense,7f87d36d-0705-4c1d-9c5a-dab24c9ec9f5,completed,True,available,available,0.0
Sparkov,FOLLOWUP_SPARKOV_230,A_direct,854bf5ad-07cf-4939-94e5-dce20120fa57,completed,True,available,available,1.0
Sparkov,FOLLOWUP_SPARKOV_228,C_lexical,8c9b3fc6-a2f0-421b-a0bb-e1115c206880,blocked,True,unavailable,candidate_invalid_json,
Sparkov,FOLLOWUP_SPARKOV_224,C_dense,9820145b-549c-426d-9608-d3ce830e3a3d,blocked,True,available,available,0.0
Sparkov,FOLLOWUP_SPARKOV_225,C_lexical,99aa0ef3-a980-4b5f-9e9e-10c082e6e217,blocked,True,available,available,0.0
Sparkov,FOLLOWUP_SPARKOV_229,B_lexical,9e3730e1-adb0-4357-84f4-c3539e1a0b2f,completed,True,available,available,0.0
Sparkov,FOLLOWUP_SPARKOV_225,C_dense,9f33bdd1-462d-4b61-a3bc-481c9e3c52d4,blocked,True,available,available,0.0
Sparkov,FOLLOWUP_SPARKOV_226,A_direct,a0912ba3-4322-40bc-860e-7227c2b15b8b,completed,True,available,available,1.0
Sparkov,FOLLOWUP_SPARKOV_225,D_hybrid,a1737749-9295-4567-8a88-7bffbcf10a96,blocked,True,unavailable,candidate_invalid_json,
Sparkov,FOLLOWUP_SPARKOV_226,C_dense,ab4a3e80-2e25-4010-a314-a7655f244bb4,blocked,True,available,available,0.0
Sparkov,FOLLOWUP_SPARKOV_229,A_direct,ab6ab727-3a45-4c61-b073-8585beca5cce,completed,True,available,available,1.0
Sparkov,FOLLOWUP_SPARKOV_221,C_dense,ae37e7b1-b8f6-4d12-9182-f1732bff7b6c,blocked,True,available,available,0.0
Sparkov,FOLLOWUP_SPARKOV_224,B_lexical,b20823b9-2606-4334-a5f0-3a8152b84ee4,completed,True,available,available,0.0
Sparkov,FOLLOWUP_SPARKOV_225,B_lexical,b35ae338-dcf2-492b-aacb-ccf009a40990,completed,True,available,available,0.0
Sparkov,FOLLOWUP_SPARKOV_230,D_hybrid,b99976b3-75d3-4941-baae-ae7857825bf6,blocked,True,available,available,0.0
Sparkov,FOLLOWUP_SPARKOV_224,B_dense,bcff1e75-b071-4729-b489-697186317d69,completed,True,available,available,0.0
Sparkov,FOLLOWUP_SPARKOV_228,A_direct,c24da474-66e7-4ebc-8cac-7375b8b62bb8,completed,True,available,available,1.0
Sparkov,FOLLOWUP_SPARKOV_222,B_dense,c4f6c481-6f77-4bae-a911-07e08990e4cb,completed,True,available,available,0.0
Sparkov,FOLLOWUP_SPARKOV_228,B_lexical,c6a20693-a3d7-4c85-bfc3-0af53f8a1922,completed,True,unavailable,candidate_invalid_json,
Sparkov,FOLLOWUP_SPARKOV_230,C_lexical,c89fab0d-2949-4f95-84da-0574a7e35bac,blocked,True,available,available,0.0
Sparkov,FOLLOWUP_SPARKOV_222,A_direct,c991a391-df44-4e3e-9bad-63bf4a9c3a62,completed,True,available,available,1.0
Sparkov,FOLLOWUP_SPARKOV_223,A_direct,cebe3b8c-b696-4500-be80-41fd14776c48,completed,True,available,available,1.0
Sparkov,FOLLOWUP_SPARKOV_223,C_dense,e99110a2-f46c-4877-9d66-95083b1dc9c9,blocked,True,available,available,0.0
Sparkov,FOLLOWUP_SPARKOV_229,D_hybrid,e9fbebd1-0999-4355-8b84-99339254850a,blocked,True,available,available,0.0
Sparkov,FOLLOWUP_SPARKOV_221,B_lexical,ea2495a5-5297-444a-b4fb-782311427e48,completed,True,available,available,1.0
Sparkov,FOLLOWUP_SPARKOV_227,B_lexical,f944563c-5301-4c6a-91c4-9802f9ce0c78,completed,True,available,available,0.0
Sparkov,FOLLOWUP_SPARKOV_223,B_dense,fd7855e4-b676-4958-be6f-746fd9985fcf,completed,True,available,available,0.0
Sparkov,FOLLOWUP_SPARKOV_240,A_direct,0e69b7a6-2bc6-4d96-928a-1d2e725ca9e2,completed,True,available,available,0.0
Sparkov,FOLLOWUP_SPARKOV_240,C_lexical,121474b5-417a-443d-b115-e7aef272979c,blocked,True,available,available,0.0
Sparkov,FOLLOWUP_SPARKOV_231,C_dense,14192d06-c4b3-4c8c-b885-7d7aa7a8090b,blocked,True,unavailable,candidate_invalid_json,
Sparkov,FOLLOWUP_SPARKOV_240,B_dense,1656af22-4d4a-4236-992c-359b6676201d,completed,True,unavailable,model_drivers_missing,
Sparkov,FOLLOWUP_SPARKOV_237,B_lexical,2403160f-b52b-46a0-b752-6c423be40b2b,completed,True,available,available,1.0
Sparkov,FOLLOWUP_SPARKOV_234,B_lexical,2549e50f-8dc1-4aad-8fb1-bb79bbe65a9d,completed,True,available,available,0.0
Sparkov,FOLLOWUP_SPARKOV_236,C_lexical,2735d7c4-0ca6-4b29-89a0-1d27b3dcec65,blocked,True,available,available,0.0
Sparkov,FOLLOWUP_SPARKOV_234,B_dense,2acf2c48-9649-48e5-8f15-03e21e6d60de,completed,True,available,available,0.0
Sparkov,FOLLOWUP_SPARKOV_239,B_lexical,2c6b73b2-999a-4cb6-96c0-b486bdde9854,completed,True,unavailable,candidate_invalid_json,
Sparkov,FOLLOWUP_SPARKOV_238,B_dense,32aeb3ef-c99f-4174-b20e-6d5e8c3e9f61,completed,True,unavailable,candidate_invalid_json,
Sparkov,FOLLOWUP_SPARKOV_232,A_direct,3addf0e2-f138-4656-a199-851799e59506,completed,True,available,available,0.0
Sparkov,FOLLOWUP_SPARKOV_236,B_lexical,417f4d64-a1f2-4a53-bcf6-4c6406214232,completed,True,available,available,0.0
Sparkov,FOLLOWUP_SPARKOV_238,B_lexical,43c2293f-4495-4e91-b132-b1072b3f7cb1,completed,True,unavailable,candidate_invalid_json,
Sparkov,FOLLOWUP_SPARKOV_238,C_dense,43e816ee-8778-468f-80bf-7fced6abb79d,blocked,True,available,available,0.0
Sparkov,FOLLOWUP_SPARKOV_234,D_hybrid,4416ff02-cb07-4607-8e8e-49ff45df4aa3,blocked,True,available,available,0.0
Sparkov,FOLLOWUP_SPARKOV_235,A_direct,44faadd2-4ec8-4acf-bd12-f98dd3677e8f,completed,True,unavailable,candidate_invalid_json,
Sparkov,FOLLOWUP_SPARKOV_232,C_lexical,46601060-e669-403c-a141-ffe3800dd62c,blocked,True,available,available,0.0
Sparkov,FOLLOWUP_SPARKOV_231,A_direct,5302f6ba-3a88-4800-9c54-aae881995b4d,completed,True,available,available,0.0
Sparkov,FOLLOWUP_SPARKOV_232,C_dense,54cba23e-3b60-4247-b2ce-a7d12fdfd045,blocked,True,unavailable,candidate_invalid_json,
Sparkov,FOLLOWUP_SPARKOV_234,C_lexical,580070f4-c5df-4a06-a951-c8942aff46d9,blocked,True,available,available,0.0
Sparkov,FOLLOWUP_SPARKOV_239,A_direct,5c6cf01f-5ab3-4e90-862b-9a45c89630ba,completed,True,available,available,0.0
Sparkov,FOLLOWUP_SPARKOV_234,C_dense,5cd2f834-a5a7-439b-9074-c8d37e387961,blocked,True,available,available,0.0
Sparkov,FOLLOWUP_SPARKOV_238,C_lexical,617ffeb8-9e29-4886-be04-bbc6c436ccaa,blocked,True,available,available,0.0
Sparkov,FOLLOWUP_SPARKOV_232,D_hybrid,6192565e-a062-42ac-8f67-16f739339d8a,blocked,True,available,available,0.0
Sparkov,FOLLOWUP_SPARKOV_237,A_direct,633ce16a-8879-4bf2-b5de-70f022f8930c,completed,True,available,available,1.0
Sparkov,FOLLOWUP_SPARKOV_231,C_lexical,6d76a972-b416-4516-a310-7b6bf23bfd4c,blocked,True,available,available,0.0
Sparkov,FOLLOWUP_SPARKOV_237,D_hybrid,71147da5-2c93-49a3-9339-409ac25f3400,blocked,True,available,available,0.0
Sparkov,FOLLOWUP_SPARKOV_235,D_hybrid,721289b6-c689-42cd-a3a6-2e6a779a7a5a,blocked,True,available,available,0.0
Sparkov,FOLLOWUP_SPARKOV_233,B_lexical,8407ab2d-004f-400c-862b-164e8d211ca9,completed,True,available,available,0.0
Sparkov,FOLLOWUP_SPARKOV_236,B_dense,854d1751-2e51-4fb8-994e-8b5cd3f5856f,completed,True,available,available,0.0
Sparkov,FOLLOWUP_SPARKOV_239,B_dense,874fccef-ff9f-4c31-8a2f-058fcbbf5aaa,completed,True,available,available,0.0
Sparkov,FOLLOWUP_SPARKOV_239,C_lexical,88fd6fd1-45bb-4730-bd68-00cf76f9a0b3,blocked,True,available,available,0.0
Sparkov,FOLLOWUP_SPARKOV_235,B_dense,8d3339fd-4862-4116-83b5-72b91fcb88c9,completed,True,available,available,0.0
Sparkov,FOLLOWUP_SPARKOV_233,B_dense,8d67f8ad-4e36-4c43-98a8-b2da1d69841a,completed,True,available,available,0.0
Sparkov,FOLLOWUP_SPARKOV_238,A_direct,902089ae-20b0-4394-b478-ffc3f8e2e50e,completed,True,available,available,1.0
Sparkov,FOLLOWUP_SPARKOV_240,D_hybrid,908971d1-668d-4e75-9c32-e0c20b75e4d2,blocked,True,available,available,0.0
Sparkov,FOLLOWUP_SPARKOV_236,D_hybrid,93964c20-8ce4-4c6d-a1eb-f743dd7ac24f,blocked,True,available,available,0.0
Sparkov,FOLLOWUP_SPARKOV_237,C_dense,93b489ee-de3a-4279-8c58-497f5b03f06e,blocked,True,unavailable,candidate_invalid_json,
Sparkov,FOLLOWUP_SPARKOV_238,D_hybrid,99830819-2e8c-4a5f-9863-9101c17db07f,blocked,True,unavailable,candidate_invalid_json,
Sparkov,FOLLOWUP_SPARKOV_236,C_dense,9a9e4f7f-b6d7-484d-8bb0-04f46f414785,blocked,True,available,available,0.0
Sparkov,FOLLOWUP_SPARKOV_235,C_lexical,9eb58125-468a-4b84-8130-3dced5a177f0,blocked,True,unavailable,candidate_invalid_json,
Sparkov,FOLLOWUP_SPARKOV_236,A_direct,a0595e66-c8b7-4b2c-ab8b-4157101496ab,completed,True,available,available,1.0
Sparkov,FOLLOWUP_SPARKOV_233,C_dense,a5c1f4f1-b6b4-4506-9a1b-e5b9e8d14847,blocked,True,available,available,0.0
Sparkov,FOLLOWUP_SPARKOV_235,B_lexical,b7a5f94a-289b-4e5e-9bae-133672fa9f10,completed,True,available,available,0.0
Sparkov,FOLLOWUP_SPARKOV_231,D_hybrid,c0c2e39c-6cab-418b-9fce-5cc73892b8dc,blocked,True,available,available,0.0
Sparkov,FOLLOWUP_SPARKOV_237,B_dense,c644121b-44de-404d-873d-013d1d030460,completed,True,unavailable,candidate_invalid_json,
Sparkov,FOLLOWUP_SPARKOV_240,B_lexical,c71e1319-34a9-453a-8ffb-5cf712386e62,completed,True,unavailable,candidate_invalid_json,
Sparkov,FOLLOWUP_SPARKOV_234,A_direct,c8dbbca4-bc5f-4e64-aa44-68af5e744a0a,completed,True,available,available,1.0
Sparkov,FOLLOWUP_SPARKOV_233,D_hybrid,d31a013c-2f20-4bd8-aec3-5cc7a4c194a7,blocked,True,available,available,0.0
Sparkov,FOLLOWUP_SPARKOV_233,A_direct,db6ace48-a4e5-4bd9-b99e-44ebbe008778,completed,True,unavailable,candidate_invalid_json,
Sparkov,FOLLOWUP_SPARKOV_235,C_dense,dc88df57-7efa-4ac2-944c-97782ec52190,blocked,True,available,available,0.0
Sparkov,FOLLOWUP_SPARKOV_239,C_dense,deb2c407-a6e5-44f3-ba26-97f1e769e8ea,blocked,True,available,available,0.0
Sparkov,FOLLOWUP_SPARKOV_239,D_hybrid,dedfab3c-09c7-468f-a2e6-a184550cda57,blocked,True,available,available,0.0
Sparkov,FOLLOWUP_SPARKOV_232,B_dense,e1db6f7d-065e-447e-a0b8-8def8a80044a,completed,True,unavailable,candidate_invalid_json,
Sparkov,FOLLOWUP_SPARKOV_231,B_dense,eb23a549-6d22-413d-8533-56cb4f91afa4,completed,True,unavailable,candidate_invalid_json,
Sparkov,FOLLOWUP_SPARKOV_237,C_lexical,ecb680cb-c802-47c4-bcdf-75f896db41c7,blocked,True,unavailable,candidate_invalid_json,
Sparkov,FOLLOWUP_SPARKOV_231,B_lexical,f1a74017-62d2-4413-96c1-cecb159bf941,completed,True,available,available,1.0
Sparkov,FOLLOWUP_SPARKOV_233,C_lexical,f62b5caf-f759-4c12-8776-69dadc16a3fb,blocked,True,available,available,0.0
Sparkov,FOLLOWUP_SPARKOV_232,B_lexical,fb9e6144-b424-4a93-b538-14d967cb6714,completed,True,available,available,1.0
Sparkov,FOLLOWUP_SPARKOV_240,C_dense,fc8fd98c-11a9-4a57-86f1-3024287f5bdd,blocked,True,unavailable,candidate_invalid_json,
Sparkov,FOLLOWUP_SPARKOV_250,B_lexical,0274d87a-a992-4451-b2f1-ef162cef879d,completed,True,unavailable,candidate_invalid_json,
Sparkov,FOLLOWUP_SPARKOV_243,D_hybrid,0b4cdf66-535a-4f69-ba1a-f9fd7ce06fd8,blocked,True,unavailable,candidate_invalid_json,
Sparkov,FOLLOWUP_SPARKOV_249,D_hybrid,0d0add77-7b00-45a1-b0a2-50c8bcafb5d7,blocked,True,available,available,0.0
Sparkov,FOLLOWUP_SPARKOV_250,A_direct,0de6cc29-3058-45c3-b7c4-bfa576306de0,completed,True,unavailable,model_drivers_missing,
Sparkov,FOLLOWUP_SPARKOV_248,B_lexical,0de7807d-5ee6-4490-82d3-df8db7a53312,completed,True,unavailable,candidate_invalid_json,
Sparkov,FOLLOWUP_SPARKOV_241,C_dense,120639e0-11d3-406b-93d8-9ed4a343d6a8,blocked,True,available,available,0.0
Sparkov,FOLLOWUP_SPARKOV_249,C_lexical,136535dc-2c73-45cf-8e81-b5952e2a7a9f,blocked,True,unavailable,candidate_invalid_json,
Sparkov,FOLLOWUP_SPARKOV_248,B_dense,194f317b-effc-4457-9d49-5d12b5c4074d,completed,True,available,available,0.0
Sparkov,FOLLOWUP_SPARKOV_246,B_dense,21bc8ec2-4806-4846-a4e9-703c4a6d264b,completed,True,available,available,0.0
Sparkov,FOLLOWUP_SPARKOV_245,B_dense,229045be-b00d-4c4d-b078-6a5133f6dde2,completed,True,available,available,0.0
Sparkov,FOLLOWUP_SPARKOV_245,D_hybrid,24389472-e60f-4a37-a06d-a552fedc7544,blocked,True,available,available,0.0
Sparkov,FOLLOWUP_SPARKOV_243,B_dense,2cc5e377-0418-4cb9-92b1-ed614af5ef59,completed,True,unavailable,candidate_invalid_json,
Sparkov,FOLLOWUP_SPARKOV_242,D_hybrid,2fb2dabd-8f60-45b1-b4d7-1099f28c9e8f,blocked,True,available,available,0.0
Sparkov,FOLLOWUP_SPARKOV_246,B_lexical,354a07d6-cdae-4368-982a-2fc3603f952b,completed,True,unavailable,candidate_invalid_json,
Sparkov,FOLLOWUP_SPARKOV_247,C_lexical,37269e81-c6ef-4dfe-aef3-d25cc50177ac,blocked,True,unavailable,candidate_invalid_json,
Sparkov,FOLLOWUP_SPARKOV_241,A_direct,3a3ef759-cc42-4c30-b860-3b74005ec958,completed,True,available,available,1.0
Sparkov,FOLLOWUP_SPARKOV_241,C_lexical,3e79106c-d44e-4981-94c2-3bb714862767,blocked,True,unavailable,candidate_invalid_json,
Sparkov,FOLLOWUP_SPARKOV_243,A_direct,3f7761ac-c6af-4792-9834-2e99978feed8,completed,True,available,available,1.0
Sparkov,FOLLOWUP_SPARKOV_248,A_direct,41688161-049f-4706-bb59-104fa10716c0,completed,True,unavailable,candidate_invalid_json,
Sparkov,FOLLOWUP_SPARKOV_242,C_dense,41ff9058-0e14-45ad-af22-20af61c1ae62,blocked,True,available,available,0.0
Sparkov,FOLLOWUP_SPARKOV_241,B_lexical,4382850b-c650-418a-8982-2311c5fbb458,completed,True,unavailable,candidate_invalid_json,
Sparkov,FOLLOWUP_SPARKOV_244,C_lexical,44233ce0-6392-4730-ba88-c6d73876caff,blocked,True,available,available,0.0
Sparkov,FOLLOWUP_SPARKOV_241,D_hybrid,485ca919-b769-4d67-b180-5e4960f37f0e,blocked,True,available,available,0.0
Sparkov,FOLLOWUP_SPARKOV_246,C_lexical,49e4dd3d-7959-418d-a4d8-29e59f92a88f,blocked,True,available,available,0.0
Sparkov,FOLLOWUP_SPARKOV_246,C_dense,4b216f3e-313a-42eb-8927-edf5e6d3d6f2,blocked,True,available,available,0.0
Sparkov,FOLLOWUP_SPARKOV_242,A_direct,51b62dbe-f16d-43d0-9c9a-5478a1d631d6,completed,True,available,available,1.0
Sparkov,FOLLOWUP_SPARKOV_248,C_dense,59d54e18-7825-4d03-8ba1-92dfc9d267ed,blocked,True,available,available,0.0
Sparkov,FOLLOWUP_SPARKOV_250,C_lexical,59f44a99-6f39-4feb-a883-d14383b71ab7,blocked,True,available,available,0.0
Sparkov,FOLLOWUP_SPARKOV_242,B_dense,5a31ed4b-43e0-4dea-a1bc-7330843179e3,completed,True,unavailable,candidate_invalid_json,
Sparkov,FOLLOWUP_SPARKOV_246,D_hybrid,5fc12982-bddc-46bd-af5c-7f0f125a5c69,blocked,True,available,available,0.0
Sparkov,FOLLOWUP_SPARKOV_249,A_direct,667b463d-23bb-4bcd-9b2d-a93e90639cce,completed,True,available,available,1.0
Sparkov,FOLLOWUP_SPARKOV_248,C_lexical,673ffae9-dc70-4068-836e-65bbdd668a76,blocked,True,available,available,0.0
Sparkov,FOLLOWUP_SPARKOV_247,D_hybrid,6a572804-b5ce-40db-8336-f239d938478d,blocked,True,available,available,0.0
Sparkov,FOLLOWUP_SPARKOV_242,B_lexical,74c83ed0-d07e-4319-b196-245351b96dbb,completed,True,unavailable,candidate_invalid_json,
Sparkov,FOLLOWUP_SPARKOV_244,B_lexical,7d877326-9ab3-45e4-a4fa-dc602345dca1,completed,True,unavailable,candidate_invalid_json,
Sparkov,FOLLOWUP_SPARKOV_247,B_lexical,8026db0a-a54b-4777-ab31-e60293a1bd7b,completed,True,unavailable,candidate_invalid_json,
Sparkov,FOLLOWUP_SPARKOV_243,B_lexical,80935462-101e-4fe6-abf8-ba39657e1656,completed,True,unavailable,candidate_invalid_json,
Sparkov,FOLLOWUP_SPARKOV_250,D_hybrid,81d9e399-c80c-4228-9275-440260282c51,blocked,True,unavailable,candidate_invalid_json,
Sparkov,FOLLOWUP_SPARKOV_243,C_dense,86441b7d-f4a3-4a3c-90a5-17c0ea5df6ff,blocked,True,available,available,0.0
Sparkov,FOLLOWUP_SPARKOV_249,B_dense,8aaa863d-9496-40b9-9b6a-83a1026e7fbd,completed,True,available,available,0.0
Sparkov,FOLLOWUP_SPARKOV_242,C_lexical,92728b78-2dae-4822-a8b0-87d761471b21,blocked,True,unavailable,candidate_invalid_json,
Sparkov,FOLLOWUP_SPARKOV_245,C_dense,93143459-4922-4e79-aa22-667c84695791,blocked,True,unavailable,candidate_invalid_json,
Sparkov,FOLLOWUP_SPARKOV_245,C_lexical,97c82d24-65a1-41db-aeb4-ef7726b83d5c,blocked,True,unavailable,candidate_invalid_json,
Sparkov,FOLLOWUP_SPARKOV_244,B_dense,997bb850-4408-4b89-9111-4c52acbe8905,completed,True,available,available,0.0
Sparkov,FOLLOWUP_SPARKOV_247,B_dense,9f04e4a4-1b6b-41de-bff1-aff5a7116a2d,completed,True,available,available,0.0
Sparkov,FOLLOWUP_SPARKOV_244,D_hybrid,a45d09cf-cad0-4adc-b70b-21130c560033,blocked,True,available,available,0.0
Sparkov,FOLLOWUP_SPARKOV_247,C_dense,a7c9ee8c-2492-481d-9b05-041a857c9462,blocked,True,available,available,0.0
Sparkov,FOLLOWUP_SPARKOV_246,A_direct,a91930dc-8806-4310-a6c1-369dae576411,completed,True,available,available,1.0
Sparkov,FOLLOWUP_SPARKOV_250,B_dense,b066ebd6-17fa-481e-8d3f-504ed1c053f0,completed,True,available,available,0.0
Sparkov,FOLLOWUP_SPARKOV_248,D_hybrid,b66eff41-274d-445f-a812-f76a2d175df3,blocked,True,unavailable,candidate_invalid_json,
Sparkov,FOLLOWUP_SPARKOV_244,A_direct,bb048217-a1e2-4fe6-b204-bb12c1c578b8,completed,True,available,available,1.0
Sparkov,FOLLOWUP_SPARKOV_244,C_dense,bd7a06e1-303e-4577-8b27-ddd74f746169,blocked,True,available,available,0.0
Sparkov,FOLLOWUP_SPARKOV_249,C_dense,c7ab67c6-aac5-459d-bbf8-77ab339b5702,blocked,True,available,available,0.0
Sparkov,FOLLOWUP_SPARKOV_243,C_lexical,d8985af0-2306-4874-b6c7-8fa9e08f6128,blocked,True,available,available,0.0
Sparkov,FOLLOWUP_SPARKOV_249,B_lexical,dcccf4d9-d248-43e0-b6fb-892f7d3fb41e,completed,True,available,available,0.0
Sparkov,FOLLOWUP_SPARKOV_241,B_dense,dd386c2b-e506-4da6-bd0e-e8f649fb3fa2,completed,True,available,available,0.0
Sparkov,FOLLOWUP_SPARKOV_247,A_direct,e32ce1e2-4a93-4b6b-8a05-dfd3ad4836e6,completed,True,available,available,1.0
Sparkov,FOLLOWUP_SPARKOV_245,A_direct,e52cfc43-69c7-43cd-b608-02456ea6f737,completed,True,available,available,1.0
Sparkov,FOLLOWUP_SPARKOV_250,C_dense,ea2addb9-e432-4235-8dfa-364e8cd62e8f,blocked,True,unavailable,candidate_invalid_json,
Sparkov,FOLLOWUP_SPARKOV_245,B_lexical,eddceceb-bb3e-4286-8218-dfd75970ae29,completed,True,unavailable,candidate_invalid_json,
Sparkov,FOLLOWUP_SPARKOV_251,A_direct,05804339-c96b-4914-a0d4-adec70df0264,completed,True,unavailable,candidate_invalid_json,
Sparkov,FOLLOWUP_SPARKOV_251,C_dense,08f8bce4-c80b-4521-ae3f-f3692de8e849,blocked,True,unavailable,candidate_invalid_json,
Sparkov,FOLLOWUP_SPARKOV_253,D_hybrid,0a9b8745-b3d9-48b1-a6d3-7304b22fba6c,blocked,True,available,available,0.0
Sparkov,FOLLOWUP_SPARKOV_251,C_lexical,151f4705-f79c-4b63-9725-3ea69123267d,blocked,True,available,available,0.0
Sparkov,FOLLOWUP_SPARKOV_251,B_lexical,1658fdd1-92ff-465b-8142-af56c597b02b,completed,True,unavailable,candidate_invalid_json,
Sparkov,FOLLOWUP_SPARKOV_259,C_dense,18244ec4-d5ca-4538-80b8-1bffc034d4e6,blocked,True,unavailable,candidate_invalid_json,
Sparkov,FOLLOWUP_SPARKOV_255,A_direct,1b8db4fa-6013-42de-b448-458cfd73189a,completed,True,unavailable,candidate_invalid_json,
Sparkov,FOLLOWUP_SPARKOV_256,B_lexical,1c0bf26a-70c1-48ef-9cf3-11b79d0a68e9,completed,True,available,available,0.0
Sparkov,FOLLOWUP_SPARKOV_260,C_dense,2614e36e-d955-46aa-a912-1890a3b7d35b,blocked,True,unavailable,candidate_invalid_json,
Sparkov,FOLLOWUP_SPARKOV_255,B_lexical,2b7f7187-9804-40ef-9532-a30e9d176c55,completed,True,unavailable,candidate_invalid_json,
Sparkov,FOLLOWUP_SPARKOV_252,B_dense,2c38fc79-2a8d-4ee1-8978-6e23ae4a4ad0,completed,True,available,available,0.0
Sparkov,FOLLOWUP_SPARKOV_260,B_lexical,2da97276-483f-4b74-87ce-ede49baab25b,completed,True,available,available,1.0
Sparkov,FOLLOWUP_SPARKOV_258,B_dense,3079e906-3da7-4d4f-bb0c-9e5d1688ede8,completed,True,unavailable,candidate_invalid_json,
Sparkov,FOLLOWUP_SPARKOV_252,D_hybrid,32f356de-1c85-4f7e-baf4-fb79fea05794,blocked,True,available,available,0.0
Sparkov,FOLLOWUP_SPARKOV_256,A_direct,3afc4ec0-b29a-4b38-a466-5ffd210ae200,completed,True,available,available,1.0
Sparkov,FOLLOWUP_SPARKOV_251,B_dense,40bd59d7-6e4a-47ab-b65c-bf0bb1534bce,completed,True,unavailable,candidate_invalid_json,
Sparkov,FOLLOWUP_SPARKOV_255,B_dense,44a729a5-fd18-4f37-bda3-a92b1f03e23d,completed,True,available,available,0.0
Sparkov,FOLLOWUP_SPARKOV_259,B_lexical,457cea04-27c2-4a4c-b537-bbf8f145f1ae,completed,True,available,available,0.0
Sparkov,FOLLOWUP_SPARKOV_257,C_dense,505122c1-0522-4162-b583-97c1adc2153a,blocked,True,unavailable,candidate_invalid_json,
Sparkov,FOLLOWUP_SPARKOV_257,B_dense,532d6687-c838-4b0f-b286-7d7daefa04fc,completed,True,available,available,0.0
Sparkov,FOLLOWUP_SPARKOV_254,B_lexical,58c68055-9394-4955-999d-be581a7b21d0,completed,True,available,available,0.0
Sparkov,FOLLOWUP_SPARKOV_258,A_direct,5bacbc8c-85de-4d1a-9c5a-d0f67c21ab88,completed,True,available,available,1.0
Sparkov,FOLLOWUP_SPARKOV_254,D_hybrid,600f94d1-fafa-4c41-89fd-b1e77ac3b274,blocked,True,available,available,0.0
Sparkov,FOLLOWUP_SPARKOV_255,C_dense,66178873-0bf7-4f1a-8ed8-756457c13b0b,blocked,True,available,available,0.0
Sparkov,FOLLOWUP_SPARKOV_259,B_dense,6e13dc19-7db9-43ff-b25c-5639d91a99e7,completed,True,unavailable,candidate_invalid_json,
Sparkov,FOLLOWUP_SPARKOV_258,C_lexical,6f1f1aed-5fc3-4031-af7d-a77d8f8fa10d,blocked,True,unavailable,candidate_invalid_json,
Sparkov,FOLLOWUP_SPARKOV_255,D_hybrid,72f59f6c-259f-4ba2-b264-c49f92956dae,blocked,True,available,available,0.0
Sparkov,FOLLOWUP_SPARKOV_253,C_lexical,7511658f-4879-42df-a660-093f5a84e21d,blocked,True,available,available,0.0
Sparkov,FOLLOWUP_SPARKOV_256,D_hybrid,75139f4e-0961-4359-8391-6854666f73ad,blocked,True,unavailable,candidate_invalid_json,
Sparkov,FOLLOWUP_SPARKOV_253,B_dense,76d4e67b-33be-4397-b085-926096519cc4,completed,True,unavailable,candidate_invalid_json,
Sparkov,FOLLOWUP_SPARKOV_257,C_lexical,7837e5e7-4c7e-4bcf-9125-5c385fe97978,blocked,True,unavailable,candidate_invalid_json,
Sparkov,FOLLOWUP_SPARKOV_259,A_direct,7b07f72e-5fb2-498a-89d9-c2bdec25ba74,completed,True,available,available,1.0
Sparkov,FOLLOWUP_SPARKOV_253,C_dense,7cb29c4f-3d53-44c2-8079-839eba5ad142,blocked,True,available,available,0.0
Sparkov,FOLLOWUP_SPARKOV_254,C_dense,8b1429b8-bcce-4a29-bbf5-da69472033f3,blocked,True,unavailable,candidate_invalid_json,
Sparkov,FOLLOWUP_SPARKOV_254,B_dense,8e936061-2904-4189-8120-41dd205db6dd,completed,True,available,available,0.0
Sparkov,FOLLOWUP_SPARKOV_260,A_direct,9977b650-aafa-4971-8675-b37ffe39b4c2,completed,True,available,available,1.0
Sparkov,FOLLOWUP_SPARKOV_255,C_lexical,997d186a-2e1d-4e63-8bfa-e19c1d61c0fd,blocked,True,unavailable,candidate_invalid_json,
Sparkov,FOLLOWUP_SPARKOV_257,D_hybrid,9b307303-13a3-48ec-8df2-6917abc440c5,blocked,True,available,available,0.0
Sparkov,FOLLOWUP_SPARKOV_256,B_dense,9d3d478a-908f-45e4-93bd-1d8db08f4833,completed,True,unavailable,candidate_invalid_json,
Sparkov,FOLLOWUP_SPARKOV_259,C_lexical,a1a7ec57-b998-448b-9dca-081d800ef7cd,blocked,True,unavailable,candidate_invalid_json,
Sparkov,FOLLOWUP_SPARKOV_256,C_dense,a3c76182-d210-449c-8220-456a34de7664,blocked,True,available,available,0.0
Sparkov,FOLLOWUP_SPARKOV_258,C_dense,b057d7c5-f23b-4c0b-97ea-72c8186576e1,blocked,True,available,available,0.0
Sparkov,FOLLOWUP_SPARKOV_253,A_direct,b2a877d8-f03a-417a-9f99-8605531b0de1,completed,True,available,available,1.0
Sparkov,FOLLOWUP_SPARKOV_260,B_dense,c0a249e8-ce9b-4315-b025-91da356d9149,completed,True,available,available,0.0
Sparkov,FOLLOWUP_SPARKOV_252,A_direct,c9e69d80-8b47-4238-ae1f-d6c96ced0cb6,completed,True,unavailable,candidate_invalid_json,
Sparkov,FOLLOWUP_SPARKOV_257,A_direct,d25855b7-33fe-4ca9-bd83-d720c1c8487f,completed,True,available,available,1.0
Sparkov,FOLLOWUP_SPARKOV_252,C_lexical,d2aa7ffa-7d73-43f8-8294-2d1c20c4d934,blocked,True,available,available,0.0
Sparkov,FOLLOWUP_SPARKOV_254,C_lexical,d5d50562-c77d-4073-a3a9-821e0ee2b597,blocked,True,available,available,0.0
Sparkov,FOLLOWUP_SPARKOV_259,D_hybrid,d93b2e40-047e-4722-8fcf-9a91972d7ec9,blocked,True,available,available,0.0
Sparkov,FOLLOWUP_SPARKOV_256,C_lexical,ddc7e9c4-ef5d-407f-87f1-d1ea6b71c026,blocked,True,available,available,0.0
Sparkov,FOLLOWUP_SPARKOV_258,B_lexical,df3c13ba-c129-4234-9988-02da8c2d22e7,completed,True,available,available,0.0
Sparkov,FOLLOWUP_SPARKOV_252,C_dense,e16ce4f2-a1e4-443e-852b-db5508971751,blocked,True,available,available,0.0
Sparkov,FOLLOWUP_SPARKOV_260,D_hybrid,e29c9f1f-9710-43d3-a0fe-e018ec4c3de3,blocked,True,unavailable,candidate_invalid_json,
Sparkov,FOLLOWUP_SPARKOV_252,B_lexical,e4b8d449-85f8-4a6e-9528-a909ba60a386,completed,True,available,available,1.0
Sparkov,FOLLOWUP_SPARKOV_254,A_direct,e62728fc-8acb-4471-88d7-182a95df113c,completed,True,available,available,0.0
Sparkov,FOLLOWUP_SPARKOV_253,B_lexical,ec5eb300-174e-457a-a438-0f2bd655dfa0,completed,True,available,available,0.0
Sparkov,FOLLOWUP_SPARKOV_260,C_lexical,f79853eb-493a-4466-bf9f-a171ab8bb9fc,blocked,True,available,available,0.0
Sparkov,FOLLOWUP_SPARKOV_258,D_hybrid,f8c7aaf1-06d1-4543-b03f-15e5f9651f60,blocked,True,unavailable,candidate_invalid_json,
Sparkov,FOLLOWUP_SPARKOV_251,D_hybrid,fb08cae9-e951-4be8-bad3-1622733dd344,blocked,True,available,available,0.0
Sparkov,FOLLOWUP_SPARKOV_257,B_lexical,fe8ce9cc-c71a-4092-8279-93c609bc894e,completed,True,unavailable,candidate_invalid_json,
Sparkov,FOLLOWUP_SPARKOV_270,B_dense,0426cbad-7fda-4260-9845-eeb3344bf2cf,completed,True,available,available,0.0
Sparkov,FOLLOWUP_SPARKOV_269,A_direct,05aab3de-0861-4a90-9ae7-33be162c4d9b,completed,True,available,available,1.0
Sparkov,FOLLOWUP_SPARKOV_263,B_lexical,083f31d8-35c4-47f8-b987-9ff7ca5ac4e0,completed,True,available,available,0.0
Sparkov,FOLLOWUP_SPARKOV_270,A_direct,145e9322-b5f2-4ae1-85a5-879b8476e4e5,completed,True,available,available,0.0
Sparkov,FOLLOWUP_SPARKOV_265,C_lexical,15207f00-df7e-4fde-91f2-fd1d8fe721a1,blocked,True,unavailable,candidate_invalid_json,
Sparkov,FOLLOWUP_SPARKOV_268,B_dense,15d48365-d9dd-4be3-b176-61ba5039cf81,completed,True,unavailable,candidate_invalid_json,
Sparkov,FOLLOWUP_SPARKOV_269,C_lexical,22a96e61-3761-405c-b041-fbfe4bfb7e4d,blocked,True,available,available,0.0
Sparkov,FOLLOWUP_SPARKOV_268,A_direct,270e07dd-0fae-41a6-9746-e85474b768db,completed,True,available,available,1.0
Sparkov,FOLLOWUP_SPARKOV_266,B_lexical,2e605558-7115-463a-8fa8-2814f365e11a,completed,True,unavailable,candidate_invalid_json,
Sparkov,FOLLOWUP_SPARKOV_262,B_lexical,2fef20fa-441c-4fab-9a99-6495f75d6284,completed,True,available,available,1.0
Sparkov,FOLLOWUP_SPARKOV_264,B_dense,315c23b8-631d-44cd-8769-0c150d44df03,completed,True,unavailable,candidate_invalid_json,
Sparkov,FOLLOWUP_SPARKOV_269,B_dense,33e18ff9-82be-46de-b3b7-04d6188dd80c,completed,True,available,available,0.0
Sparkov,FOLLOWUP_SPARKOV_265,C_dense,359cfe86-af3e-47b0-bc6f-a4006cc01324,blocked,True,available,available,0.0
Sparkov,FOLLOWUP_SPARKOV_266,C_dense,39103960-3bea-4cb5-a877-b4a4cba5fc38,blocked,True,available,available,0.0
Sparkov,FOLLOWUP_SPARKOV_264,A_direct,403d0675-4c00-409a-86d1-4af5ae1e513c,completed,True,available,available,0.0
Sparkov,FOLLOWUP_SPARKOV_264,C_lexical,40eeb50a-d948-452a-8fdb-f991a16bb68b,blocked,True,available,available,0.0
Sparkov,FOLLOWUP_SPARKOV_267,C_lexical,46bb6cbb-eaa5-44c2-9209-3011669c9bce,blocked,True,unavailable,candidate_invalid_json,
Sparkov,FOLLOWUP_SPARKOV_268,B_lexical,4c2d9493-8529-436f-8b06-86d4ea90b43b,completed,True,unavailable,candidate_invalid_json,
Sparkov,FOLLOWUP_SPARKOV_269,C_dense,4eeb4c92-7fa3-4c8f-8131-2c61ad95c8e6,blocked,True,available,available,0.0
Sparkov,FOLLOWUP_SPARKOV_261,C_lexical,5149a0d5-8792-45b9-a556-c12483650bc2,blocked,True,available,available,0.0
Sparkov,FOLLOWUP_SPARKOV_268,C_dense,52bf8440-edf4-46c5-be03-dc5abdd3294f,blocked,True,available,available,0.0
Sparkov,FOLLOWUP_SPARKOV_265,B_lexical,58d4ed82-7091-4aa0-97c4-41862518719f,completed,True,available,available,0.0
Sparkov,FOLLOWUP_SPARKOV_270,B_lexical,58d82170-c6aa-4577-b75b-f7e1663ad0ce,completed,True,available,available,0.0
Sparkov,FOLLOWUP_SPARKOV_263,C_lexical,648ef6a5-685a-40fc-bca3-187dd8fb27c3,blocked,True,available,available,0.0
Sparkov,FOLLOWUP_SPARKOV_267,D_hybrid,6d081a30-ef1e-4246-9ce9-f5f5b5a39f32,blocked,True,available,available,0.0
Sparkov,FOLLOWUP_SPARKOV_266,D_hybrid,750f801e-b58a-4bf4-8827-0ba054de412d,blocked,True,available,available,0.0
Sparkov,FOLLOWUP_SPARKOV_261,A_direct,77d8d551-c338-42a7-9c34-dcaa646c5128,completed,True,available,available,1.0
Sparkov,FOLLOWUP_SPARKOV_269,B_lexical,795b3b0e-bc43-479c-b7d4-958bdc1e3d31,completed,True,available,available,0.0
Sparkov,FOLLOWUP_SPARKOV_268,D_hybrid,7a01054c-50ca-4a62-b9bf-dda54f33df54,blocked,True,unavailable,candidate_invalid_json,
Sparkov,FOLLOWUP_SPARKOV_267,A_direct,7e4fbfbb-c306-4155-8934-43b6927a64d1,completed,True,available,available,1.0
Sparkov,FOLLOWUP_SPARKOV_262,D_hybrid,894a686f-2671-48ec-a49c-abe25d6755c3,blocked,True,available,available,0.0
Sparkov,FOLLOWUP_SPARKOV_263,A_direct,8a1228fb-fa2c-4b1c-bc73-d496d8d209e4,completed,True,available,available,1.0
Sparkov,FOLLOWUP_SPARKOV_265,D_hybrid,8d46abfd-b557-462b-a285-2fa9e8b5bcee,blocked,True,unavailable,candidate_invalid_json,
Sparkov,FOLLOWUP_SPARKOV_266,C_lexical,95f65681-8a41-4fd1-b236-1d48118d35b4,blocked,True,unavailable,candidate_invalid_json,
Sparkov,FOLLOWUP_SPARKOV_264,D_hybrid,96aa8b94-2e03-46bf-83c1-b8105cc41a54,blocked,True,available,available,0.0
Sparkov,FOLLOWUP_SPARKOV_263,B_dense,998de3ea-0191-445b-b5ee-6cec8d33857d,completed,True,available,available,0.0
Sparkov,FOLLOWUP_SPARKOV_262,B_dense,99c7ffa3-3ca0-463c-9d47-78a2794cf87d,completed,True,available,available,0.0
Sparkov,FOLLOWUP_SPARKOV_262,A_direct,9f83dbb3-99ed-4f2e-9f5a-9eae8cd602e0,completed,True,available,available,1.0
Sparkov,FOLLOWUP_SPARKOV_266,B_dense,a1abb94c-4368-4943-8d50-e34b936e0736,completed,True,available,available,0.0
Sparkov,FOLLOWUP_SPARKOV_261,B_lexical,a20a71fa-42f8-44a7-a020-0a8073edc1f1,completed,True,unavailable,candidate_invalid_json,
Sparkov,FOLLOWUP_SPARKOV_261,D_hybrid,ad8f2c98-edc2-4cda-9d2b-1e60e0d3c2f0,blocked,True,unavailable,candidate_invalid_json,
Sparkov,FOLLOWUP_SPARKOV_268,C_lexical,b130a424-24d9-4ea7-82a7-8a8d7d16e329,blocked,True,available,available,0.0
Sparkov,FOLLOWUP_SPARKOV_269,D_hybrid,b38be3b9-e19b-44be-982c-880342c0f1a7,blocked,True,available,available,0.0
Sparkov,FOLLOWUP_SPARKOV_267,B_dense,b398cb7a-157c-4478-a562-d1cf81bf60f9,completed,True,unavailable,candidate_invalid_json,
Sparkov,FOLLOWUP_SPARKOV_270,C_lexical,b3f5b7bf-f3b3-4c2c-b51f-cf1b8160d182,blocked,True,available,available,0.0
Sparkov,FOLLOWUP_SPARKOV_262,C_dense,b92a4562-6f8d-445d-9cb7-66cf66c15906,blocked,True,unavailable,candidate_invalid_json,
Sparkov,FOLLOWUP_SPARKOV_270,C_dense,b9f6cdec-453a-4141-81d8-adab5ca5f1d4,blocked,True,available,available,0.0
Sparkov,FOLLOWUP_SPARKOV_262,C_lexical,bd7bbe43-61d2-45db-968c-2b27ab3edd16,blocked,True,available,available,0.0
Sparkov,FOLLOWUP_SPARKOV_265,B_dense,ce85997e-0b46-46c6-8454-165348cdcf74,completed,True,unavailable,candidate_invalid_json,
Sparkov,FOLLOWUP_SPARKOV_266,A_direct,d1c93549-3589-4ed3-bc03-c2a09fbbfe8a,completed,True,available,available,0.0
Sparkov,FOLLOWUP_SPARKOV_267,B_lexical,d26e6001-c6bc-4f3b-b78c-1c2a81c59bde,completed,True,unavailable,candidate_invalid_json,
Sparkov,FOLLOWUP_SPARKOV_267,C_dense,d36bf18a-78bd-4ef4-9377-40db5232bacb,blocked,True,unavailable,candidate_invalid_json,
Sparkov,FOLLOWUP_SPARKOV_264,C_dense,d72c78db-b5aa-45ae-9ffa-7fc5a6c4c272,blocked,True,unavailable,candidate_invalid_json,
Sparkov,FOLLOWUP_SPARKOV_261,C_dense,dba9eeb6-d67f-426f-a858-5c686c82cec6,blocked,True,available,available,0.0
Sparkov,FOLLOWUP_SPARKOV_264,B_lexical,dc91adba-c461-4954-b137-855251b55396,completed,True,unavailable,candidate_invalid_json,
Sparkov,FOLLOWUP_SPARKOV_270,D_hybrid,e1ac63f5-747c-4229-a895-fdc49e136ba5,blocked,True,unavailable,candidate_invalid_json,
Sparkov,FOLLOWUP_SPARKOV_263,C_dense,e3b0f42e-822d-48c1-8ded-03abae833296,blocked,True,available,available,0.0
Sparkov,FOLLOWUP_SPARKOV_265,A_direct,e4efa1c7-3284-47bf-8f59-5e89388e0efa,completed,True,available,available,1.0
Sparkov,FOLLOWUP_SPARKOV_261,B_dense,f0980288-7614-4b9c-9a69-77f713ec8711,completed,True,available,available,0.0
Sparkov,FOLLOWUP_SPARKOV_263,D_hybrid,f74a13f9-7f76-4240-ab4b-8b4a8166a9f7,blocked,True,available,available,0.0
Sparkov,FOLLOWUP_SPARKOV_272,C_dense,11bdd5d6-6e78-47c8-aa0f-d27af259b778,blocked,True,available,available,0.0
Sparkov,FOLLOWUP_SPARKOV_278,D_hybrid,120e5214-365b-465d-a5f0-2190f3715561,blocked,True,available,available,0.0
Sparkov,FOLLOWUP_SPARKOV_275,C_dense,1597a49e-670f-4598-a2ec-716f24f8f159,blocked,True,unavailable,candidate_invalid_json,
Sparkov,FOLLOWUP_SPARKOV_274,B_dense,16cb9f3e-07cb-48ce-ba3e-0239ed478be9,completed,True,available,available,0.0
Sparkov,FOLLOWUP_SPARKOV_274,A_direct,1b28c6f2-ddaf-4c6d-8a6c-243026640fd5,completed,True,available,available,0.0
Sparkov,FOLLOWUP_SPARKOV_276,B_dense,1de69a89-e619-4bab-a20b-88b754460bec,completed,True,available,available,0.0
Sparkov,FOLLOWUP_SPARKOV_271,B_lexical,20eb65ec-d0f0-4599-945e-db3017b51450,completed,True,unavailable,candidate_invalid_json,
Sparkov,FOLLOWUP_SPARKOV_273,D_hybrid,21f00e3d-0ff0-4097-b91e-80623dee5cf3,blocked,True,available,available,0.0
Sparkov,FOLLOWUP_SPARKOV_279,D_hybrid,27a87249-78ea-42c4-90d7-0acacf444d60,blocked,True,available,available,0.0
Sparkov,FOLLOWUP_SPARKOV_280,B_dense,2c334857-74b2-427d-a280-bdf0d205ff7e,completed,True,available,available,0.0
Sparkov,FOLLOWUP_SPARKOV_273,B_dense,2fbb230c-8af1-4478-afef-257710aba774,completed,True,available,available,0.0
Sparkov,FOLLOWUP_SPARKOV_278,B_lexical,37b17652-fb04-491d-b4af-34f65f5d4816,completed,True,unavailable,candidate_invalid_json,
Sparkov,FOLLOWUP_SPARKOV_275,B_dense,42a669be-bf22-4de6-bfef-4b5b67368f20,completed,True,available,available,0.0
Sparkov,FOLLOWUP_SPARKOV_277,B_lexical,4790d041-778b-406c-b053-cc13f86415d0,completed,True,unavailable,candidate_invalid_json,
Sparkov,FOLLOWUP_SPARKOV_272,B_lexical,47abe8ee-92f1-4eba-af73-169d7c7ba3cd,completed,True,unavailable,model_drivers_missing,
Sparkov,FOLLOWUP_SPARKOV_277,C_lexical,4aef0e4a-4cca-4526-bae9-3c583e94d5d2,blocked,True,unavailable,candidate_invalid_json,
Sparkov,FOLLOWUP_SPARKOV_278,A_direct,4ea53280-79e6-41fa-bb67-6ff5ccb0746f,completed,True,unavailable,candidate_invalid_json,
Sparkov,FOLLOWUP_SPARKOV_272,D_hybrid,55a9c071-b749-4e4a-b327-dd8a79cd27d7,blocked,True,available,available,0.0
Sparkov,FOLLOWUP_SPARKOV_272,A_direct,55dd35d0-fb7b-4f64-89a8-84028d006438,completed,True,available,available,1.0
Sparkov,FOLLOWUP_SPARKOV_274,D_hybrid,5b24a2d8-f761-43c4-bce5-9ff21fdd88c0,blocked,True,unavailable,candidate_invalid_json,
Sparkov,FOLLOWUP_SPARKOV_276,A_direct,5fa58886-04be-47d6-b25d-622187736059,completed,True,available,available,1.0
Sparkov,FOLLOWUP_SPARKOV_280,C_dense,6322b57f-8553-4b3a-8516-dcb1cdabd3e2,blocked,True,unavailable,candidate_invalid_json,
Sparkov,FOLLOWUP_SPARKOV_274,B_lexical,6a414243-2e9f-431f-97cb-9935b98b70ba,completed,True,available,available,1.0
Sparkov,FOLLOWUP_SPARKOV_273,C_lexical,6df971d9-bffe-4430-a703-4ff4be5b0084,blocked,True,available,available,0.0
Sparkov,FOLLOWUP_SPARKOV_271,D_hybrid,6f5779eb-ce1e-42a1-92c6-73cca43f71c5,blocked,True,unavailable,candidate_invalid_json,
Sparkov,FOLLOWUP_SPARKOV_277,A_direct,71a19ca4-b6c3-46fe-8e08-ee9b06cf5ccb,completed,True,available,available,1.0
Sparkov,FOLLOWUP_SPARKOV_272,C_lexical,7aebff68-689d-41ef-816e-4532a2741c07,blocked,True,available,available,0.0
Sparkov,FOLLOWUP_SPARKOV_273,B_lexical,7dd5757e-436f-4ed1-a64b-a58ccb760e8d,completed,True,available,available,0.0
Sparkov,FOLLOWUP_SPARKOV_278,C_lexical,8131f75e-eb5a-401f-a901-b338035fd034,blocked,True,unavailable,candidate_invalid_json,
Sparkov,FOLLOWUP_SPARKOV_273,A_direct,8440cd9a-92f7-446e-a28e-8fe2b5518470,completed,True,available,available,1.0
Sparkov,FOLLOWUP_SPARKOV_280,D_hybrid,849f11df-219d-4145-8c9a-5bae0aa41eb0,blocked,True,available,available,0.0
Sparkov,FOLLOWUP_SPARKOV_271,B_dense,8618df21-da46-45d0-ad46-b812a411c171,completed,True,available,available,0.0
Sparkov,FOLLOWUP_SPARKOV_280,B_lexical,86ad005e-6dc3-4346-b1fb-2f554a1dde3f,completed,True,unavailable,candidate_invalid_json,
Sparkov,FOLLOWUP_SPARKOV_274,C_lexical,904ecd04-e46f-40a5-b383-a63e19b5dec5,blocked,True,unavailable,model_drivers_missing,
Sparkov,FOLLOWUP_SPARKOV_275,B_lexical,91958872-ab5f-46f6-857f-43c88365f4b1,completed,True,available,available,0.0
Sparkov,FOLLOWUP_SPARKOV_275,A_direct,9d1794cd-5096-4065-b6d0-94a8102c7d76,completed,True,available,available,0.0
Sparkov,FOLLOWUP_SPARKOV_274,C_dense,9e18d7fb-bc9d-4527-98eb-5619c059f7e5,blocked,True,available,available,0.0
Sparkov,FOLLOWUP_SPARKOV_272,B_dense,a3eba4c4-b345-4b98-b2ac-062d1469c678,completed,True,available,available,0.0
Sparkov,FOLLOWUP_SPARKOV_275,C_lexical,a4427854-3d3f-478f-be00-57ca0eb60104,blocked,True,available,available,0.0
Sparkov,FOLLOWUP_SPARKOV_271,C_lexical,a57718e3-a1c0-43fe-82a0-27b261c18094,blocked,True,available,available,0.0
Sparkov,FOLLOWUP_SPARKOV_278,C_dense,af9e0610-4cf7-4618-870c-d8cdc38e5005,blocked,True,available,available,0.0
Sparkov,FOLLOWUP_SPARKOV_278,B_dense,afde948d-f041-41ae-ac2d-d6c8f9ab9b46,completed,True,available,available,0.0
Sparkov,FOLLOWUP_SPARKOV_277,B_dense,b0b0e7f1-ffd2-41ab-9d82-aee2226d2d6f,completed,True,available,available,0.0
Sparkov,FOLLOWUP_SPARKOV_276,B_lexical,b785ef45-c7ad-4918-8de3-e817b8f7b8d1,completed,True,unavailable,candidate_invalid_json,
Sparkov,FOLLOWUP_SPARKOV_279,B_dense,b7b1146a-e78e-410b-a1e7-37510c566988,completed,True,available,available,0.0
Sparkov,FOLLOWUP_SPARKOV_276,D_hybrid,b94cb534-031a-424f-80c9-90cb9e37d3e5,blocked,True,available,available,0.0
Sparkov,FOLLOWUP_SPARKOV_279,C_dense,bf982630-d330-441f-97ad-fecb3027190d,blocked,True,available,available,0.0
Sparkov,FOLLOWUP_SPARKOV_280,A_direct,c042f185-9f42-47ef-b7e7-e9348075c04e,completed,True,available,available,1.0
Sparkov,FOLLOWUP_SPARKOV_277,D_hybrid,c8978a90-6c39-4560-8319-b60c89b9ce5b,blocked,True,available,available,0.0
Sparkov,FOLLOWUP_SPARKOV_275,D_hybrid,cd8f12d9-83f8-4578-99c3-3c4763f558d2,blocked,True,unavailable,candidate_invalid_json,
Sparkov,FOLLOWUP_SPARKOV_279,A_direct,dcec1b84-2565-40e9-92d6-169f33478ced,completed,True,available,available,0.0
Sparkov,FOLLOWUP_SPARKOV_271,A_direct,e4fe288b-27ae-45a9-98a7-3422f3675e2b,completed,True,unavailable,candidate_invalid_json,
Sparkov,FOLLOWUP_SPARKOV_271,C_dense,e5d79015-3987-4715-8ff8-ea51c375cce1,blocked,True,unavailable,candidate_invalid_json,
Sparkov,FOLLOWUP_SPARKOV_279,B_lexical,e6438c7d-f082-4dec-b542-9bb455556e10,completed,True,available,available,1.0
Sparkov,FOLLOWUP_SPARKOV_280,C_lexical,e67088e0-f22b-4bee-98c5-683ff253da02,blocked,True,unavailable,candidate_invalid_json,
Sparkov,FOLLOWUP_SPARKOV_276,C_dense,f20f5567-42cb-417d-89d9-46519e7e319b,blocked,True,available,available,0.0
Sparkov,FOLLOWUP_SPARKOV_276,C_lexical,f8760d1e-aaa2-4808-922c-58341018241d,blocked,True,available,available,0.0
Sparkov,FOLLOWUP_SPARKOV_277,C_dense,f95c174f-42a0-4c59-8355-4c42fb5e84d6,blocked,True,available,available,0.0
Sparkov,FOLLOWUP_SPARKOV_279,C_lexical,fdebd269-2bc9-4084-a677-cc94cf55c721,blocked,True,unavailable,candidate_invalid_json,
Sparkov,FOLLOWUP_SPARKOV_273,C_dense,fe48d91e-13b2-4198-bfd0-01338a4d3fd6,blocked,True,available,available,0.0
Sparkov,FOLLOWUP_SPARKOV_285,A_direct,03399c18-f01d-48ad-8a1b-749a4c1f6dff,completed,True,available,available,0.0
Sparkov,FOLLOWUP_SPARKOV_281,C_lexical,07b259f2-5b32-4590-b1d8-3e774ee8e676,blocked,True,available,available,0.0
Sparkov,FOLLOWUP_SPARKOV_288,B_dense,098b39e7-87fb-4e77-88fc-b1c5b312033c,completed,True,available,available,0.0
Sparkov,FOLLOWUP_SPARKOV_287,B_dense,0dd8bade-af73-462e-a8cc-d3952548532d,completed,True,available,available,1.0
Sparkov,FOLLOWUP_SPARKOV_283,C_lexical,126dc85d-fbb7-41d8-9c8d-eb369a11c90e,blocked,True,available,available,0.0
Sparkov,FOLLOWUP_SPARKOV_282,C_lexical,14d35363-069f-42be-909e-82de9d2fecd6,blocked,True,available,available,0.0
Sparkov,FOLLOWUP_SPARKOV_288,A_direct,16e2ad7d-2cab-4ddc-8269-83f9629d17f8,completed,True,available,available,1.0
Sparkov,FOLLOWUP_SPARKOV_286,B_dense,1c867c4d-0e65-4c7b-945c-a6ff3fb5615e,completed,True,unavailable,candidate_invalid_json,
Sparkov,FOLLOWUP_SPARKOV_287,B_lexical,1f728195-af68-4ac5-8e9b-b39036c0399c,completed,True,available,available,0.0
Sparkov,FOLLOWUP_SPARKOV_290,A_direct,224d80cc-c49e-4c53-920a-e0fd4792b877,completed,True,available,available,1.0
Sparkov,FOLLOWUP_SPARKOV_284,C_lexical,2299b0cf-d519-452b-a296-f1b68f6512ee,blocked,True,available,available,0.0
Sparkov,FOLLOWUP_SPARKOV_282,C_dense,2f8f1790-af75-4e0e-a566-5b154ea17e8d,blocked,True,unavailable,candidate_invalid_json,
Sparkov,FOLLOWUP_SPARKOV_281,B_dense,30c8272b-0385-439f-98ea-8e61187b5081,completed,True,available,available,1.0
Sparkov,FOLLOWUP_SPARKOV_284,C_dense,30fedacf-143c-45a8-bdf9-ba437820a0f5,blocked,True,available,available,0.0
Sparkov,FOLLOWUP_SPARKOV_289,B_lexical,4590c233-d61c-4c52-813f-9ed6cfac7380,completed,True,available,available,0.0
Sparkov,FOLLOWUP_SPARKOV_281,B_lexical,47a67a3f-ea7c-49eb-8540-95a28ad73535,completed,True,unavailable,candidate_invalid_json,
Sparkov,FOLLOWUP_SPARKOV_290,B_dense,498f96cb-2dc7-461a-8be5-04d6d8b7506d,completed,True,available,available,0.0
Sparkov,FOLLOWUP_SPARKOV_290,D_hybrid,4edc0425-15b4-4d6c-a7b1-dded9c9cbfb0,blocked,True,available,available,0.0
Sparkov,FOLLOWUP_SPARKOV_288,D_hybrid,54ce0c2f-477d-4242-9598-c2897ffb3bda,blocked,True,available,available,0.0
Sparkov,FOLLOWUP_SPARKOV_283,B_lexical,5e6879f4-dcfa-424e-aa16-bd06c495fd07,completed,True,available,available,0.0
Sparkov,FOLLOWUP_SPARKOV_289,B_dense,61da2211-d07f-4e1b-8cb3-b63752877004,completed,True,available,available,0.0
Sparkov,FOLLOWUP_SPARKOV_289,C_lexical,62d1112c-dc10-4e87-aa7e-6b59834884ab,blocked,True,available,available,0.0
Sparkov,FOLLOWUP_SPARKOV_284,B_dense,76ee24bb-c0a8-49ab-a1eb-3c23e3b8fe8f,completed,True,available,available,0.0
Sparkov,FOLLOWUP_SPARKOV_290,B_lexical,7be1fec5-464b-4d9b-8078-08ed4ebf848f,completed,True,unavailable,candidate_invalid_json,
Sparkov,FOLLOWUP_SPARKOV_287,D_hybrid,7dd9e107-4ac5-49b6-8ffa-0d170335bfef,blocked,True,unavailable,candidate_invalid_json,
Sparkov,FOLLOWUP_SPARKOV_283,B_dense,7f74a155-72b7-40c9-b16c-eb3bf3310a78,completed,True,unavailable,candidate_invalid_json,
Sparkov,FOLLOWUP_SPARKOV_285,B_lexical,840f6f31-0296-4b7d-a009-11f055003f0b,completed,True,available,available,1.0
Sparkov,FOLLOWUP_SPARKOV_286,B_lexical,844b295f-fb07-40d7-83ee-f9e05d9ee121,completed,True,unavailable,candidate_invalid_json,
Sparkov,FOLLOWUP_SPARKOV_286,C_dense,8499d89d-c76e-402c-85e6-df611161dbba,blocked,True,available,available,0.0
Sparkov,FOLLOWUP_SPARKOV_288,C_dense,879470ad-5c20-4259-8f59-032d09694651,blocked,True,unavailable,candidate_invalid_json,
Sparkov,FOLLOWUP_SPARKOV_282,D_hybrid,8c0e9381-95a9-4682-9d2d-72f43b763f92,blocked,True,unavailable,candidate_invalid_json,
Sparkov,FOLLOWUP_SPARKOV_287,C_lexical,8e9e0564-edd4-4f35-b150-dfe2548252b5,blocked,True,unavailable,candidate_invalid_json,
Sparkov,FOLLOWUP_SPARKOV_284,D_hybrid,911f0d65-df3b-485b-b0a3-f6b7ab9a3929,blocked,True,available,available,0.0
Sparkov,FOLLOWUP_SPARKOV_282,A_direct,93949cdc-0686-4a62-b6d1-b656d11678e5,completed,True,available,available,1.0
Sparkov,FOLLOWUP_SPARKOV_282,B_lexical,942ad244-b9e5-4b81-aa8f-556a46980f7b,completed,True,available,available,0.0
Sparkov,FOLLOWUP_SPARKOV_282,B_dense,98849f97-1dda-4135-8533-16a40ebe56d6,completed,True,available,available,0.0
Sparkov,FOLLOWUP_SPARKOV_283,D_hybrid,98e0aa45-ec32-4eb4-88af-f4b90b50024b,blocked,True,available,available,0.0
Sparkov,FOLLOWUP_SPARKOV_281,D_hybrid,a4db3b04-6d1f-40dc-8913-10059f743cc4,blocked,True,available,available,0.0
Sparkov,FOLLOWUP_SPARKOV_285,C_dense,a99303db-e835-4330-b3ef-907129f5348a,blocked,True,unavailable,candidate_invalid_json,
Sparkov,FOLLOWUP_SPARKOV_284,B_lexical,ab8a1e90-21f5-4e4e-bcee-2e59df4bc4c5,completed,True,available,available,0.0
Sparkov,FOLLOWUP_SPARKOV_283,C_dense,afd9f55d-15d8-4775-b680-2b4c5f3aa4bd,blocked,True,unavailable,candidate_invalid_json,
Sparkov,FOLLOWUP_SPARKOV_290,C_lexical,b2b50e7a-d746-4abc-b644-2c3889584056,blocked,True,available,available,0.0
Sparkov,FOLLOWUP_SPARKOV_281,C_dense,b3604519-afce-4e56-8bcc-491940e36629,blocked,True,unavailable,candidate_invalid_json,
Sparkov,FOLLOWUP_SPARKOV_288,C_lexical,b588529a-8243-4830-bb2e-7640bc7856fb,blocked,True,unavailable,candidate_invalid_json,
Sparkov,FOLLOWUP_SPARKOV_289,D_hybrid,b7cbd708-91e5-4358-936d-80e1d9df29c1,blocked,True,available,available,0.0
Sparkov,FOLLOWUP_SPARKOV_289,A_direct,c2b05efa-415f-457e-b0ed-57c575a57d91,completed,True,available,available,1.0
Sparkov,FOLLOWUP_SPARKOV_284,A_direct,cc491132-27c1-4a4a-b4f6-feddb9b66312,completed,True,available,available,0.8
Sparkov,FOLLOWUP_SPARKOV_286,C_lexical,d3cf9f80-2537-4228-8c08-dbcf91eb1870,blocked,True,available,available,0.0
Sparkov,FOLLOWUP_SPARKOV_286,D_hybrid,d50f9077-207b-45ad-bfd5-da6fe08b5fb7,blocked,True,unavailable,candidate_invalid_json,
Sparkov,FOLLOWUP_SPARKOV_286,A_direct,d62988e9-169e-4193-80ed-ab559e80bb78,completed,True,available,available,1.0
Sparkov,FOLLOWUP_SPARKOV_287,A_direct,d65cf73b-f418-4b0f-a8ff-950f23c709cc,completed,True,unavailable,candidate_invalid_json,
Sparkov,FOLLOWUP_SPARKOV_288,B_lexical,d97265f0-bffb-4553-93af-1353e0f05e15,completed,True,available,available,0.0
Sparkov,FOLLOWUP_SPARKOV_290,C_dense,dd5631ec-6e2a-4727-ba32-4037a13e15f5,blocked,True,available,available,0.0
Sparkov,FOLLOWUP_SPARKOV_289,C_dense,e1fb80eb-1555-475f-8a40-2695863d17cf,blocked,True,unavailable,candidate_invalid_json,
Sparkov,FOLLOWUP_SPARKOV_287,C_dense,ea5553ff-e172-4812-8efa-10ce14e2d0e3,blocked,True,unavailable,candidate_invalid_json,
Sparkov,FOLLOWUP_SPARKOV_281,A_direct,eed1fdd5-bec9-451e-9f7a-72352da2fbc2,completed,True,available,available,0.0
Sparkov,FOLLOWUP_SPARKOV_283,A_direct,efb5da0d-ca8a-488a-b422-860eaf5666bb,completed,True,available,available,1.0
Sparkov,FOLLOWUP_SPARKOV_285,C_lexical,f35283b9-78ee-454e-a92d-da153bbe94d2,blocked,True,available,available,0.0
Sparkov,FOLLOWUP_SPARKOV_285,B_dense,f52d8bfd-02b3-4046-8234-6be79c5b65f4,completed,True,unavailable,candidate_invalid_json,
Sparkov,FOLLOWUP_SPARKOV_285,D_hybrid,f86b1c3c-f9ac-4b40-81b8-fc04ed3a395b,blocked,True,available,available,0.0
Sparkov,FOLLOWUP_SPARKOV_300,C_lexical,013a507f-fad5-4909-b748-e770fd33c192,blocked,True,available,available,0.0
Sparkov,FOLLOWUP_SPARKOV_293,B_dense,0867ca57-99f1-4055-8d98-4164d63951c9,completed,True,available,available,0.0
Sparkov,FOLLOWUP_SPARKOV_294,A_direct,09de7ecd-6af2-44de-9d0b-4abb5cadfbeb,completed,True,unavailable,candidate_invalid_json,
Sparkov,FOLLOWUP_SPARKOV_298,B_lexical,0d021b14-2ee1-457e-9ef7-b0ef53aac5fc,completed,True,unavailable,candidate_invalid_json,
Sparkov,FOLLOWUP_SPARKOV_299,C_dense,0dd0ac9d-45ae-446d-85e0-8c8e25c57c9f,blocked,True,available,available,0.0
Sparkov,FOLLOWUP_SPARKOV_297,A_direct,0ebf1ea8-cb92-42f4-a300-750799cfe341,completed,True,available,available,1.0
Sparkov,FOLLOWUP_SPARKOV_295,A_direct,1453c35c-f642-426d-8646-eb99cb88b891,completed,True,available,available,0.8
Sparkov,FOLLOWUP_SPARKOV_297,C_lexical,1706dde2-c764-4ee3-9a55-69659480d742,blocked,True,unavailable,candidate_invalid_json,
Sparkov,FOLLOWUP_SPARKOV_296,C_dense,182fc0fa-efbe-4808-b5c2-4f35ed0dc076,blocked,True,available,available,0.0
Sparkov,FOLLOWUP_SPARKOV_297,C_dense,1c776869-c36b-44e6-a2fd-4be55a08d5ff,blocked,True,available,available,0.0
Sparkov,FOLLOWUP_SPARKOV_291,B_dense,2580ef47-aec0-45f4-a966-5ffa221e60ce,completed,True,available,available,0.0
Sparkov,FOLLOWUP_SPARKOV_291,D_hybrid,25aba571-f2e4-4023-8a80-d493c365ce8c,blocked,True,unavailable,candidate_invalid_json,
Sparkov,FOLLOWUP_SPARKOV_294,C_dense,2868d863-f660-43f5-819d-7f4679dd0ca5,blocked,True,available,available,0.0
Sparkov,FOLLOWUP_SPARKOV_299,A_direct,291810cd-74b8-4557-b880-d5a0ea1cf320,completed,True,available,available,1.0
Sparkov,FOLLOWUP_SPARKOV_294,B_lexical,299ee2c8-70d9-434d-a044-efd6ce453800,completed,True,available,available,1.0
Sparkov,FOLLOWUP_SPARKOV_300,C_dense,2b96ee9f-e0dd-438d-8ee7-5edf53d8c241,blocked,True,available,available,0.0
Sparkov,FOLLOWUP_SPARKOV_298,C_dense,395d60ca-073b-4089-ba41-8cd7665fb711,blocked,True,available,available,0.0
Sparkov,FOLLOWUP_SPARKOV_295,D_hybrid,3d74178d-ef5f-4f25-a6b4-cbdc3efa5ca6,blocked,True,unavailable,candidate_invalid_json,
Sparkov,FOLLOWUP_SPARKOV_292,A_direct,44b891b1-1dfd-486f-a334-73e21a4828d6,completed,True,available,available,0.0
Sparkov,FOLLOWUP_SPARKOV_291,C_dense,4b318127-44cb-4f82-bbe9-77a4777f312d,blocked,True,available,available,0.0
Sparkov,FOLLOWUP_SPARKOV_299,B_dense,4f5ef3b5-ed24-4f9a-8257-170280b55994,completed,True,available,available,0.0
Sparkov,FOLLOWUP_SPARKOV_296,D_hybrid,4f97710b-01ff-43af-9624-c13693d52ad6,blocked,True,available,available,0.0
Sparkov,FOLLOWUP_SPARKOV_293,A_direct,500b864f-5a92-4d51-9f47-e4f4391753f4,completed,True,available,available,0.0
Sparkov,FOLLOWUP_SPARKOV_292,B_dense,51274d7e-47dc-49f9-8d16-1446196f8efc,completed,True,unavailable,candidate_invalid_json,
Sparkov,FOLLOWUP_SPARKOV_298,D_hybrid,51fcd2c7-08dc-40ce-b14d-0b8646315eb2,blocked,True,available,available,0.0
Sparkov,FOLLOWUP_SPARKOV_297,D_hybrid,54400386-2a2a-4cb5-ad07-80db690e729f,blocked,True,available,available,0.0
Sparkov,FOLLOWUP_SPARKOV_293,C_lexical,5a8ed9e7-04b8-4259-80ae-6c1b443ecec7,blocked,True,available,available,0.0
Sparkov,FOLLOWUP_SPARKOV_294,B_dense,5b076550-1a89-48ea-b537-5356cc0e95c5,completed,True,available,available,0.0
Sparkov,FOLLOWUP_SPARKOV_298,B_dense,5c27b06c-425e-4ebb-a0ab-7bbaf829afc8,completed,True,unavailable,candidate_invalid_json,
Sparkov,FOLLOWUP_SPARKOV_296,A_direct,6853a65e-4133-4511-8edc-98eaf078bdba,completed,True,available,available,0.8
Sparkov,FOLLOWUP_SPARKOV_292,D_hybrid,69fab0a1-740a-48a3-b2f2-a632b408776e,blocked,True,available,available,0.0
Sparkov,FOLLOWUP_SPARKOV_300,B_lexical,6ba7c10b-c697-4f7b-95b5-2765b4de192f,completed,True,available,available,0.0
Sparkov,FOLLOWUP_SPARKOV_291,B_lexical,6f73e457-f08e-4fc4-b6f1-ea6cf14e5d43,completed,True,unavailable,candidate_invalid_json,
Sparkov,FOLLOWUP_SPARKOV_294,D_hybrid,84873a3e-5aab-40d3-b965-e592649419df,blocked,True,unavailable,candidate_invalid_json,
Sparkov,FOLLOWUP_SPARKOV_299,D_hybrid,8ae2bf03-a519-42dc-b8ad-33d69c7aa255,blocked,True,unavailable,candidate_invalid_json,
Sparkov,FOLLOWUP_SPARKOV_296,C_lexical,9209e40f-2518-4804-a01e-e93e54aab006,blocked,True,unavailable,candidate_invalid_json,
Sparkov,FOLLOWUP_SPARKOV_297,B_dense,98fab4a2-34bc-4c94-9875-60869b53c9a3,completed,True,unavailable,candidate_invalid_json,
Sparkov,FOLLOWUP_SPARKOV_300,B_dense,9a9cca04-97d1-4e09-b193-1ec9cbb9ce2f,completed,True,available,available,0.0
Sparkov,FOLLOWUP_SPARKOV_297,B_lexical,a65b7b0a-1a62-462f-a4e4-06e2487b8c4e,completed,True,available,available,1.0
Sparkov,FOLLOWUP_SPARKOV_295,B_lexical,aa1ec1b9-533f-4d63-bf8e-b943af84adf9,completed,True,available,available,0.0
Sparkov,FOLLOWUP_SPARKOV_298,C_lexical,ae1a1dc9-16c4-4c1d-9a82-21efa78df866,blocked,True,unavailable,candidate_invalid_json,
Sparkov,FOLLOWUP_SPARKOV_292,C_dense,afac8b7a-782a-4271-8e86-e4410cf3daef,blocked,True,available,available,0.0
Sparkov,FOLLOWUP_SPARKOV_299,C_lexical,b23cd3a8-731f-4138-bee1-80bbd985d383,blocked,True,available,available,0.0
Sparkov,FOLLOWUP_SPARKOV_300,A_direct,b540521c-8404-419f-bff4-9851c76c9d30,completed,True,available,available,1.0
Sparkov,FOLLOWUP_SPARKOV_296,B_lexical,b57b4df0-be78-4807-8338-280d6d1e8490,completed,True,available,available,0.0
Sparkov,FOLLOWUP_SPARKOV_299,B_lexical,b7aa65e0-690a-4ad4-a3e9-63f278888c51,completed,True,available,available,1.0
Sparkov,FOLLOWUP_SPARKOV_300,D_hybrid,bcfb4f8c-66c7-45fd-a98c-44f9cd5ce1ce,blocked,True,unavailable,candidate_invalid_json,
Sparkov,FOLLOWUP_SPARKOV_292,C_lexical,c0eb0681-5c64-49a4-a00b-b039fc053eba,blocked,True,available,available,0.0
Sparkov,FOLLOWUP_SPARKOV_293,C_dense,c33f705f-9e6b-4a03-94fd-5cf3161f75a3,blocked,True,unavailable,candidate_invalid_json,
Sparkov,FOLLOWUP_SPARKOV_295,C_dense,c6a3ffa6-15ca-4abb-bd63-8b19e53b1822,blocked,True,available,available,0.0
Sparkov,FOLLOWUP_SPARKOV_295,C_lexical,c6c0d4a9-0c28-4286-a861-a5d5225fed86,blocked,True,available,available,0.0
Sparkov,FOLLOWUP_SPARKOV_292,B_lexical,ca41d08d-74c2-44e0-a079-019709c382b8,completed,True,available,available,0.0
Sparkov,FOLLOWUP_SPARKOV_293,B_lexical,d2839bcf-5c2f-4a6e-9c8a-e0dd98307f7f,completed,True,available,available,1.0
Sparkov,FOLLOWUP_SPARKOV_293,D_hybrid,e8cd2dd1-4db1-4520-b439-29971beb1ec9,blocked,True,unavailable,candidate_invalid_json,
Sparkov,FOLLOWUP_SPARKOV_298,A_direct,eb8180d3-20e2-4934-bc61-d4c2ae9d689f,completed,True,unavailable,candidate_invalid_json,
Sparkov,FOLLOWUP_SPARKOV_291,C_lexical,f3e03966-12ac-46b3-acab-c5f5e34e4370,blocked,True,available,available,0.0
Sparkov,FOLLOWUP_SPARKOV_291,A_direct,f9a3e784-af32-4782-bf95-4c3cfd6bf275,completed,True,available,available,0.0
Sparkov,FOLLOWUP_SPARKOV_294,C_lexical,faebfbfb-10d3-46c7-8262-bbf8e9e94265,blocked,True,unavailable,candidate_invalid_json,
Sparkov,FOLLOWUP_SPARKOV_295,B_dense,fd8d2a58-d11e-4bb1-8c21-6f0946bf7b93,completed,True,available,available,0.0
Sparkov,FOLLOWUP_SPARKOV_296,B_dense,fe07d0c7-021d-4f4e-83ae-6d571041f2ae,completed,True,unavailable,candidate_invalid_json,
Sparkov,FOLLOWUP_SPARKOV_302,C_dense,04b0ba23-22dd-4569-b48f-d352ad84036a,blocked,True,available,available,0.0
Sparkov,FOLLOWUP_SPARKOV_302,C_lexical,05f892be-a3a1-4415-a3f5-87d790d9a730,blocked,True,available,available,0.0
Sparkov,FOLLOWUP_SPARKOV_303,D_hybrid,073ef9ad-8114-46c4-a526-64a324ce944b,blocked,True,unavailable,candidate_invalid_json,
Sparkov,FOLLOWUP_SPARKOV_308,B_dense,09d60316-d51b-4150-9256-ad97ab606c6c,completed,True,unavailable,candidate_invalid_json,
Sparkov,FOLLOWUP_SPARKOV_304,D_hybrid,0b0771d6-c413-4c3c-a3c6-7aa464871052,blocked,True,available,available,0.0
Sparkov,FOLLOWUP_SPARKOV_305,B_dense,0dd23ef4-af0f-4999-bdb1-9e31fcb14292,completed,True,available,available,0.0
Sparkov,FOLLOWUP_SPARKOV_301,B_lexical,16c27142-c82b-4e1c-844a-3276349a59b1,completed,True,available,available,1.0
Sparkov,FOLLOWUP_SPARKOV_304,C_lexical,1dd63cf5-22e4-47dd-9352-2c46cded9a70,blocked,True,available,available,0.0
Sparkov,FOLLOWUP_SPARKOV_302,D_hybrid,21749798-de0e-41e4-80f3-535b98534047,blocked,True,available,available,0.0
Sparkov,FOLLOWUP_SPARKOV_301,B_dense,2ba13446-bf11-4ff0-a12f-6b0c05975c52,completed,True,available,available,0.666667
Sparkov,FOLLOWUP_SPARKOV_305,C_lexical,2e0d2a69-7225-416d-9f35-c2558e4d644b,blocked,True,unavailable,candidate_invalid_json,
Sparkov,FOLLOWUP_SPARKOV_306,A_direct,3757c23e-4f26-4866-80f3-3d48f2806e64,completed,True,available,available,1.0
Sparkov,FOLLOWUP_SPARKOV_305,D_hybrid,3d639e29-f0bc-4495-b90d-f28c54edb3a3,blocked,True,available,available,0.0
Sparkov,FOLLOWUP_SPARKOV_303,C_lexical,3eb9aaa0-f4cb-4314-9b6a-47e653525fdf,blocked,True,available,available,0.0
Sparkov,FOLLOWUP_SPARKOV_308,C_dense,3edc19eb-b83b-41bd-8cc2-8d9335c9b39e,blocked,True,unavailable,candidate_invalid_json,
Sparkov,FOLLOWUP_SPARKOV_302,A_direct,3f8492a6-f000-4fa5-9427-4e92127d2ec7,completed,True,available,available,0.8
Sparkov,FOLLOWUP_SPARKOV_305,C_dense,447d036f-e836-4888-88f3-2ae0fcc998f0,blocked,True,available,available,0.0
Sparkov,FOLLOWUP_SPARKOV_309,B_dense,4af40752-e6c2-487a-9300-41337f43e623,completed,True,available,available,0.0
Sparkov,FOLLOWUP_SPARKOV_308,B_lexical,4d329c04-830d-47cf-ace2-3345b4a40d4d,completed,True,unavailable,candidate_invalid_json,
Sparkov,FOLLOWUP_SPARKOV_301,D_hybrid,51bf7bd7-89d4-420f-8200-825ae8d150d6,blocked,True,available,available,0.0
Sparkov,FOLLOWUP_SPARKOV_305,B_lexical,5615b55b-ee57-467c-b2f3-616cb82113ca,completed,True,unavailable,candidate_invalid_json,
Sparkov,FOLLOWUP_SPARKOV_310,A_direct,56bf4f19-4ea7-4d7b-b32a-f66e639b2bac,completed,True,available,available,0.0
Sparkov,FOLLOWUP_SPARKOV_306,B_dense,59bcfb8d-0c99-4703-9d87-c973033dc7f3,completed,True,available,available,0.0
Sparkov,FOLLOWUP_SPARKOV_301,C_lexical,68252e1e-2ca8-4c4d-b52e-1929df13ceca,blocked,True,unavailable,candidate_invalid_json,
Sparkov,FOLLOWUP_SPARKOV_303,A_direct,6b0612da-cbd9-4115-9b09-908153071130,completed,True,unavailable,candidate_invalid_json,
Sparkov,FOLLOWUP_SPARKOV_303,C_dense,6f44312e-76a2-4188-b13f-91d80c4481bf,blocked,True,unavailable,candidate_invalid_json,
Sparkov,FOLLOWUP_SPARKOV_309,C_lexical,73be2624-e6b5-432c-b149-295f5c28d3a0,blocked,True,available,available,0.0
Sparkov,FOLLOWUP_SPARKOV_309,D_hybrid,7730f2af-4d8c-44e8-9f22-24b46d848e76,blocked,True,unavailable,candidate_invalid_json,
Sparkov,FOLLOWUP_SPARKOV_301,A_direct,7746a027-9c34-43ae-a47d-61e7a8772fcc,completed,True,unavailable,candidate_invalid_json,
Sparkov,FOLLOWUP_SPARKOV_305,A_direct,77e1a0a8-b988-48a1-afcc-6501ca68cafc,completed,True,available,available,1.0
Sparkov,FOLLOWUP_SPARKOV_309,C_dense,79ad73a3-ead1-4351-bb4e-5fa3b8aab074,blocked,True,available,available,0.0
Sparkov,FOLLOWUP_SPARKOV_306,D_hybrid,7d7209b4-0432-41d4-80a8-8cc01d085353,blocked,True,available,available,0.0
Sparkov,FOLLOWUP_SPARKOV_304,B_dense,80b549c6-9bae-4b8f-bd18-bca455bb42a9,completed,True,available,available,0.0
Sparkov,FOLLOWUP_SPARKOV_303,B_dense,8472f565-93df-4c63-ab18-f3edaf40cced,completed,True,available,available,0.0
Sparkov,FOLLOWUP_SPARKOV_302,B_dense,893bd2cd-ecb9-464b-8697-27e4d561bd1d,completed,True,unavailable,candidate_invalid_json,
Sparkov,FOLLOWUP_SPARKOV_307,B_lexical,8dfcd598-c725-40ae-b3d7-4e05ed303fc0,completed,True,unavailable,candidate_invalid_json,
Sparkov,FOLLOWUP_SPARKOV_302,B_lexical,943f2ffd-8804-46a5-8fb8-3b75b5bef449,completed,True,available,available,0.0
Sparkov,FOLLOWUP_SPARKOV_307,A_direct,988d39bb-55d8-4f9a-8ca3-2ecb442e5c0d,completed,True,unavailable,candidate_invalid_json,
Sparkov,FOLLOWUP_SPARKOV_304,B_lexical,98ec01a3-8278-45d5-98ce-2aafef02b0f1,completed,True,available,available,0.0
Sparkov,FOLLOWUP_SPARKOV_307,C_lexical,992a7451-b0dc-4bc9-a463-9ebad05fb343,blocked,True,unavailable,candidate_invalid_json,
Sparkov,FOLLOWUP_SPARKOV_306,B_lexical,99b04403-f6fd-4fdd-8cbd-58f3f5b0d538,completed,True,unavailable,candidate_invalid_json,
Sparkov,FOLLOWUP_SPARKOV_304,C_dense,a69c2596-cac0-4c3d-b5bb-117ea308e92c,blocked,True,unavailable,candidate_invalid_json,
Sparkov,FOLLOWUP_SPARKOV_306,C_dense,a6f6b02b-c591-417b-8ffc-6a0211617226,blocked,True,available,available,0.0
Sparkov,FOLLOWUP_SPARKOV_310,B_dense,bfb762b5-656c-432d-90cd-1e2d3156a122,completed,True,available,available,0.0
Sparkov,FOLLOWUP_SPARKOV_308,D_hybrid,c009c9df-4625-46f2-b131-32d519f0eaae,blocked,True,available,available,0.0
Sparkov,FOLLOWUP_SPARKOV_310,D_hybrid,c40a05ff-92ef-47c5-8d2d-4fc2bf132ea6,blocked,True,unavailable,candidate_invalid_json,
Sparkov,FOLLOWUP_SPARKOV_310,C_dense,c85a0cda-b619-49b1-9884-d8abdf53e788,blocked,True,unavailable,candidate_invalid_json,
Sparkov,FOLLOWUP_SPARKOV_307,C_dense,c9bd17dd-6bb1-4df5-8e3e-b188d452b67d,blocked,True,available,available,0.0
Sparkov,FOLLOWUP_SPARKOV_303,B_lexical,d443d434-8b38-4b54-9607-6cd4e8095fdb,completed,True,available,available,0.0
Sparkov,FOLLOWUP_SPARKOV_308,A_direct,d893b406-bec3-4796-8927-7d33a960e8b3,completed,True,available,available,1.0
Sparkov,FOLLOWUP_SPARKOV_310,B_lexical,d92721fd-5bbe-4228-89cd-5eeb17340657,completed,True,available,available,1.0
Sparkov,FOLLOWUP_SPARKOV_301,C_dense,da0caa01-590e-4781-9c10-87acd7dd9718,blocked,True,unavailable,candidate_invalid_json,
Sparkov,FOLLOWUP_SPARKOV_308,C_lexical,dd46298c-d458-48b9-9941-8e7d4a96aa9a,blocked,True,available,available,0.0
Sparkov,FOLLOWUP_SPARKOV_304,A_direct,e155c2a4-4449-4a16-9d7c-b8e3b42fc660,completed,True,available,available,1.0
Sparkov,FOLLOWUP_SPARKOV_307,B_dense,e3756531-63e7-44a3-adf5-28e263e169e6,completed,True,unavailable,candidate_invalid_json,
Sparkov,FOLLOWUP_SPARKOV_306,C_lexical,ea77dacb-bc3f-47b5-be6f-ec4006720854,blocked,True,available,available,0.0
Sparkov,FOLLOWUP_SPARKOV_310,C_lexical,f3acdcd5-5162-404c-9c5f-7bbe289ecf5c,blocked,True,available,available,0.0
Sparkov,FOLLOWUP_SPARKOV_309,B_lexical,f3e20b70-13d4-4b78-8022-d0f518e678a4,completed,True,unavailable,candidate_invalid_json,
Sparkov,FOLLOWUP_SPARKOV_307,D_hybrid,f4ce2d4d-a380-42cb-80ad-db40e55d9fac,blocked,True,unavailable,candidate_invalid_json,
Sparkov,FOLLOWUP_SPARKOV_309,A_direct,ff771fd5-83e3-43dc-af98-5779e177f307,completed,True,available,available,1.0
Sparkov,FOLLOWUP_SPARKOV_317,A_direct,0ab8ab4f-b430-4fff-8698-f9b23e79decc,completed,True,available,available,1.0
Sparkov,FOLLOWUP_SPARKOV_313,B_dense,1544ca3e-9009-42ef-8a8f-775489dd390f,completed,True,available,available,0.0
Sparkov,FOLLOWUP_SPARKOV_318,D_hybrid,1b9f00b0-b3eb-462c-a066-b8ce8803079a,blocked,True,available,available,0.0
Sparkov,FOLLOWUP_SPARKOV_318,C_lexical,1fb561ce-e5d1-47a6-8bf1-c00e131e645b,blocked,True,unavailable,candidate_invalid_json,
Sparkov,FOLLOWUP_SPARKOV_317,D_hybrid,2255783b-c5cf-4248-82fd-d23661b452e4,blocked,True,unavailable,candidate_invalid_json,
Sparkov,FOLLOWUP_SPARKOV_316,C_dense,23c28935-7bad-456b-a81f-9eca3edbd90a,blocked,True,available,available,0.0
Sparkov,FOLLOWUP_SPARKOV_315,C_lexical,2a83e480-485f-4689-97db-1f101704a7b8,blocked,True,unavailable,candidate_invalid_json,
Sparkov,FOLLOWUP_SPARKOV_317,C_lexical,2bb7566a-fbbe-42db-a10b-34b6ea798192,blocked,True,unavailable,candidate_invalid_json,
Sparkov,FOLLOWUP_SPARKOV_312,C_lexical,2cbfd1ff-8261-4d91-9b36-8d1ddf68c857,blocked,True,available,available,0.0
Sparkov,FOLLOWUP_SPARKOV_316,B_dense,351b3ca3-2297-4c18-905e-0720938260c4,completed,True,available,available,0.0
Sparkov,FOLLOWUP_SPARKOV_316,D_hybrid,353a3e6b-0faa-4ab2-9c9a-ca92a64bd5bf,blocked,True,unavailable,candidate_invalid_json,
Sparkov,FOLLOWUP_SPARKOV_318,B_dense,384870ef-6bf9-4d7c-a555-392d2e7e2817,completed,True,unavailable,candidate_invalid_json,
Sparkov,FOLLOWUP_SPARKOV_313,D_hybrid,3c5fa1e1-a2e9-40f1-b9da-67308984add4,blocked,True,available,available,0.0
Sparkov,FOLLOWUP_SPARKOV_315,A_direct,3d60f52e-a234-4809-988e-0c6be89b0691,completed,True,unavailable,candidate_invalid_json,
Sparkov,FOLLOWUP_SPARKOV_316,A_direct,3e5f16f2-7536-42ef-961b-8ee72f90f824,completed,True,available,available,1.0
Sparkov,FOLLOWUP_SPARKOV_319,B_dense,40c2afb7-ec71-49d9-98a3-81bdc98ceab7,completed,True,available,available,0.0
Sparkov,FOLLOWUP_SPARKOV_312,A_direct,4128a331-5729-4852-8cad-16dee1af218a,completed,True,available,available,1.0
Sparkov,FOLLOWUP_SPARKOV_311,C_lexical,4204b652-ce83-4581-a408-caf38b4ca389,blocked,True,available,available,0.0
Sparkov,FOLLOWUP_SPARKOV_316,B_lexical,47c6792c-15b9-4235-a694-ab387e3e311a,completed,True,available,available,0.0
Sparkov,FOLLOWUP_SPARKOV_313,C_lexical,496f60d5-9a38-4231-b710-172fcf1116fb,blocked,True,unavailable,model_drivers_missing,
Sparkov,FOLLOWUP_SPARKOV_318,B_lexical,4acd3b7f-b35e-486d-8111-a4b77265bf2c,completed,True,available,available,0.0
Sparkov,FOLLOWUP_SPARKOV_317,B_dense,5727739b-edf0-4ec3-96c1-21d803de36d6,completed,True,available,available,0.0
Sparkov,FOLLOWUP_SPARKOV_312,C_dense,5c5635e9-6951-484b-8632-094063f7ec0c,blocked,True,available,available,0.0
Sparkov,FOLLOWUP_SPARKOV_318,A_direct,643c5ccb-5b48-4620-97a8-d0d6cdb4f557,completed,True,available,available,1.0
Sparkov,FOLLOWUP_SPARKOV_318,C_dense,64769e36-ca8d-46e6-9699-8efc121c6f65,blocked,True,available,available,0.0
Sparkov,FOLLOWUP_SPARKOV_315,D_hybrid,6b2eb390-317d-46c2-bb79-9af1d8d98721,blocked,True,available,available,0.0
Sparkov,FOLLOWUP_SPARKOV_311,B_lexical,6cbb2634-68eb-42de-a98a-adc071314abf,completed,True,available,available,0.0
Sparkov,FOLLOWUP_SPARKOV_319,C_dense,6e55ac24-8711-4549-80ed-627472087af4,blocked,True,unavailable,candidate_invalid_json,
Sparkov,FOLLOWUP_SPARKOV_320,B_lexical,729dc57e-f71e-4144-a117-b214fd0791e0,completed,True,available,available,0.0
Sparkov,FOLLOWUP_SPARKOV_311,C_dense,732e75dc-d5b9-4772-a4dc-183c9afbebee,blocked,True,unavailable,candidate_invalid_json,
Sparkov,FOLLOWUP_SPARKOV_320,B_dense,73567ad1-0afb-4d23-b7c4-4513925bc163,completed,True,unavailable,candidate_invalid_json,
Sparkov,FOLLOWUP_SPARKOV_312,D_hybrid,763f13f1-4994-481d-9076-5e4afa05cf6c,blocked,True,unavailable,candidate_invalid_json,
Sparkov,FOLLOWUP_SPARKOV_317,C_dense,770d7b66-257a-4a24-be8e-fafe9ea9498f,blocked,True,unavailable,candidate_invalid_json,
Sparkov,FOLLOWUP_SPARKOV_319,D_hybrid,77fec1da-c8b7-460e-bbe0-ff6158b07637,blocked,True,available,available,0.0
Sparkov,FOLLOWUP_SPARKOV_315,B_lexical,79be8ab9-e88d-4c3e-adcc-fcaf21acf81e,completed,True,unavailable,candidate_invalid_json,
Sparkov,FOLLOWUP_SPARKOV_312,B_dense,7ccd7a8a-ac1d-4d61-a6bd-c5d54a31579c,completed,True,available,available,0.0
Sparkov,FOLLOWUP_SPARKOV_316,C_lexical,81ec5bd9-0416-49db-8501-ec4a3f7510c9,blocked,True,available,available,0.0
Sparkov,FOLLOWUP_SPARKOV_315,C_dense,8793b1d8-ed96-475a-86b4-705947060a67,blocked,True,unavailable,candidate_invalid_json,
Sparkov,FOLLOWUP_SPARKOV_320,C_lexical,8a07a960-50b6-484d-9a0e-a4c2e91267e5,blocked,True,available,available,0.0
Sparkov,FOLLOWUP_SPARKOV_314,B_lexical,9b91641e-5dc9-4d5c-842a-b4261a5b4181,completed,True,available,available,0.0
Sparkov,FOLLOWUP_SPARKOV_319,C_lexical,9c8fc3be-51f0-4ee3-b842-cc09057fb7e5,blocked,True,unavailable,candidate_invalid_json,
Sparkov,FOLLOWUP_SPARKOV_314,C_lexical,9ca05618-809c-4dde-82cd-f141ce5b5cf4,blocked,True,unavailable,candidate_invalid_json,
Sparkov,FOLLOWUP_SPARKOV_313,C_dense,a20091d3-2fd0-44bb-a18c-0e3a91c7ba10,blocked,True,available,available,0.0
Sparkov,FOLLOWUP_SPARKOV_314,D_hybrid,a3ca48b1-1759-480b-852d-c1da2b7de4f6,blocked,True,unavailable,candidate_invalid_json,
Sparkov,FOLLOWUP_SPARKOV_314,A_direct,a45ea47a-88af-471a-8638-b25f30037636,completed,True,unavailable,candidate_invalid_json,
Sparkov,FOLLOWUP_SPARKOV_313,B_lexical,a7ced9e6-099e-4107-b4f4-c13268346010,completed,True,unavailable,candidate_invalid_json,
Sparkov,FOLLOWUP_SPARKOV_314,C_dense,af0f56b9-b1d3-4dfa-afd1-9527c05765f5,blocked,True,available,available,0.0
Sparkov,FOLLOWUP_SPARKOV_319,A_direct,b04bbf5f-cd2d-40ec-afb2-9cde67a7fc79,completed,True,available,available,1.0
Sparkov,FOLLOWUP_SPARKOV_319,B_lexical,b89c58ff-8389-4ddf-8e21-0638ddbd15fe,completed,True,unavailable,candidate_invalid_json,
Sparkov,FOLLOWUP_SPARKOV_311,A_direct,c1f60584-969d-44d9-a11d-6903e1918bed,completed,True,available,available,1.0
Sparkov,FOLLOWUP_SPARKOV_312,B_lexical,d183835f-c4a2-4c8a-a817-7550480ed89e,completed,True,available,available,0.0
Sparkov,FOLLOWUP_SPARKOV_311,B_dense,d5e564a3-ab9d-4ae0-b2f2-f53c09ad14e9,completed,True,unavailable,model_drivers_missing,
Sparkov,FOLLOWUP_SPARKOV_317,B_lexical,d7fe302d-6f1e-460d-87b5-85bd4e395e1c,completed,True,available,available,0.0
Sparkov,FOLLOWUP_SPARKOV_320,A_direct,d864a57a-edcc-4780-9b23-1d491889ee92,completed,True,unavailable,candidate_invalid_json,
Sparkov,FOLLOWUP_SPARKOV_314,B_dense,e1009ac5-df5d-4d35-bf54-0c708ed83f35,completed,True,available,available,0.0
Sparkov,FOLLOWUP_SPARKOV_311,D_hybrid,e3123d54-22bb-4183-b347-9095481cf1c1,blocked,True,available,available,0.0
Sparkov,FOLLOWUP_SPARKOV_315,B_dense,e53895e2-3b2c-4c52-be35-4ede9e770677,completed,True,unavailable,candidate_invalid_json,
Sparkov,FOLLOWUP_SPARKOV_320,D_hybrid,e6c30ef3-6fb6-401f-abe8-7dd701df9a72,blocked,True,available,available,0.0
Sparkov,FOLLOWUP_SPARKOV_313,A_direct,f54551cc-9094-4ec4-bd1d-a5be2bfb5752,completed,True,unavailable,candidate_invalid_json,
Sparkov,FOLLOWUP_SPARKOV_320,C_dense,f8223ea3-3ad2-48d3-9a0c-5afb76609046,blocked,True,available,available,0.0
Sparkov,FOLLOWUP_SPARKOV_330,B_lexical,09b78775-3717-4bb5-92d0-f2da367433f0,completed,True,available,available,1.0
Sparkov,FOLLOWUP_SPARKOV_322,B_lexical,10c613ae-fe18-4283-b5f9-657745a9427b,completed,True,available,available,0.0
Sparkov,FOLLOWUP_SPARKOV_325,A_direct,12d5b496-fc44-45f4-bae2-d025d47293b3,completed,True,available,available,1.0
Sparkov,FOLLOWUP_SPARKOV_321,D_hybrid,16555cc0-bd40-4ba5-9d83-9583dfbde05f,blocked,True,unavailable,candidate_invalid_json,
Sparkov,FOLLOWUP_SPARKOV_324,A_direct,172c051b-af71-44c5-a462-78a9baa7013e,completed,True,available,available,1.0
Sparkov,FOLLOWUP_SPARKOV_323,C_dense,1920d6be-3a57-4ecd-bc33-1447562632cc,blocked,True,available,available,0.0
Sparkov,FOLLOWUP_SPARKOV_322,B_dense,1b961fbe-1905-46a8-b1da-19f40f686b36,completed,True,available,available,0.0
Sparkov,FOLLOWUP_SPARKOV_322,A_direct,1ba3296e-0a65-43cb-8169-f3568b929bf1,completed,True,available,available,1.0
Sparkov,FOLLOWUP_SPARKOV_327,D_hybrid,20cffbf7-f031-4e3b-b36a-665c8b7d8023,blocked,True,unavailable,candidate_invalid_json,
Sparkov,FOLLOWUP_SPARKOV_330,A_direct,21dcde2d-74c9-4c20-ab3f-426503e0170f,completed,True,unavailable,candidate_invalid_json,
Sparkov,FOLLOWUP_SPARKOV_324,B_lexical,237c5dd0-dd07-4434-96fa-4815372b6610,completed,True,unavailable,candidate_invalid_json,
Sparkov,FOLLOWUP_SPARKOV_325,B_dense,33a28077-a34e-4597-93fa-ab77fc53f6d0,completed,True,available,available,0.0
Sparkov,FOLLOWUP_SPARKOV_326,C_dense,364ef021-dbbf-4979-a5cc-1560599c1f44,blocked,True,available,available,0.0
Sparkov,FOLLOWUP_SPARKOV_330,C_lexical,388a93da-f3c9-4da7-b412-ce400251083a,blocked,True,unavailable,candidate_invalid_json,
Sparkov,FOLLOWUP_SPARKOV_324,D_hybrid,3c8dad96-87ea-433f-badb-8a3289ce88a2,blocked,True,available,available,0.0
Sparkov,FOLLOWUP_SPARKOV_328,B_dense,3d9e6eae-0254-40d6-9d10-e97a578138c9,completed,True,unavailable,candidate_invalid_json,
Sparkov,FOLLOWUP_SPARKOV_329,B_lexical,403cdb86-73d6-4935-bce2-053c0119faea,completed,True,available,available,0.0
Sparkov,FOLLOWUP_SPARKOV_324,C_dense,40948995-c154-4daf-b600-023896fcca9d,blocked,True,available,available,0.0
Sparkov,FOLLOWUP_SPARKOV_330,D_hybrid,4242034b-abcc-41bf-ab57-e4879c9c970c,blocked,True,available,available,0.0
Sparkov,FOLLOWUP_SPARKOV_325,D_hybrid,4789c4fa-b4ed-4922-96e5-d06478622cea,blocked,True,unavailable,candidate_invalid_json,
Sparkov,FOLLOWUP_SPARKOV_326,B_lexical,57de9564-f8ac-4746-b60f-f5f23547a774,completed,True,available,available,0.0
Sparkov,FOLLOWUP_SPARKOV_322,C_dense,5990970f-5b76-4378-9c97-60d1b85b215c,blocked,True,unavailable,candidate_invalid_json,
Sparkov,FOLLOWUP_SPARKOV_324,B_dense,62f944a5-26a9-409b-ace9-ff09dd9471c7,completed,True,available,available,0.0
Sparkov,FOLLOWUP_SPARKOV_323,B_lexical,68a5571f-b693-40df-b236-9edcebe0994f,completed,True,unavailable,candidate_invalid_json,
Sparkov,FOLLOWUP_SPARKOV_329,D_hybrid,6985e78e-4a52-4d36-a6e1-6af1dd93eeac,blocked,True,unavailable,candidate_invalid_json,
Sparkov,FOLLOWUP_SPARKOV_322,C_lexical,69b7ed9a-a9c6-4751-bf10-cd1ad5b6ba98,blocked,True,available,available,0.0
Sparkov,FOLLOWUP_SPARKOV_328,C_dense,6fa3d8cd-1a1a-4c04-93df-a18b0e43786e,blocked,True,unavailable,candidate_invalid_json,
Sparkov,FOLLOWUP_SPARKOV_323,D_hybrid,735f66f9-e627-4210-975b-86e4e780267f,blocked,True,unavailable,candidate_invalid_json,
Sparkov,FOLLOWUP_SPARKOV_325,C_lexical,76d97468-041f-437f-865c-0d483ef9802a,blocked,True,available,available,0.0
Sparkov,FOLLOWUP_SPARKOV_323,A_direct,77653acd-7528-48c9-bf64-c20d85a83da1,completed,True,unavailable,candidate_invalid_json,
Sparkov,FOLLOWUP_SPARKOV_330,C_dense,7810e03a-36ab-4a07-97fc-558c3cbc3e0c,blocked,True,unavailable,candidate_invalid_json,
Sparkov,FOLLOWUP_SPARKOV_326,A_direct,78929a41-aa4a-4a17-9c96-202686012c01,completed,True,available,available,1.0
Sparkov,FOLLOWUP_SPARKOV_321,C_lexical,7a7465c6-de6b-4490-a901-ebeceff10b3c,blocked,True,available,available,0.0
Sparkov,FOLLOWUP_SPARKOV_327,C_dense,7aa860fa-0399-4137-b21f-d879f2c49e9d,blocked,True,available,available,0.0
Sparkov,FOLLOWUP_SPARKOV_325,C_dense,7c901c8a-7c0f-4235-b3a4-762020bc7d19,blocked,True,available,available,0.0
Sparkov,FOLLOWUP_SPARKOV_327,A_direct,7f15dfb5-accd-490f-8180-0c49ab9ed533,completed,True,available,available,1.0
Sparkov,FOLLOWUP_SPARKOV_321,A_direct,822eb51c-11ec-405f-9246-69e7f63a295e,completed,True,available,available,1.0
Sparkov,FOLLOWUP_SPARKOV_321,B_lexical,87cabd37-cfec-4e1c-ad5c-9e097d1fa1e0,completed,True,unavailable,candidate_invalid_json,
Sparkov,FOLLOWUP_SPARKOV_325,B_lexical,88bc16cc-8511-4128-9bbb-47a8fa642858,completed,True,available,available,0.0
Sparkov,FOLLOWUP_SPARKOV_327,C_lexical,8b73601c-df35-45c7-9b39-9f1061d46ca8,blocked,True,unavailable,candidate_invalid_json,
Sparkov,FOLLOWUP_SPARKOV_329,A_direct,8c3fc6a7-98cb-47b2-8b7d-69fc699c6bd5,completed,True,available,available,1.0
Sparkov,FOLLOWUP_SPARKOV_321,C_dense,8f771f2d-0c7a-4b4f-b970-eb50051fec4e,blocked,True,available,available,0.0
Sparkov,FOLLOWUP_SPARKOV_328,D_hybrid,9240c25a-06eb-4f12-a62b-b1cdc143bade,blocked,True,available,available,0.0
Sparkov,FOLLOWUP_SPARKOV_324,C_lexical,970f4296-c045-4bf8-aa7f-7437a7ed1eb5,blocked,True,available,available,0.0
Sparkov,FOLLOWUP_SPARKOV_326,C_lexical,9a6d123a-225e-4cea-a77b-a12c0c3f4544,blocked,True,unavailable,candidate_invalid_json,
Sparkov,FOLLOWUP_SPARKOV_323,C_lexical,a26103ad-6c6f-42da-ac49-2bd373d338eb,blocked,True,available,available,0.0
Sparkov,FOLLOWUP_SPARKOV_322,D_hybrid,a2aaa84f-e537-446a-8433-b9c06cce2eb8,blocked,True,available,available,0.0
Sparkov,FOLLOWUP_SPARKOV_329,C_lexical,a51d1186-69f9-4c26-88e8-15cb1900fa3c,blocked,True,available,available,0.0
Sparkov,FOLLOWUP_SPARKOV_329,C_dense,b19083a7-a1b3-44f3-aecc-caa5db19c408,blocked,True,available,available,0.0
Sparkov,FOLLOWUP_SPARKOV_327,B_dense,bf3342c3-4c60-4a83-a0dc-66f50653f344,completed,True,unavailable,candidate_invalid_json,
Sparkov,FOLLOWUP_SPARKOV_323,B_dense,c2fefdb3-a692-4abf-be54-e70ce273b085,completed,True,available,available,0.0
Sparkov,FOLLOWUP_SPARKOV_328,C_lexical,c3ce78a6-9732-48a3-ab2d-74e5cb59f7fc,blocked,True,available,available,0.0
Sparkov,FOLLOWUP_SPARKOV_326,B_dense,c6b99a20-0c26-4b42-a2df-a7cb5780eb84,completed,True,available,available,0.0
Sparkov,FOLLOWUP_SPARKOV_321,B_dense,d0937b9c-5c5a-436c-b858-fbad5c1e37e1,completed,True,available,available,0.0
Sparkov,FOLLOWUP_SPARKOV_326,D_hybrid,d4b7868c-d9f9-4aa8-8418-05ecf547a866,blocked,True,unavailable,candidate_invalid_json,
Sparkov,FOLLOWUP_SPARKOV_328,A_direct,db8ece17-d30e-4907-af13-c8a93ddfce1a,completed,True,available,available,0.0
Sparkov,FOLLOWUP_SPARKOV_329,B_dense,ddae3ad2-7e7b-4c2f-80fc-f625fe8d294d,completed,True,available,available,0.0
Sparkov,FOLLOWUP_SPARKOV_328,B_lexical,ed5b7500-8406-4683-b290-7c667ae59a59,completed,True,available,available,0.0
Sparkov,FOLLOWUP_SPARKOV_330,B_dense,f320677f-b735-4a2b-a021-360b0e61ab8b,completed,True,available,available,0.0
Sparkov,FOLLOWUP_SPARKOV_327,B_lexical,fe357d83-9663-4254-950c-e9da7fd579b6,completed,True,unavailable,candidate_invalid_json,
Sparkov,FOLLOWUP_SPARKOV_332,D_hybrid,0b51f570-e929-41fa-baed-24999f36e028,blocked,True,available,available,0.0
Sparkov,FOLLOWUP_SPARKOV_336,B_dense,0e53108d-a4e7-4370-85ce-70c92c78d362,completed,True,available,available,0.0
Sparkov,FOLLOWUP_SPARKOV_335,C_lexical,13d9785a-13ca-4f53-b591-cab3c571d8fa,blocked,True,unavailable,candidate_invalid_json,
Sparkov,FOLLOWUP_SPARKOV_335,B_dense,175bb9b6-bb68-4a1c-a37e-2b77beb50ddf,completed,True,available,available,0.0
Sparkov,FOLLOWUP_SPARKOV_331,B_dense,183f0039-35cf-4657-8161-0057dfd31857,completed,True,available,available,0.0
Sparkov,FOLLOWUP_SPARKOV_336,D_hybrid,1fe77d22-4f60-423c-addc-715cd7a95546,blocked,True,available,available,0.0
Sparkov,FOLLOWUP_SPARKOV_334,B_dense,24e7e586-63cc-4038-b47d-642f3274ba8a,completed,True,available,available,0.0
Sparkov,FOLLOWUP_SPARKOV_334,A_direct,25af2ae4-89b2-4bdd-88e7-7af1b728ae04,completed,True,available,available,0.0
Sparkov,FOLLOWUP_SPARKOV_335,B_lexical,288dfcfc-e30b-46a7-9cd2-3422bbc9447a,completed,True,unavailable,candidate_invalid_json,
Sparkov,FOLLOWUP_SPARKOV_333,C_lexical,2b49aa0e-3ad0-43a3-90b1-e49d2592bab3,blocked,True,available,available,0.0
Sparkov,FOLLOWUP_SPARKOV_338,B_lexical,2dc0e50f-db27-4898-b753-d2b33a42eeed,completed,True,unavailable,candidate_invalid_json,
Sparkov,FOLLOWUP_SPARKOV_331,A_direct,2e980758-a87e-40f5-b226-95bbfac32ad3,completed,True,available,available,1.0
Sparkov,FOLLOWUP_SPARKOV_338,D_hybrid,31fe23b5-a38b-44f6-8319-63df0be73628,blocked,True,unavailable,candidate_invalid_json,
Sparkov,FOLLOWUP_SPARKOV_336,A_direct,32f00f81-35dd-49a5-b53d-956471afce42,completed,True,available,available,1.0
Sparkov,FOLLOWUP_SPARKOV_338,A_direct,3a2812b6-10cc-44c4-a9c4-e6eaf06aa09b,completed,True,available,available,1.0
Sparkov,FOLLOWUP_SPARKOV_339,B_dense,418f7fb6-7759-4f93-8df9-2b03cf519bd2,completed,True,available,available,0.0
Sparkov,FOLLOWUP_SPARKOV_334,B_lexical,43370a0b-ded1-4291-a9fd-8d51f3b14192,completed,True,available,available,0.0
Sparkov,FOLLOWUP_SPARKOV_331,D_hybrid,4a52071a-6b7b-4da6-b7d7-c98c356d36e0,blocked,True,unavailable,candidate_invalid_json,
Sparkov,FOLLOWUP_SPARKOV_333,D_hybrid,4a5f33c0-54fb-423c-8755-01d4becbaeb9,blocked,True,available,available,0.0
Sparkov,FOLLOWUP_SPARKOV_337,C_dense,4cb25711-4c8a-4510-9c80-ccc52f9b42a2,blocked,True,available,available,0.0
Sparkov,FOLLOWUP_SPARKOV_340,C_lexical,4e6cf334-9a11-4520-8073-3f50b8445751,blocked,True,available,available,0.0
Sparkov,FOLLOWUP_SPARKOV_339,A_direct,54415eee-975b-495f-a605-797483f9a511,completed,True,available,available,1.0
Sparkov,FOLLOWUP_SPARKOV_334,D_hybrid,55583bc1-9d07-425c-8525-8d44f42c509d,blocked,True,available,available,0.0
Sparkov,FOLLOWUP_SPARKOV_335,D_hybrid,5fa8b957-482e-4982-a700-a48cd2258172,blocked,True,available,available,0.0
Sparkov,FOLLOWUP_SPARKOV_335,C_dense,60c91c82-969e-4730-971e-6edccade2a3c,blocked,True,available,available,0.0
Sparkov,FOLLOWUP_SPARKOV_336,C_dense,62b38f7e-8be3-4e3e-8d9e-0126b4270ccb,blocked,True,unavailable,candidate_invalid_json,
Sparkov,FOLLOWUP_SPARKOV_337,C_lexical,630207c3-c0f7-45ec-913b-2819e073bb35,blocked,True,available,available,0.0
Sparkov,FOLLOWUP_SPARKOV_337,B_lexical,638e5007-365c-4047-8cca-bc2071c5f2e9,completed,True,unavailable,candidate_invalid_json,
Sparkov,FOLLOWUP_SPARKOV_332,A_direct,6c0f711a-a097-4ff6-9795-71f5c541af3f,completed,True,available,available,1.0
Sparkov,FOLLOWUP_SPARKOV_337,D_hybrid,71fc5f9e-2e6d-4ec5-af94-3c64e0eb6689,blocked,True,unavailable,candidate_invalid_json,
Sparkov,FOLLOWUP_SPARKOV_332,B_dense,74278b0f-d450-4448-bdab-59cfe8346079,completed,True,available,available,0.0
Sparkov,FOLLOWUP_SPARKOV_334,C_dense,7571f447-3fa5-4aa5-b833-e33b82fd0043,blocked,True,available,available,0.0
Sparkov,FOLLOWUP_SPARKOV_338,C_dense,7b46376c-8eac-4eaa-87b9-a7e51247e350,blocked,True,unavailable,candidate_invalid_json,
Sparkov,FOLLOWUP_SPARKOV_332,C_lexical,8a96574e-aa07-4bd1-af56-3dc78b96fb31,blocked,True,available,available,0.0
Sparkov,FOLLOWUP_SPARKOV_333,B_dense,8fe905eb-5e16-4148-85fd-834ff540db2f,completed,True,available,available,0.0
Sparkov,FOLLOWUP_SPARKOV_331,B_lexical,9b9fafe9-1798-4310-b540-6ab101e27ad7,completed,True,available,available,0.0
Sparkov,FOLLOWUP_SPARKOV_339,C_lexical,9c80ac05-e5c1-4abb-be8d-bf5efb9acb12,blocked,True,available,available,0.0
Sparkov,FOLLOWUP_SPARKOV_332,B_lexical,a1a9c187-73bb-4fb1-ac0f-38eaffb581f6,completed,True,available,available,0.0
Sparkov,FOLLOWUP_SPARKOV_340,C_dense,a8b4e0d4-750b-4672-b4d6-f63d7a9641ad,blocked,True,unavailable,candidate_invalid_json,
Sparkov,FOLLOWUP_SPARKOV_338,B_dense,a95d8b8b-3dca-4e02-8e11-8291fe72e067,completed,True,available,available,0.0
Sparkov,FOLLOWUP_SPARKOV_340,B_lexical,aa0070ae-c132-4ebb-818a-cfe4ff5cd032,completed,True,unavailable,candidate_invalid_json,
Sparkov,FOLLOWUP_SPARKOV_339,C_dense,ad322188-cdca-467b-9e09-ea007a7b437a,blocked,True,available,available,0.0
Sparkov,FOLLOWUP_SPARKOV_333,A_direct,af8be4df-5ad4-4320-b589-e097dea7eb06,completed,True,available,available,0.0
Sparkov,FOLLOWUP_SPARKOV_332,C_dense,b03ea9d3-ee1d-475b-ba22-b98229aa78bf,blocked,True,available,available,0.0
Sparkov,FOLLOWUP_SPARKOV_336,B_lexical,b42a3459-c3f1-4cad-bb76-19beb456d053,completed,True,unavailable,candidate_invalid_json,
Sparkov,FOLLOWUP_SPARKOV_340,D_hybrid,c0b01e74-9815-4c65-9b46-8f2656b870ba,blocked,True,unavailable,candidate_invalid_json,
Sparkov,FOLLOWUP_SPARKOV_339,D_hybrid,c245c37a-3a31-42a3-92ff-036580051141,blocked,True,unavailable,candidate_invalid_json,
Sparkov,FOLLOWUP_SPARKOV_335,A_direct,c317cd27-30be-4b9b-8400-7511ee11f1d4,completed,True,unavailable,candidate_invalid_json,
Sparkov,FOLLOWUP_SPARKOV_337,A_direct,c65a4088-ba34-465d-b537-3ba3e700d3c5,completed,True,unavailable,candidate_invalid_json,
Sparkov,FOLLOWUP_SPARKOV_333,B_lexical,cbacbcb0-1ade-4366-8ede-8e2bd654e362,completed,True,unavailable,candidate_invalid_json,
Sparkov,FOLLOWUP_SPARKOV_340,B_dense,ccc8816f-76f4-4a4a-a7fb-7e035cf8c753,completed,True,available,available,0.0
Sparkov,FOLLOWUP_SPARKOV_338,C_lexical,d3f3bed5-c9b7-400c-9250-d8ac56069b60,blocked,True,unavailable,candidate_invalid_json,
Sparkov,FOLLOWUP_SPARKOV_339,B_lexical,d72b8e4f-959d-45bf-b8fd-3f559bc1e7b7,completed,True,available,available,0.0
Sparkov,FOLLOWUP_SPARKOV_340,A_direct,d8b0cd2f-7a0d-409e-99a7-3468c12ea4b7,completed,True,available,available,1.0
Sparkov,FOLLOWUP_SPARKOV_331,C_dense,de66df36-e8d6-4770-b08e-8ebf52e24c9f,blocked,True,available,available,0.0
Sparkov,FOLLOWUP_SPARKOV_336,C_lexical,ee69243a-a16a-457c-ab41-f7952a782e4b,blocked,True,available,available,0.0
Sparkov,FOLLOWUP_SPARKOV_337,B_dense,f0b584b8-05c4-4183-a23a-894508366b26,completed,True,available,available,0.0
Sparkov,FOLLOWUP_SPARKOV_333,C_dense,f55d9555-c892-47b5-9f63-41378a08c046,blocked,True,unavailable,candidate_invalid_json,
Sparkov,FOLLOWUP_SPARKOV_331,C_lexical,fc6fb40b-81e0-4ee2-b7ac-0e49687fec6c,blocked,True,unavailable,candidate_invalid_json,
Sparkov,FOLLOWUP_SPARKOV_334,C_lexical,fdad510a-be41-4741-b488-99ae23ec5fc4,blocked,True,unavailable,candidate_invalid_json,
Sparkov,FOLLOWUP_SPARKOV_350,B_dense,02c20c38-e952-4ee6-998a-d99bbad60145,completed,True,available,available,0.0
Sparkov,FOLLOWUP_SPARKOV_342,C_dense,03081293-28e1-4255-b918-f624bc6f34b8,blocked,True,unavailable,candidate_invalid_json,
Sparkov,FOLLOWUP_SPARKOV_342,A_direct,05a1e8e3-5bd5-4a72-b44f-aef4f9023d12,completed,True,available,available,1.0
Sparkov,FOLLOWUP_SPARKOV_345,D_hybrid,0a3382ce-4764-4d9b-a001-348d6c988151,blocked,True,unavailable,candidate_invalid_json,
Sparkov,FOLLOWUP_SPARKOV_344,C_lexical,0cd2d149-048f-4590-9fb6-c3cd706a3129,blocked,True,unavailable,candidate_invalid_json,
Sparkov,FOLLOWUP_SPARKOV_348,A_direct,10fe89e3-01d1-42a3-b697-7e5acd5b2248,completed,True,available,available,1.0
Sparkov,FOLLOWUP_SPARKOV_344,B_lexical,1811302d-f594-4683-b535-c55a757dd935,completed,True,available,available,0.0
Sparkov,FOLLOWUP_SPARKOV_341,D_hybrid,1bc84360-52be-469b-b477-91f79c651ce0,blocked,True,available,available,0.0
Sparkov,FOLLOWUP_SPARKOV_347,C_dense,1c86a97e-e337-4ac7-81ed-569205de0b76,blocked,True,unavailable,candidate_invalid_json,
Sparkov,FOLLOWUP_SPARKOV_349,B_dense,1fe5b0b0-812b-4fd8-825d-d120b8b0e86c,completed,True,available,available,0.0
Sparkov,FOLLOWUP_SPARKOV_349,B_lexical,259f5e7d-3315-4cde-b4f3-ac6e27830d1e,completed,True,available,available,0.0
Sparkov,FOLLOWUP_SPARKOV_350,D_hybrid,2d23c121-345a-490a-ba4f-ea3dd68f528d,blocked,True,available,available,0.0
Sparkov,FOLLOWUP_SPARKOV_341,C_dense,2f165926-78fa-45af-86d5-27ccdce8a242,blocked,True,unavailable,candidate_invalid_json,
Sparkov,FOLLOWUP_SPARKOV_350,A_direct,32a6e7b1-567c-4147-8805-21b6f3eafa21,completed,True,available,available,1.0
Sparkov,FOLLOWUP_SPARKOV_344,B_dense,34c28fe5-4c1c-430d-a352-f99011735263,completed,True,available,available,0.0
Sparkov,FOLLOWUP_SPARKOV_343,B_dense,3c4ec228-be52-44e8-ba99-191d7e603c56,completed,True,available,available,0.0
Sparkov,FOLLOWUP_SPARKOV_348,B_dense,44bc1214-193f-4942-a7a5-ff76cf1723b9,completed,True,available,available,0.0
Sparkov,FOLLOWUP_SPARKOV_344,A_direct,478426f6-c692-45fb-920c-44156c776265,completed,True,available,available,1.0
Sparkov,FOLLOWUP_SPARKOV_343,D_hybrid,4be5a49e-b132-4f11-8ed7-22abe577c358,blocked,True,available,available,0.0
Sparkov,FOLLOWUP_SPARKOV_342,B_lexical,5559136e-4535-4d92-b043-806d12ca6e14,completed,True,available,available,0.0
Sparkov,FOLLOWUP_SPARKOV_346,C_dense,564f4bc8-17a9-4822-852a-6ff941d2e4ea,blocked,True,available,available,0.0
Sparkov,FOLLOWUP_SPARKOV_349,D_hybrid,61fe8815-e75f-4da6-9df0-46d16eaba787,blocked,True,available,available,0.0
Sparkov,FOLLOWUP_SPARKOV_346,D_hybrid,68449566-5caf-41bd-8acb-9456e68527f3,blocked,True,unavailable,candidate_invalid_json,
Sparkov,FOLLOWUP_SPARKOV_343,A_direct,6ee9df7a-7666-474d-a087-76927211c00f,completed,True,available,available,1.0
Sparkov,FOLLOWUP_SPARKOV_347,D_hybrid,735f2d2a-214f-4587-b2ec-edc195a95fae,blocked,True,unavailable,candidate_invalid_json,
Sparkov,FOLLOWUP_SPARKOV_345,B_lexical,78eaf031-33e4-482a-9e0e-406f2ff91587,completed,True,available,available,0.0
Sparkov,FOLLOWUP_SPARKOV_349,C_dense,7a0c1759-e4de-4671-ae9e-bc7c0a487f52,blocked,True,unavailable,candidate_invalid_json,
Sparkov,FOLLOWUP_SPARKOV_348,C_dense,7e61efcb-de6e-41ba-8d44-47c9d17970d8,blocked,True,unavailable,candidate_invalid_json,
Sparkov,FOLLOWUP_SPARKOV_343,B_lexical,82b5f644-d7cd-42ca-9211-d9edf13e7032,completed,True,available,available,0.0
Sparkov,FOLLOWUP_SPARKOV_345,C_dense,8931f319-6c5a-42f5-9011-e3838ce4b0e5,blocked,True,available,available,0.0
Sparkov,FOLLOWUP_SPARKOV_346,B_dense,8a35c4aa-ac61-47e8-b6e0-56461f1db191,completed,True,unavailable,candidate_invalid_json,
Sparkov,FOLLOWUP_SPARKOV_349,C_lexical,8d768d4f-7a32-4ce7-8e8d-e28e9c14cd7e,blocked,True,available,available,0.0
Sparkov,FOLLOWUP_SPARKOV_341,A_direct,91dfbab1-8dd1-49a0-9f66-430376edb529,completed,True,unavailable,candidate_invalid_json,
Sparkov,FOLLOWUP_SPARKOV_347,A_direct,9bfb8a3f-e834-4b9c-b6a1-b3a54e746fb4,completed,True,available,available,0.0
Sparkov,FOLLOWUP_SPARKOV_348,D_hybrid,9f2e1454-56ae-42da-ae37-c34c229c1363,blocked,True,unavailable,candidate_invalid_json,
Sparkov,FOLLOWUP_SPARKOV_346,A_direct,a7127df0-062c-490c-8e2a-49dddd4779c3,completed,True,available,available,1.0
Sparkov,FOLLOWUP_SPARKOV_349,A_direct,aa2438af-a600-4ca0-b8c7-b2fa6f51ca9d,completed,True,available,available,0.0
Sparkov,FOLLOWUP_SPARKOV_345,A_direct,aabe339e-36ab-4780-b352-a77eb6ecbe8f,completed,True,unavailable,candidate_invalid_json,
Sparkov,FOLLOWUP_SPARKOV_348,C_lexical,ab8e1bc8-6532-4f31-bed8-a4caa3f50971,blocked,True,unavailable,candidate_invalid_json,
Sparkov,FOLLOWUP_SPARKOV_341,C_lexical,abe97c3b-151d-41f8-a378-b702dd644c50,blocked,True,unavailable,candidate_invalid_json,
Sparkov,FOLLOWUP_SPARKOV_343,C_lexical,ad34db37-2671-40ae-a57a-02488c5acabb,blocked,True,unavailable,candidate_invalid_json,
Sparkov,FOLLOWUP_SPARKOV_341,B_dense,b49c77a7-b14c-4cc9-9ff5-62443b304f2a,completed,True,available,available,0.0
Sparkov,FOLLOWUP_SPARKOV_347,C_lexical,bab46f78-5d96-45f3-907e-37c6962f5108,blocked,True,unavailable,candidate_invalid_json,
Sparkov,FOLLOWUP_SPARKOV_348,B_lexical,cb800efd-6b1a-4695-a46b-3cadb1844d7f,completed,True,available,available,0.0
Sparkov,FOLLOWUP_SPARKOV_343,C_dense,d3c3a0ad-6f4b-4487-b473-bde0a7284778,blocked,True,available,available,0.0
Sparkov,FOLLOWUP_SPARKOV_350,C_lexical,d4da3a46-cedc-4a37-a30a-a478bf8c7469,blocked,True,available,available,0.0
Sparkov,FOLLOWUP_SPARKOV_345,C_lexical,d85134a3-6dce-41d3-9d5d-7831fe215143,blocked,True,available,available,0.0
Sparkov,FOLLOWUP_SPARKOV_345,B_dense,d9dac5cd-d2a5-46ad-825a-45fca669957a,completed,True,available,available,0.0
Sparkov,FOLLOWUP_SPARKOV_350,B_lexical,db09e9fb-dbf2-4760-986e-c2a4d00ad729,completed,True,unavailable,candidate_invalid_json,
Sparkov,FOLLOWUP_SPARKOV_344,C_dense,dbe776f1-24e5-44ad-b26c-96d9004bf8fd,blocked,True,available,available,0.0
Sparkov,FOLLOWUP_SPARKOV_342,C_lexical,e461fc8c-e1d3-4220-91aa-d98d04a2c817,blocked,True,available,available,0.0
Sparkov,FOLLOWUP_SPARKOV_342,B_dense,eec6a3db-8baf-4012-ac10-23d842da709e,completed,True,available,available,0.0
Sparkov,FOLLOWUP_SPARKOV_350,C_dense,eecaa62c-3a63-4298-8ccb-a570f59e3b4a,blocked,True,unavailable,candidate_invalid_json,
Sparkov,FOLLOWUP_SPARKOV_347,B_dense,f08b8cc2-037c-4775-850d-14fe88c30ca3,completed,True,available,available,0.0
Sparkov,FOLLOWUP_SPARKOV_347,B_lexical,f284a8a7-5c60-4c0a-8c5a-eed0861850d8,completed,True,unavailable,candidate_invalid_json,
Sparkov,FOLLOWUP_SPARKOV_346,C_lexical,f3ba9b43-131a-40d1-8f43-3b3c25501d5e,blocked,True,available,available,0.0
Sparkov,FOLLOWUP_SPARKOV_346,B_lexical,face054f-7b47-4d9a-8041-6db3f7cbf787,completed,True,unavailable,candidate_invalid_json,
Sparkov,FOLLOWUP_SPARKOV_341,B_lexical,fb648871-3321-4572-a7b4-a9b843f33d26,completed,True,unavailable,candidate_invalid_json,
Sparkov,FOLLOWUP_SPARKOV_344,D_hybrid,ff398013-9701-4012-9543-173713703187,blocked,True,unavailable,candidate_invalid_json,
Sparkov,FOLLOWUP_SPARKOV_342,D_hybrid,ffba444c-6f5f-43a7-9b20-279370fafda7,blocked,True,available,available,0.0
Sparkov,FOLLOWUP_SPARKOV_354,A_direct,066445f1-169f-456a-9c4d-9e3d773551bc,completed,True,available,available,1.0
Sparkov,FOLLOWUP_SPARKOV_358,A_direct,07f9a0f9-527d-4c8c-a2da-c2f6ab380966,completed,True,available,available,0.0
Sparkov,FOLLOWUP_SPARKOV_355,A_direct,0bb6e7aa-a319-4b99-b685-3163c5e7407d,completed,True,unavailable,candidate_invalid_json,
Sparkov,FOLLOWUP_SPARKOV_359,D_hybrid,0ebe7472-acea-4a79-b9c7-bea4fd9d4318,blocked,True,available,available,0.0
Sparkov,FOLLOWUP_SPARKOV_358,B_dense,12d620b8-126b-466b-a3ca-63652afc4c8f,completed,True,unavailable,candidate_invalid_json,
Sparkov,FOLLOWUP_SPARKOV_360,D_hybrid,1ff43064-ff0b-4a79-922e-d9cadf440e05,blocked,True,available,available,0.0
Sparkov,FOLLOWUP_SPARKOV_358,B_lexical,28efd0be-9a2a-45b0-a937-bd5c8206620d,completed,True,available,available,1.0
Sparkov,FOLLOWUP_SPARKOV_353,A_direct,29bbaa46-e563-4dfc-9aa1-f162c2fc1f66,completed,True,available,available,0.0
Sparkov,FOLLOWUP_SPARKOV_357,B_lexical,2aa3fe19-0948-4eda-9fae-0a4451f61144,completed,True,unavailable,candidate_invalid_json,
Sparkov,FOLLOWUP_SPARKOV_352,C_lexical,2dd4e87a-ace3-484a-9bbe-9b9692518e60,blocked,True,unavailable,candidate_invalid_json,
Sparkov,FOLLOWUP_SPARKOV_354,C_dense,3ca1d966-33eb-4e92-bc32-5254c85fef3d,blocked,True,unavailable,candidate_invalid_json,
Sparkov,FOLLOWUP_SPARKOV_357,C_lexical,42745bdb-ddfd-485b-90df-386843f55c2c,blocked,True,available,available,0.0
Sparkov,FOLLOWUP_SPARKOV_355,C_lexical,42ab6041-5ff8-48e1-a636-c4285018d9e1,blocked,True,unavailable,candidate_invalid_json,
Sparkov,FOLLOWUP_SPARKOV_355,C_dense,44cf1832-2de5-4f2e-aded-f81b329d6446,blocked,True,available,available,0.0
Sparkov,FOLLOWUP_SPARKOV_353,C_dense,4f224673-abd0-4bb4-b99b-c412d6b3f8af,blocked,True,available,available,0.0
Sparkov,FOLLOWUP_SPARKOV_359,C_dense,5639e725-9a0a-49ad-90c4-5547b3ffc6f3,blocked,True,available,available,0.0
Sparkov,FOLLOWUP_SPARKOV_358,C_lexical,59f8613c-e9c1-48ab-a534-727c239f1862,blocked,True,available,available,0.0
Sparkov,FOLLOWUP_SPARKOV_355,D_hybrid,5e9b9a8c-942e-481c-8ff3-afd2890d1b6d,blocked,True,unavailable,candidate_invalid_json,
Sparkov,FOLLOWUP_SPARKOV_359,B_dense,64b13b39-da70-49bf-aae8-3c07f4d3bbf4,completed,True,available,available,0.0
Sparkov,FOLLOWUP_SPARKOV_351,C_dense,655c9bd5-ea25-4c6c-a5f5-c6b56b65f1dd,blocked,True,unavailable,candidate_invalid_json,
Sparkov,FOLLOWUP_SPARKOV_357,C_dense,68c27a87-8c8d-4301-8b5c-d2e9fcdf8420,blocked,True,available,available,0.0
Sparkov,FOLLOWUP_SPARKOV_351,B_dense,69e38f00-36e6-4d10-8cfd-336c4d21a8ce,completed,True,available,available,0.0
Sparkov,FOLLOWUP_SPARKOV_360,A_direct,6b47beb4-553f-48fb-9b0a-0bcc5484fc42,completed,True,available,available,0.0
Sparkov,FOLLOWUP_SPARKOV_360,B_lexical,770be5ea-8eb1-4ef9-b817-2b15f77fde4f,completed,True,available,available,0.0
Sparkov,FOLLOWUP_SPARKOV_355,B_lexical,7821f94f-7aa9-43bb-86cb-4870d47752b6,completed,True,available,available,0.0
Sparkov,FOLLOWUP_SPARKOV_353,D_hybrid,8007b3b5-084b-4e20-ae22-a4b05c405245,blocked,True,available,available,0.0
Sparkov,FOLLOWUP_SPARKOV_352,B_dense,85818e92-e407-4cbf-9fa3-bff01e492f00,completed,True,available,available,0.0
Sparkov,FOLLOWUP_SPARKOV_351,C_lexical,86970701-d697-49ca-8f1c-a38422b57731,blocked,True,available,available,0.0
Sparkov,FOLLOWUP_SPARKOV_356,C_dense,8b0610d4-b2a5-45c3-ba76-36dd0e0e8b70,blocked,True,available,available,0.0
Sparkov,FOLLOWUP_SPARKOV_354,B_lexical,8df91f3b-6380-4c45-9bf3-64ad9af86627,completed,True,available,available,0.0
Sparkov,FOLLOWUP_SPARKOV_351,A_direct,988b1291-9b00-4100-bc8d-a1e561945c2d,completed,True,available,available,1.0
Sparkov,FOLLOWUP_SPARKOV_356,D_hybrid,9d66a389-a7dd-4561-90e8-92d1382c0003,blocked,True,available,available,0.0
Sparkov,FOLLOWUP_SPARKOV_360,C_dense,9eb2aad5-e380-4c0d-a87d-8a3af70ad125,blocked,True,unavailable,candidate_invalid_json,
Sparkov,FOLLOWUP_SPARKOV_355,B_dense,a0cdb7b8-b377-45a6-8fe5-fb99971524cb,completed,True,unavailable,candidate_invalid_json,
Sparkov,FOLLOWUP_SPARKOV_352,D_hybrid,a5ca7571-734b-4ca8-b668-8f3118d7790b,blocked,True,available,available,0.0
Sparkov,FOLLOWUP_SPARKOV_354,B_dense,a5f4536e-cce7-48f7-87e5-1858341d403e,completed,True,available,available,0.0
Sparkov,FOLLOWUP_SPARKOV_353,C_lexical,a733482f-0fb4-49ba-8e16-b8f2ab0a2edc,blocked,True,unavailable,candidate_invalid_json,
Sparkov,FOLLOWUP_SPARKOV_359,C_lexical,a95f3004-7b82-487f-b788-1f885e463f47,blocked,True,available,available,0.0
Sparkov,FOLLOWUP_SPARKOV_357,D_hybrid,b23dcfb2-25e9-47d1-81b3-f7c5149dcc62,blocked,True,unavailable,candidate_invalid_json,
Sparkov,FOLLOWUP_SPARKOV_351,D_hybrid,b6e3e0bc-02d2-4520-be25-909281a19694,blocked,True,available,available,0.0
Sparkov,FOLLOWUP_SPARKOV_358,C_dense,bf516ef0-0ea7-4113-be4e-1c8a62be7ff0,blocked,True,available,available,0.0
Sparkov,FOLLOWUP_SPARKOV_359,B_lexical,bf869a35-bb7d-4ae8-969f-3afba4e21de0,completed,True,available,available,0.0
Sparkov,FOLLOWUP_SPARKOV_357,A_direct,c432c6ac-61d0-412a-b001-2c7e0f10b596,completed,True,unavailable,candidate_invalid_json,
Sparkov,FOLLOWUP_SPARKOV_356,B_lexical,c524b034-97ac-4563-91f6-381c7d46c5f8,completed,True,unavailable,candidate_invalid_json,
Sparkov,FOLLOWUP_SPARKOV_356,A_direct,c8357070-5974-4ccb-84f2-d42d3241d33b,completed,True,available,available,1.0
Sparkov,FOLLOWUP_SPARKOV_357,B_dense,cc9f9ea3-78ed-4196-89bb-fd03084dd4b0,completed,True,unavailable,candidate_invalid_json,
Sparkov,FOLLOWUP_SPARKOV_352,B_lexical,ce7c08fa-701a-4c27-b374-4db2bcdf0205,completed,True,unavailable,candidate_invalid_json,
Sparkov,FOLLOWUP_SPARKOV_354,D_hybrid,d045d46e-51e2-4fa4-851b-4a49536c89f7,blocked,True,available,available,0.0
Sparkov,FOLLOWUP_SPARKOV_353,B_dense,d5c158c1-7b20-4716-b2fb-8ee9d992a2cd,completed,True,unavailable,candidate_invalid_json,
Sparkov,FOLLOWUP_SPARKOV_352,C_dense,d5f15167-9620-43ba-a5ba-e791eb2e2168,blocked,True,unavailable,candidate_invalid_json,
Sparkov,FOLLOWUP_SPARKOV_358,D_hybrid,e157f474-de1c-4bfe-a2ec-dd8d063e0883,blocked,True,available,available,0.0
Sparkov,FOLLOWUP_SPARKOV_356,C_lexical,e15f7b21-0b99-4d76-915b-6ff648cd5495,blocked,True,unavailable,candidate_invalid_json,
Sparkov,FOLLOWUP_SPARKOV_360,B_dense,e34849f8-9ffe-4d0a-b30a-0d2c928996d1,completed,True,available,available,0.0
Sparkov,FOLLOWUP_SPARKOV_353,B_lexical,e52d55bd-81f5-40b4-861f-23a319ef4f73,completed,True,available,available,0.0
Sparkov,FOLLOWUP_SPARKOV_360,C_lexical,e92326bd-8d13-44ef-b883-d9ebf5cffca7,blocked,True,available,available,0.0
Sparkov,FOLLOWUP_SPARKOV_356,B_dense,edc54e0b-c3c3-48af-abed-8e9afaa05cb4,completed,True,available,available,0.0
Sparkov,FOLLOWUP_SPARKOV_351,B_lexical,ef79c5d7-2164-4951-b672-076c1f0b15dc,completed,True,unavailable,candidate_invalid_json,
Sparkov,FOLLOWUP_SPARKOV_354,C_lexical,f7e442ba-086b-45a0-9662-b768f551335e,blocked,True,available,available,0.0
Sparkov,FOLLOWUP_SPARKOV_359,A_direct,ff437900-e1ae-4625-b124-3a5404c61174,completed,True,available,available,1.0
Sparkov,FOLLOWUP_SPARKOV_352,A_direct,ff876183-0a6d-4d53-b590-a99a33407395,completed,True,available,available,1.0
Sparkov,FOLLOWUP_SPARKOV_365,B_lexical,02b7b07c-00c9-4aaf-b594-6c4af7244e02,completed,True,unavailable,candidate_invalid_json,
Sparkov,FOLLOWUP_SPARKOV_361,C_lexical,0424492f-6303-4ac2-acaf-d8f5da21aa47,blocked,True,available,available,0.0
Sparkov,FOLLOWUP_SPARKOV_364,A_direct,072271a3-a688-4d74-a6b5-3fd9ff9d7a52,completed,True,unavailable,candidate_invalid_json,
Sparkov,FOLLOWUP_SPARKOV_362,B_lexical,098de57e-cbaf-4517-a5c0-a58459acdb58,completed,True,unavailable,candidate_invalid_json,
Sparkov,FOLLOWUP_SPARKOV_363,A_direct,099472c6-bf62-4cc2-8824-4c580949e9f8,completed,True,available,available,1.0
Sparkov,FOLLOWUP_SPARKOV_361,A_direct,11ff39c0-e527-46e2-a27b-bc8f6586abc7,completed,True,available,available,1.0
Sparkov,FOLLOWUP_SPARKOV_362,A_direct,18ddd1f2-de19-4e86-b7f7-3a32bc5e4bc5,completed,True,available,available,1.0
Sparkov,FOLLOWUP_SPARKOV_369,A_direct,1b34be8a-e71e-4000-950e-460de707b2eb,completed,True,available,available,1.0
Sparkov,FOLLOWUP_SPARKOV_368,C_dense,200acd58-9da8-4a60-b899-42d45bea32b1,blocked,True,available,available,0.0
Sparkov,FOLLOWUP_SPARKOV_370,A_direct,30ab6b97-9176-4757-9bea-e7eb790dc0d4,completed,True,unavailable,candidate_invalid_json,
Sparkov,FOLLOWUP_SPARKOV_368,C_lexical,31250fbc-daa1-42b1-896f-3f739cb5c1a7,blocked,True,unavailable,candidate_invalid_json,
Sparkov,FOLLOWUP_SPARKOV_364,C_dense,31bfe78b-db20-4fea-99e9-8f0d76ab6c24,blocked,True,available,available,0.0
Sparkov,FOLLOWUP_SPARKOV_366,C_lexical,345f519d-43e8-464c-9aa6-40a587eaae85,blocked,True,available,available,0.0
Sparkov,FOLLOWUP_SPARKOV_365,D_hybrid,40af0b9b-995d-46e8-8b33-3755e9b14316,blocked,True,available,available,0.0
Sparkov,FOLLOWUP_SPARKOV_368,D_hybrid,41a9c54e-46f2-4f54-bf48-0e094c07ed34,blocked,True,available,available,0.0
Sparkov,FOLLOWUP_SPARKOV_364,B_dense,42e97e1e-145f-4841-80c9-83d379631195,completed,True,available,available,0.0
Sparkov,FOLLOWUP_SPARKOV_370,D_hybrid,4f3318e2-cbce-45dc-9fec-425a698699f5,blocked,True,unavailable,candidate_invalid_json,
Sparkov,FOLLOWUP_SPARKOV_362,C_dense,52232084-71b2-4a08-8d8c-d5bb8c81dd4c,blocked,True,available,available,0.0
Sparkov,FOLLOWUP_SPARKOV_361,D_hybrid,5266a0ad-fda1-499a-8bcc-e06ac27f09d9,blocked,True,available,available,0.0
Sparkov,FOLLOWUP_SPARKOV_368,A_direct,5508c15f-0266-4446-86c7-1b2ae04ad6bb,completed,True,unavailable,model_drivers_missing,
Sparkov,FOLLOWUP_SPARKOV_365,C_lexical,57f527b0-c6b0-40a7-85a3-fd9e17205bc3,blocked,True,available,available,0.0
Sparkov,FOLLOWUP_SPARKOV_367,C_dense,5a1c83f3-5310-4811-bd28-c39c063272ed,blocked,True,available,available,0.0
Sparkov,FOLLOWUP_SPARKOV_368,B_lexical,60c98c87-83ab-46a9-ae4e-2cc63ed3c69a,completed,True,unavailable,candidate_invalid_json,
Sparkov,FOLLOWUP_SPARKOV_367,B_lexical,6c9f8be5-956e-41d8-84a9-ca41b4699ba3,completed,True,unavailable,candidate_invalid_json,
Sparkov,FOLLOWUP_SPARKOV_364,D_hybrid,6db3cada-d725-41ce-89c3-9295f77cae46,blocked,True,unavailable,candidate_invalid_json,
Sparkov,FOLLOWUP_SPARKOV_366,B_dense,712dc92c-a08e-406c-969a-ce062d4b73e2,completed,True,available,available,0.0
Sparkov,FOLLOWUP_SPARKOV_370,B_dense,731c38ef-08fd-40b6-a29a-d539fa0cb3da,completed,True,available,available,0.0
Sparkov,FOLLOWUP_SPARKOV_366,B_lexical,75251b65-1364-4052-affa-b1217b29694c,completed,True,unavailable,candidate_invalid_json,
Sparkov,FOLLOWUP_SPARKOV_363,C_dense,758b0991-4ab6-4eed-9a9c-ca2b1cf0a90c,blocked,True,unavailable,candidate_invalid_json,
Sparkov,FOLLOWUP_SPARKOV_362,D_hybrid,7714d582-5e6b-4eb5-b634-c2739db5c23c,blocked,True,available,available,0.0
Sparkov,FOLLOWUP_SPARKOV_367,B_dense,7c0074b2-9333-42db-b083-8187618f01a7,completed,True,available,available,0.0
Sparkov,FOLLOWUP_SPARKOV_369,C_dense,814c7f27-c406-48cf-abd7-8b46b4ee7bcd,blocked,True,available,available,0.0
Sparkov,FOLLOWUP_SPARKOV_362,B_dense,81bf017b-2d3a-4301-9f66-22b92da43649,completed,True,available,available,0.0
Sparkov,FOLLOWUP_SPARKOV_370,C_lexical,8a69e348-7c2a-4bf5-867e-0a26c972f465,blocked,True,available,available,0.0
Sparkov,FOLLOWUP_SPARKOV_362,C_lexical,8b402eec-485f-404b-83a7-aaa32f3a2059,blocked,True,available,available,0.0
Sparkov,FOLLOWUP_SPARKOV_366,A_direct,8d345a20-d278-4f44-90d2-a5d61828c8ef,completed,True,available,available,1.0
Sparkov,FOLLOWUP_SPARKOV_366,D_hybrid,8fc590d9-d9fc-4ca8-8d82-4577b4487da3,blocked,True,available,available,0.0
Sparkov,FOLLOWUP_SPARKOV_363,C_lexical,9237e33a-550f-472f-a334-186528bc07c1,blocked,True,available,available,0.0
Sparkov,FOLLOWUP_SPARKOV_361,C_dense,963d24e3-701a-4a78-b44c-9b8c2a73f011,blocked,True,available,available,0.0
Sparkov,FOLLOWUP_SPARKOV_367,A_direct,991eb991-3cef-4298-82ab-c977a2ed93fe,completed,True,unavailable,candidate_invalid_json,
Sparkov,FOLLOWUP_SPARKOV_366,C_dense,a084aee4-8019-4989-9b57-edefd590eec6,blocked,True,unavailable,candidate_invalid_json,
Sparkov,FOLLOWUP_SPARKOV_361,B_dense,a182679a-be7e-4a03-856a-f8b5b39f36fa,completed,True,available,available,0.0
Sparkov,FOLLOWUP_SPARKOV_364,C_lexical,a1cf174a-2e23-4bdb-b945-543eaf63a57d,blocked,True,unavailable,candidate_invalid_json,
Sparkov,FOLLOWUP_SPARKOV_363,B_dense,a6562d2c-7f61-4c94-b18f-7525cc8310e0,completed,True,available,available,0.0
Sparkov,FOLLOWUP_SPARKOV_367,C_lexical,b19f8242-5e3e-447c-a197-febb96483b2c,blocked,True,available,available,0.0
Sparkov,FOLLOWUP_SPARKOV_364,B_lexical,b4a01ae4-2041-4af8-bff4-c24cbde6d209,completed,True,available,available,0.0
Sparkov,FOLLOWUP_SPARKOV_363,D_hybrid,b95130d9-7e01-4c45-a963-bea6ef90f59e,blocked,True,available,available,0.0
Sparkov,FOLLOWUP_SPARKOV_369,D_hybrid,bd97d813-201f-4dde-a23f-5558e436e57a,blocked,True,available,available,0.0
Sparkov,FOLLOWUP_SPARKOV_367,D_hybrid,c1d4dea6-58c5-4a9d-920b-6b46784afef7,blocked,True,available,available,0.0
Sparkov,FOLLOWUP_SPARKOV_368,B_dense,cfa4d79b-d615-4a05-88cd-d3278c4d74e8,completed,True,available,available,0.0
Sparkov,FOLLOWUP_SPARKOV_369,C_lexical,d032f36e-9ff4-49cb-bd2a-ce910e9201fc,blocked,True,unavailable,model_drivers_missing,
Sparkov,FOLLOWUP_SPARKOV_365,C_dense,d8462ee6-37bb-453e-be35-d5f40bb425f7,blocked,True,unavailable,candidate_invalid_json,
Sparkov,FOLLOWUP_SPARKOV_365,A_direct,dd842189-0c8a-4395-8e09-aff81e3f02a9,completed,True,available,available,0.0
Sparkov,FOLLOWUP_SPARKOV_370,C_dense,e1f11d84-4e52-45f3-b11c-3676d9a8e051,blocked,True,unavailable,candidate_invalid_json,
Sparkov,FOLLOWUP_SPARKOV_363,B_lexical,e23a4b67-28e5-4f00-ac4f-f64f0e51c4e7,completed,True,available,available,0.0
Sparkov,FOLLOWUP_SPARKOV_369,B_lexical,e45691f6-e5eb-4184-ab74-35345762e5c7,completed,True,available,available,1.0
Sparkov,FOLLOWUP_SPARKOV_361,B_lexical,ebe33727-71a0-45d4-b12b-4d524c93411f,completed,True,available,available,0.0
Sparkov,FOLLOWUP_SPARKOV_369,B_dense,ec97c68f-885f-41a3-b9de-1021d5891b57,completed,True,available,available,0.0
Sparkov,FOLLOWUP_SPARKOV_370,B_lexical,ecc0a42f-1e55-4c74-aa7f-28153fcb777f,completed,True,available,available,1.0
Sparkov,FOLLOWUP_SPARKOV_365,B_dense,eee6e970-2b42-43f9-88fd-1b5245d91435,completed,True,available,available,0.0
Sparkov,FOLLOWUP_SPARKOV_378,B_lexical,067dac6b-12b3-4092-8cc4-0534ab1368e9,completed,True,available,available,0.0
Sparkov,FOLLOWUP_SPARKOV_375,D_hybrid,0ee04fc1-32c0-405f-8fd8-6d1b9b268522,blocked,True,available,available,0.0
Sparkov,FOLLOWUP_SPARKOV_377,C_dense,0fc336fc-d5ef-46cf-8c21-c91dfd4d4bd1,blocked,True,unavailable,candidate_invalid_json,
Sparkov,FOLLOWUP_SPARKOV_374,B_lexical,1a6e575b-0eee-4109-8c2e-a38e0cf1c321,completed,True,available,available,0.0
Sparkov,FOLLOWUP_SPARKOV_380,D_hybrid,2a7be980-b0a6-4d24-bd81-815dea6319af,blocked,True,available,available,0.0
Sparkov,FOLLOWUP_SPARKOV_377,B_dense,2ca8d7cc-3082-4d66-935d-6a9f8c77346a,completed,True,available,available,0.0
Sparkov,FOLLOWUP_SPARKOV_376,C_dense,315bea2f-ad65-4349-82ab-b8e1f22d259c,blocked,True,available,available,0.0
Sparkov,FOLLOWUP_SPARKOV_375,B_dense,33273d16-5443-40a2-bd21-3bc4c66b03d2,completed,True,unavailable,candidate_invalid_json,
Sparkov,FOLLOWUP_SPARKOV_380,C_dense,33f4981b-eb2c-41be-9ee8-e6b716aed6d3,blocked,True,unavailable,candidate_invalid_json,
Sparkov,FOLLOWUP_SPARKOV_373,B_dense,394404d1-661c-438e-bce1-7d44668e215f,completed,True,unavailable,candidate_invalid_json,
Sparkov,FOLLOWUP_SPARKOV_377,C_lexical,39673fd6-7260-4055-8448-db57d64bfbe0,blocked,True,available,available,0.0
Sparkov,FOLLOWUP_SPARKOV_375,C_lexical,420dcf2c-e573-468b-be06-1bcdc4cdee31,blocked,True,available,available,0.0
Sparkov,FOLLOWUP_SPARKOV_379,B_lexical,42e261b2-de5a-40d5-af85-48586e88fe10,completed,True,available,available,0.0
Sparkov,FOLLOWUP_SPARKOV_373,D_hybrid,43c1adf6-7b56-49c4-aad7-33611304f19e,blocked,True,available,available,0.0
Sparkov,FOLLOWUP_SPARKOV_374,A_direct,4c27e000-e781-40bd-a4f3-c8d0249ebcac,completed,True,available,available,0.8
Sparkov,FOLLOWUP_SPARKOV_376,A_direct,55544c8a-5140-45bf-848c-0e0ba4b2efe5,completed,True,available,available,0.0
Sparkov,FOLLOWUP_SPARKOV_373,B_lexical,586153df-0c0a-465a-a69d-574d85f0a90b,completed,True,unavailable,candidate_invalid_json,
Sparkov,FOLLOWUP_SPARKOV_374,C_lexical,59db5b06-473f-4f85-b7ed-afb88d2ab060,blocked,True,available,available,0.0
Sparkov,FOLLOWUP_SPARKOV_379,A_direct,5cc96855-cde5-4735-b1d9-25a242341550,completed,True,available,available,1.0
Sparkov,FOLLOWUP_SPARKOV_376,D_hybrid,5e3c84e8-5a81-4679-ae0b-0eef60c78aad,blocked,True,available,available,0.0
Sparkov,FOLLOWUP_SPARKOV_371,B_dense,5f008e6d-0805-4c5a-b00d-b7142f9c2cab,completed,True,available,available,1.0
Sparkov,FOLLOWUP_SPARKOV_371,C_lexical,668a9464-ba75-41cd-9b84-ed97285acc80,blocked,True,unavailable,candidate_invalid_json,
Sparkov,FOLLOWUP_SPARKOV_376,B_dense,6b05caaf-fe2c-48bd-9587-8cc4be79e19e,completed,True,available,available,0.0
Sparkov,FOLLOWUP_SPARKOV_375,A_direct,6f60fef7-4e0e-4ec0-adda-9f18797f8bb8,completed,True,unavailable,candidate_invalid_json,
Sparkov,FOLLOWUP_SPARKOV_379,D_hybrid,777b3f6d-1431-47ae-9501-47de67aa7807,blocked,True,available,available,0.0
Sparkov,FOLLOWUP_SPARKOV_380,C_lexical,7f38de19-daf0-4a44-abd7-493aada87d46,blocked,True,available,available,0.0
Sparkov,FOLLOWUP_SPARKOV_377,A_direct,80d240c1-7fca-467c-b8a8-71f3c7d27601,completed,True,unavailable,candidate_invalid_json,
Sparkov,FOLLOWUP_SPARKOV_374,C_dense,837f1616-1c60-42c8-9a8f-3edde9a21d66,blocked,True,available,available,0.0
Sparkov,FOLLOWUP_SPARKOV_371,D_hybrid,89fc7999-5099-4727-bd78-df67de768239,blocked,True,available,available,0.0
Sparkov,FOLLOWUP_SPARKOV_371,A_direct,8baf300d-d2fd-44db-aff7-f291aa2b822b,completed,True,available,available,1.0
Sparkov,FOLLOWUP_SPARKOV_378,C_dense,8c13c69b-5424-4942-a989-4daad3b1e1f9,blocked,True,unavailable,candidate_invalid_json,
Sparkov,FOLLOWUP_SPARKOV_378,C_lexical,93c339d7-ff71-4298-a83d-31d565c8101b,blocked,True,unavailable,candidate_invalid_json,
Sparkov,FOLLOWUP_SPARKOV_375,B_lexical,9546ede0-b188-46c8-99fb-177d147c4dca,completed,True,available,available,0.0
Sparkov,FOLLOWUP_SPARKOV_374,B_dense,994a6e88-ab5f-4a9e-9948-0e10962314d1,completed,True,available,available,0.0
Sparkov,FOLLOWUP_SPARKOV_378,B_dense,9965f7f2-8d1d-4f1d-b6db-fceed213ee19,completed,True,available,available,0.0
Sparkov,FOLLOWUP_SPARKOV_380,B_lexical,996abcec-bb58-4da2-90ca-5dbe3457f1e3,completed,True,available,available,1.0
Sparkov,FOLLOWUP_SPARKOV_376,C_lexical,9eb9f0b2-f920-4c74-9ef3-d45540622d5f,blocked,True,available,available,0.0
Sparkov,FOLLOWUP_SPARKOV_377,D_hybrid,acb84d90-9e9a-4eb2-acfc-4bddc294dd80,blocked,True,unavailable,candidate_invalid_json,
Sparkov,FOLLOWUP_SPARKOV_376,B_lexical,ace67bc4-8694-4bb1-b4e2-f5a643a45c23,completed,True,unavailable,candidate_invalid_json,
Sparkov,FOLLOWUP_SPARKOV_378,D_hybrid,b5f1ee9f-2fe7-401f-a22a-0be8e445c6ce,blocked,True,available,available,0.0
Sparkov,FOLLOWUP_SPARKOV_371,C_dense,b76c6868-f06f-4ef6-a14f-7cffb7bf5d65,blocked,True,unavailable,candidate_invalid_json,
Sparkov,FOLLOWUP_SPARKOV_379,C_lexical,bf0c2337-9477-4085-b151-f2ed93cfc42d,blocked,True,unavailable,candidate_invalid_json,
Sparkov,FOLLOWUP_SPARKOV_380,B_dense,bfd4a037-b411-4313-80a5-0754516bc798,completed,True,available,available,0.0
Sparkov,FOLLOWUP_SPARKOV_373,A_direct,c059806f-30f7-4b55-b0d3-1003d1fa12a2,completed,True,available,available,1.0
Sparkov,FOLLOWUP_SPARKOV_375,C_dense,c49b4388-89fe-4941-b2d2-575dee9dedcd,blocked,True,unavailable,candidate_invalid_json,
Sparkov,FOLLOWUP_SPARKOV_377,B_lexical,ccddf196-6c2c-4536-944d-b663db735fd8,completed,True,unavailable,candidate_invalid_json,
Sparkov,FOLLOWUP_SPARKOV_372,C_dense,ce631960-a2fc-4f9c-9eb9-8ded39b4d5f5,blocked,True,unavailable,candidate_invalid_json,
Sparkov,FOLLOWUP_SPARKOV_372,D_hybrid,d1b31307-79a6-4436-886a-9b72e4a2c9d2,blocked,True,unavailable,model_drivers_missing,
Sparkov,FOLLOWUP_SPARKOV_380,A_direct,d739bf11-ecd0-4aef-a5c7-a3c8400befc1,completed,True,available,available,0.0
Sparkov,FOLLOWUP_SPARKOV_379,C_dense,d8552c24-8bd1-4cbe-a68f-45cf422e6524,blocked,True,unavailable,candidate_invalid_json,
Sparkov,FOLLOWUP_SPARKOV_372,C_lexical,e1f0c9c6-4e50-4a3f-8eeb-a2d1832a3d06,blocked,True,available,available,0.0
Sparkov,FOLLOWUP_SPARKOV_372,B_dense,e9cc5d2e-cb18-43dc-8468-9469a8d70dd8,completed,True,available,available,0.0
Sparkov,FOLLOWUP_SPARKOV_378,A_direct,ebed1855-380f-422c-a1b2-409bbedccdf8,completed,True,available,available,1.0
Sparkov,FOLLOWUP_SPARKOV_372,B_lexical,ebf3bec0-bc0a-40cb-acbf-ad0c4594b9a6,completed,True,available,available,0.0
Sparkov,FOLLOWUP_SPARKOV_374,D_hybrid,ed950ff6-8066-4dae-a4c7-773d1e124b81,blocked,True,available,available,0.0
Sparkov,FOLLOWUP_SPARKOV_373,C_dense,efe44f44-6260-424a-b1e3-30624fa86c26,blocked,True,available,available,0.0
Sparkov,FOLLOWUP_SPARKOV_372,A_direct,f4339fff-ad3d-4f29-a5f7-c5691ced95eb,completed,True,available,available,1.0
Sparkov,FOLLOWUP_SPARKOV_371,B_lexical,f556f613-085f-425b-aeff-22cd02d9eb0f,completed,True,available,available,0.0
Sparkov,FOLLOWUP_SPARKOV_379,B_dense,f5c97627-4dd4-4997-812b-b2504b2c1fd6,completed,True,available,available,0.0
Sparkov,FOLLOWUP_SPARKOV_373,C_lexical,ffaf9202-a523-43f4-aa45-b494ba64ea24,blocked,True,available,available,0.0
Sparkov,FOLLOWUP_SPARKOV_385,C_lexical,01b27df0-fbb3-4f34-83b3-7ab0c1d62ac2,blocked,True,available,available,0.0
Sparkov,FOLLOWUP_SPARKOV_385,B_lexical,053bf122-744a-4d1b-b898-0e73c8e5a8cc,completed,True,unavailable,candidate_invalid_json,
Sparkov,FOLLOWUP_SPARKOV_385,A_direct,0a22c3ff-b8a4-475c-80cc-94e668498abe,completed,True,unavailable,candidate_invalid_json,
Sparkov,FOLLOWUP_SPARKOV_390,B_dense,0f19fb36-18ad-4d1d-94a9-89e4793519a2,completed,True,available,available,0.0
Sparkov,FOLLOWUP_SPARKOV_390,B_lexical,1098095d-f226-4d7a-b2ba-9ff278fc9698,completed,True,available,available,0.0
Sparkov,FOLLOWUP_SPARKOV_388,B_lexical,10ee396f-bbe3-4d60-867a-b3d58b23702f,completed,True,unavailable,candidate_invalid_json,
Sparkov,FOLLOWUP_SPARKOV_389,C_dense,11692a15-801c-4356-9def-4148fb582a23,blocked,True,available,available,0.0
Sparkov,FOLLOWUP_SPARKOV_387,D_hybrid,116b6d6b-69aa-476b-8739-c708aeb0bec2,blocked,True,unavailable,candidate_invalid_json,
Sparkov,FOLLOWUP_SPARKOV_381,B_dense,176359c5-18b3-4d28-a9c6-a6acdace4a87,completed,True,available,available,0.0
Sparkov,FOLLOWUP_SPARKOV_383,D_hybrid,26f47f42-3c51-478c-b2a4-8102c811dfce,blocked,True,available,available,0.0
Sparkov,FOLLOWUP_SPARKOV_390,C_lexical,2f7701ae-2fe3-4753-a65d-d7b565bd475f,blocked,True,available,available,0.0
Sparkov,FOLLOWUP_SPARKOV_384,D_hybrid,318ddc33-684f-43db-a64f-7fa17eeef95c,blocked,True,unavailable,model_drivers_missing,
Sparkov,FOLLOWUP_SPARKOV_385,C_dense,31dadcb6-7940-4209-9cc2-462c571d2c6a,blocked,True,available,available,0.0
Sparkov,FOLLOWUP_SPARKOV_387,C_dense,37149bdb-8b9b-4035-a64e-25c66875908f,blocked,True,unavailable,candidate_invalid_json,
Sparkov,FOLLOWUP_SPARKOV_382,D_hybrid,3d674ef8-171b-4222-8331-c5e0a61b3279,blocked,True,available,available,0.0
Sparkov,FOLLOWUP_SPARKOV_389,B_lexical,441b8c77-b982-45e4-ae16-399948a8e7c5,completed,True,unavailable,candidate_invalid_json,
Sparkov,FOLLOWUP_SPARKOV_382,A_direct,4557f738-3914-4f47-bfe8-967157d58054,completed,True,available,available,1.0
Sparkov,FOLLOWUP_SPARKOV_383,B_dense,46d221b7-16e1-45de-a49d-ca32d78c026c,completed,True,unavailable,candidate_invalid_json,
Sparkov,FOLLOWUP_SPARKOV_382,C_lexical,49ba7b4b-f027-42f5-92fe-64f914f1fe2e,blocked,True,unavailable,candidate_invalid_json,
Sparkov,FOLLOWUP_SPARKOV_384,B_lexical,4b1ca6a9-ac2a-4927-a32c-5bc51ba67357,completed,True,available,available,0.0
Sparkov,FOLLOWUP_SPARKOV_388,D_hybrid,562e7151-5a55-4a36-b37d-4543e72f447f,blocked,True,available,available,0.0
Sparkov,FOLLOWUP_SPARKOV_386,B_lexical,5ae51697-5df9-4169-acf6-e4d5c38584a2,completed,True,available,available,0.0
Sparkov,FOLLOWUP_SPARKOV_386,B_dense,5b14a1bf-3482-45ff-b7b0-94378e7bd5a9,completed,True,available,available,0.0
Sparkov,FOLLOWUP_SPARKOV_381,C_lexical,5f73738a-bbe9-4794-845d-e283f81242bd,blocked,True,available,available,0.0
Sparkov,FOLLOWUP_SPARKOV_387,B_dense,68e947b6-4028-430b-912f-27da586505d9,completed,True,available,available,0.0
Sparkov,FOLLOWUP_SPARKOV_382,B_dense,71f69bef-637b-4b59-b8b9-906886b9d84c,completed,True,available,available,0.0
Sparkov,FOLLOWUP_SPARKOV_383,A_direct,76dbee7f-22ba-46f5-8a7d-4f37a0681ecb,completed,True,available,available,0.0
Sparkov,FOLLOWUP_SPARKOV_386,C_lexical,78213315-9980-499b-995f-b7688b6fdd1c,blocked,True,unavailable,candidate_invalid_json,
Sparkov,FOLLOWUP_SPARKOV_386,A_direct,84f1ad59-279c-40dc-af82-1b9cbd94088e,completed,True,available,available,1.0
Sparkov,FOLLOWUP_SPARKOV_389,C_lexical,86d72960-ee00-40cb-88f4-744a2bae44bb,blocked,True,available,available,0.0
Sparkov,FOLLOWUP_SPARKOV_382,C_dense,88b4655b-8465-446a-bf0b-a9ea2d6b4977,blocked,True,available,available,0.0
Sparkov,FOLLOWUP_SPARKOV_387,A_direct,8e49d15c-0cbc-486b-a4fd-68467d2cd4cd,completed,True,available,available,0.0
Sparkov,FOLLOWUP_SPARKOV_387,B_lexical,8ee20e09-24c9-4e31-9b85-ee734d477864,completed,True,available,available,0.0
Sparkov,FOLLOWUP_SPARKOV_381,C_dense,96f94b64-cbe2-45bb-a516-52052d57abfa,blocked,True,unavailable,candidate_invalid_json,
Sparkov,FOLLOWUP_SPARKOV_388,B_dense,9a440eee-b19d-4147-9bbe-1f3683862b27,completed,True,unavailable,candidate_invalid_json,
Sparkov,FOLLOWUP_SPARKOV_384,C_lexical,9a9e9f1c-d187-462d-a875-2c0f7d7bd7a4,blocked,True,unavailable,candidate_invalid_json,
Sparkov,FOLLOWUP_SPARKOV_389,B_dense,9bd51ec7-ebb3-42e0-8c47-eb65fa0287bb,completed,True,available,available,0.0
Sparkov,FOLLOWUP_SPARKOV_381,D_hybrid,9d248d10-45bb-4969-bdad-a189e033fcfb,blocked,True,unavailable,candidate_invalid_json,
Sparkov,FOLLOWUP_SPARKOV_381,A_direct,9ebaa90a-fbe8-4616-9aac-2c3de6b19632,completed,True,available,available,0.0
Sparkov,FOLLOWUP_SPARKOV_390,C_dense,a4294f08-dd72-4d65-877c-b14344c544cc,blocked,True,available,available,0.0
Sparkov,FOLLOWUP_SPARKOV_385,D_hybrid,a5a3a26b-ad97-490c-981e-70f90fd21a81,blocked,True,unavailable,candidate_invalid_json,
Sparkov,FOLLOWUP_SPARKOV_386,D_hybrid,a7e18230-5fe8-445b-bccb-570a4c24a552,blocked,True,available,available,0.0
Sparkov,FOLLOWUP_SPARKOV_389,D_hybrid,a845a4ef-87d3-4bcd-ae2f-7127ed5d5daa,blocked,True,available,available,0.0
Sparkov,FOLLOWUP_SPARKOV_389,A_direct,a95aa3ac-20e3-4c79-a751-610684b70a1b,completed,True,available,available,1.0
Sparkov,FOLLOWUP_SPARKOV_390,A_direct,c2a2843c-9576-463b-a4a3-b41e7c09d270,completed,True,available,available,1.0
Sparkov,FOLLOWUP_SPARKOV_387,C_lexical,c65d9a37-6a31-48c6-9df6-821fafccbb15,blocked,True,unavailable,candidate_invalid_json,
Sparkov,FOLLOWUP_SPARKOV_388,A_direct,c7d91922-df34-48fe-86df-d258c9fc2341,completed,True,available,available,1.0
Sparkov,FOLLOWUP_SPARKOV_390,D_hybrid,c91e181b-f697-4c41-b5bc-838a5ff5ca55,blocked,True,available,available,0.0
Sparkov,FOLLOWUP_SPARKOV_385,B_dense,ca7fb56c-6ad6-4230-be73-d7a1c375d784,completed,True,unavailable,candidate_invalid_json,
Sparkov,FOLLOWUP_SPARKOV_388,C_lexical,cca85341-5d92-408d-9c6a-87f237ae2227,blocked,True,available,available,0.0
Sparkov,FOLLOWUP_SPARKOV_386,C_dense,d329ba52-e416-4c15-a402-a0730612a2fc,blocked,True,available,available,0.0
Sparkov,FOLLOWUP_SPARKOV_383,C_lexical,d33d2c4f-9a2c-4649-b606-6fcad7578914,blocked,True,available,available,0.0
Sparkov,FOLLOWUP_SPARKOV_384,C_dense,d593f93f-0b3d-43f9-9251-3dc2e669e6ee,blocked,True,available,available,0.0
Sparkov,FOLLOWUP_SPARKOV_388,C_dense,da94d2ec-c494-40bc-a550-5c678470575e,blocked,True,unavailable,candidate_invalid_json,
Sparkov,FOLLOWUP_SPARKOV_384,B_dense,db498bbb-1156-417c-b420-7a4ae57d2847,completed,True,available,available,0.0
Sparkov,FOLLOWUP_SPARKOV_383,C_dense,e0cc855d-cfc1-43a0-a056-2b78adb8b869,blocked,True,available,available,0.0
Sparkov,FOLLOWUP_SPARKOV_384,A_direct,e2bd8534-96da-4473-bc9b-b0be3dea7abc,completed,True,available,available,0.0
Sparkov,FOLLOWUP_SPARKOV_382,B_lexical,e3b884e0-1a46-4c25-8584-61031941fd17,completed,True,available,available,1.0
Sparkov,FOLLOWUP_SPARKOV_381,B_lexical,e53e07e0-9032-4f49-910f-90ee3f1891be,completed,True,available,available,1.0
Sparkov,FOLLOWUP_SPARKOV_383,B_lexical,e58b3e1c-9d00-4420-81f0-70c47fa9ae62,completed,True,unavailable,candidate_invalid_json,
Sparkov,FOLLOWUP_SPARKOV_396,A_direct,0220fb64-237a-4dec-9bd8-dd0e16e34a38,completed,True,unavailable,candidate_invalid_json,
Sparkov,FOLLOWUP_SPARKOV_399,D_hybrid,06a3882a-0f1d-45f3-8861-ea1a132a1631,blocked,True,available,available,0.0
Sparkov,FOLLOWUP_SPARKOV_396,D_hybrid,0b73a1bc-7479-4c1a-b48e-682a28292021,blocked,True,available,available,0.0
Sparkov,FOLLOWUP_SPARKOV_395,B_dense,10b816a0-0297-4508-a7ad-41e439387b5a,completed,True,available,available,0.0
Sparkov,FOLLOWUP_SPARKOV_393,A_direct,12d6fbd1-680f-44f3-b57c-8e95d806ab8f,completed,True,unavailable,candidate_invalid_json,
Sparkov,FOLLOWUP_SPARKOV_395,A_direct,1e602d2b-ca8f-48e4-891d-1320ef747187,completed,True,available,available,1.0
Sparkov,FOLLOWUP_SPARKOV_394,A_direct,20fa701a-c445-4dca-b10d-846adeb167ac,completed,True,unavailable,candidate_invalid_json,
Sparkov,FOLLOWUP_SPARKOV_397,A_direct,2171beb9-768d-4ad9-a6f8-24caa6206104,completed,True,unavailable,candidate_invalid_json,
Sparkov,FOLLOWUP_SPARKOV_400,B_dense,2313381a-4029-4939-9da8-ec122a1b6093,completed,True,available,available,0.0
Sparkov,FOLLOWUP_SPARKOV_392,A_direct,26b9384d-0809-4f45-ab75-2f07febe4a7b,completed,True,available,available,1.0
Sparkov,FOLLOWUP_SPARKOV_397,D_hybrid,2b362578-0a1e-4058-92aa-16f6b71c1be4,blocked,True,unavailable,candidate_invalid_json,
Sparkov,FOLLOWUP_SPARKOV_391,D_hybrid,2ba8693e-40fe-4430-be8b-c149bb0864cd,blocked,True,unavailable,candidate_invalid_json,
Sparkov,FOLLOWUP_SPARKOV_392,B_lexical,35b5caa5-9793-4ec9-b3d9-b3cdbd9ca3a7,completed,True,available,available,0.8
Sparkov,FOLLOWUP_SPARKOV_394,B_lexical,3c057a78-f67e-44f0-b6dd-d41ba9d06ee2,completed,True,unavailable,candidate_invalid_json,
Sparkov,FOLLOWUP_SPARKOV_393,D_hybrid,3e771e3b-413e-4969-a017-f78250fdeddb,blocked,True,unavailable,candidate_invalid_json,
Sparkov,FOLLOWUP_SPARKOV_394,C_dense,438418a6-9970-455d-97b0-d45b2a06e0fb,blocked,True,available,available,0.0
Sparkov,FOLLOWUP_SPARKOV_397,C_dense,43a02de1-6fd4-45c0-93b0-8ca013bdd837,blocked,True,available,available,0.0
Sparkov,FOLLOWUP_SPARKOV_396,C_dense,45f4d523-a7a7-4f09-a077-3e1c63c44128,blocked,True,unavailable,candidate_invalid_json,
Sparkov,FOLLOWUP_SPARKOV_399,A_direct,4989283b-2028-43b7-b438-efb7ed2e8113,completed,True,available,available,1.0
Sparkov,FOLLOWUP_SPARKOV_395,C_dense,4c85da2d-8157-4ae0-9a43-b87b72c669e3,blocked,True,available,available,0.0
Sparkov,FOLLOWUP_SPARKOV_391,C_lexical,4d612a25-1388-49b3-aa56-7f36570ffaaf,blocked,True,unavailable,candidate_invalid_json,
Sparkov,FOLLOWUP_SPARKOV_396,C_lexical,56cef1bf-d206-4d4b-a19e-104294f39b5d,blocked,True,available,available,0.0
Sparkov,FOLLOWUP_SPARKOV_399,C_dense,78106f68-55be-4719-82ca-c472b074e4b0,blocked,True,available,available,0.0
Sparkov,FOLLOWUP_SPARKOV_399,B_lexical,7c29e5d3-9f06-40b4-9b6a-c1c8ede035af,completed,True,available,available,1.0
Sparkov,FOLLOWUP_SPARKOV_392,B_dense,7f46f820-42db-4252-a22f-15b3c2178f2e,completed,True,unavailable,candidate_invalid_json,
Sparkov,FOLLOWUP_SPARKOV_396,B_dense,8286aa76-71aa-41d9-9c67-ecc3acc9735f,completed,True,available,available,0.0
Sparkov,FOLLOWUP_SPARKOV_393,C_lexical,862223b0-17e4-4a49-a38d-0c7392150d07,blocked,True,available,available,0.0
Sparkov,FOLLOWUP_SPARKOV_400,B_lexical,89b498a0-c7d0-4a68-82ba-59a15a6392b8,completed,True,available,available,0.0
Sparkov,FOLLOWUP_SPARKOV_400,A_direct,8ff36731-379f-4b83-bfef-d97846efc51d,completed,True,unavailable,candidate_invalid_json,
Sparkov,FOLLOWUP_SPARKOV_400,D_hybrid,943ea1d6-d5e2-47c7-a98c-cca95e18cab4,blocked,True,unavailable,candidate_invalid_json,
Sparkov,FOLLOWUP_SPARKOV_398,B_lexical,95d94752-5525-48c3-87f2-3afbb799e851,completed,True,unavailable,candidate_invalid_json,
Sparkov,FOLLOWUP_SPARKOV_397,B_dense,962b9b72-76a8-47ab-81cf-163033532054,completed,True,available,available,0.0
Sparkov,FOLLOWUP_SPARKOV_400,C_lexical,98a188a1-c29d-4de9-9559-75e4a91cdaaa,blocked,True,available,available,0.0
Sparkov,FOLLOWUP_SPARKOV_398,C_lexical,9fbe7e11-e4e0-4fc7-afb5-0bc8fb82865d,blocked,True,unavailable,candidate_invalid_json,
Sparkov,FOLLOWUP_SPARKOV_395,B_lexical,a323170a-1f49-4ab8-87ae-0020889836c1,completed,True,unavailable,candidate_invalid_json,
Sparkov,FOLLOWUP_SPARKOV_393,B_lexical,aa680612-b538-4078-ad05-617e0d77fce1,completed,True,available,available,0.0
Sparkov,FOLLOWUP_SPARKOV_399,B_dense,ad083de9-f408-4e91-b694-eedd0c6da09b,completed,True,available,available,0.0
Sparkov,FOLLOWUP_SPARKOV_398,B_dense,b41b8af3-2b8e-4c2f-b73b-10a30804b863,completed,True,unavailable,candidate_invalid_json,
Sparkov,FOLLOWUP_SPARKOV_393,B_dense,b73dc1da-a653-47e6-8180-acf8836e6c43,completed,True,available,available,0.0
Sparkov,FOLLOWUP_SPARKOV_397,C_lexical,b9b12e43-ad4a-4686-923a-9b8a7b4b3e76,blocked,True,available,available,0.0
Sparkov,FOLLOWUP_SPARKOV_397,B_lexical,bc7327dc-02da-4a7b-9f21-88671f0dbdcb,completed,True,unavailable,candidate_invalid_json,
Sparkov,FOLLOWUP_SPARKOV_391,B_dense,c1e984df-b9ee-43c6-a3ee-e6db090d2c90,completed,True,unavailable,candidate_invalid_json,
Sparkov,FOLLOWUP_SPARKOV_395,D_hybrid,c2ec0294-d854-4ab4-9a03-95b6bc5f2186,blocked,True,available,available,0.0
Sparkov,FOLLOWUP_SPARKOV_391,C_dense,c5126581-0b71-49ff-b778-90603948ff1e,blocked,True,available,available,0.0
Sparkov,FOLLOWUP_SPARKOV_393,C_dense,c6aef2e5-e747-4081-bcc1-64a7dc0babf9,blocked,True,available,available,0.0
Sparkov,FOLLOWUP_SPARKOV_391,A_direct,ca68ae60-69f4-4526-b735-40e090fdd63b,completed,True,available,available,1.0
Sparkov,FOLLOWUP_SPARKOV_392,D_hybrid,cd77f587-085e-46dc-b38e-d772e1e4f6b5,blocked,True,available,available,0.0
Sparkov,FOLLOWUP_SPARKOV_394,C_lexical,ce4043b9-b013-491f-adaf-447297e326a4,blocked,True,available,available,0.0
Sparkov,FOLLOWUP_SPARKOV_398,C_dense,d3a2a4a4-93bb-4157-bea8-1dec657b01eb,blocked,True,unavailable,candidate_invalid_json,
Sparkov,FOLLOWUP_SPARKOV_392,C_lexical,d41037fc-afad-4031-a508-a85a15aa1dab,blocked,True,available,available,0.0
Sparkov,FOLLOWUP_SPARKOV_398,A_direct,e0a975e9-6b11-4e23-822f-d4a624dc2407,completed,True,available,available,1.0
Sparkov,FOLLOWUP_SPARKOV_394,D_hybrid,e4049a7e-0639-43e7-891e-6733163c95ef,blocked,True,unavailable,candidate_invalid_json,
Sparkov,FOLLOWUP_SPARKOV_396,B_lexical,ea069a1e-3a18-49cc-a3ef-2daed905f6f8,completed,True,unavailable,candidate_invalid_json,
Sparkov,FOLLOWUP_SPARKOV_392,C_dense,eb406564-880f-4d81-a0fe-567ffd37fa96,blocked,True,available,available,0.0
Sparkov,FOLLOWUP_SPARKOV_394,B_dense,ee08f912-1897-4789-b07e-b9da95858532,completed,True,available,available,0.0
Sparkov,FOLLOWUP_SPARKOV_400,C_dense,ee286441-f48e-4560-8965-ba2b11be28c3,blocked,True,available,available,0.0
Sparkov,FOLLOWUP_SPARKOV_399,C_lexical,efd8de30-c598-4277-9cbd-99f15e4dc576,blocked,True,available,available,0.0
Sparkov,FOLLOWUP_SPARKOV_395,C_lexical,f128521c-e3b3-419b-93f9-ad30c7871d74,blocked,True,available,available,1.0
Sparkov,FOLLOWUP_SPARKOV_398,D_hybrid,f2e9d739-b687-4ef1-911f-64ffdd814bf0,blocked,True,unavailable,candidate_invalid_json,
Sparkov,FOLLOWUP_SPARKOV_391,B_lexical,f4759d15-2bfa-4371-8101-d2fdeacf3b0d,completed,True,unavailable,candidate_invalid_json,
