dataset_id,sample_id,condition_id,request_id,status,disposition,generation_attempted,processing_latency_ms,generation_latency_ms,retrieval_latency_ms,validation_latency_ms,cpu_time_ms,memory_rss_delta_bytes
ULB,FOLLOWUP_ULB_007,C_lexical,036977a8-0419-4e9c-96e9-64aae6cb7c59,suppressed,pre_generation_suppressed,False,15.761,,9.939,,0.0,0.0
ULB,FOLLOWUP_ULB_002,D_hybrid,0cb3ad6c-1874-4c61-9a65-04a7f841ce58,suppressed,pre_generation_suppressed,False,19.094,,14.637,,0.0,0.0
ULB,FOLLOWUP_ULB_003,A_direct,1804ef2c-daf5-46b4-a340-56eb539a3671,completed,generated_released,True,9668.638,9663.804,0.0,0.014,2053.908,1032192.0
ULB,FOLLOWUP_ULB_005,B_dense,1c03e796-92a0-4908-a886-755bddf5c0f7,completed,generated_released,True,12988.946,12977.419,6.604,0.024,2196.464,-16384.0
ULB,FOLLOWUP_ULB_003,C_lexical,1e25c9d2-3b5a-46ed-b3fe-e6cf2bb258b0,suppressed,pre_generation_suppressed,False,15.416,,10.327,,0.0,0.0
ULB,FOLLOWUP_ULB_010,A_direct,2e34d9cf-1fbe-4414-b3bd-1065b3a7e0ae,completed,generated_released,True,9608.56,9604.213,0.0,0.021,2063.962,2719744.0
ULB,FOLLOWUP_ULB_001,C_lexical,3015d072-ec38-4ab1-ae3c-051af5e3e580,suppressed,pre_generation_suppressed,False,14.941,,10.333,,0.0,0.0
ULB,FOLLOWUP_ULB_004,A_direct,33ac8d56-8e88-4ae7-a312-53cf6568773a,completed,generated_released,True,9348.066,9343.612,0.0,0.015,1932.078,966656.0
ULB,FOLLOWUP_ULB_007,A_direct,37aa84fd-f718-4d99-a173-8b102d49c13f,completed,generated_released,True,9345.699,9341.064,0.0,0.025,1991.919,-5341184.0
ULB,FOLLOWUP_ULB_008,B_dense,38175b44-3e67-4de1-8153-f1ec2fd06795,completed,generated_released,True,14412.184,14401.777,5.554,0.021,2016.76,819200.0
ULB,FOLLOWUP_ULB_003,D_hybrid,38935871-9c04-489d-8ce1-e47c4c8e7d8d,suppressed,pre_generation_suppressed,False,19.702,,14.826,,0.0,0.0
ULB,FOLLOWUP_ULB_005,C_dense,3c52bff9-410d-4ca2-8a67-fc5920b988f4,suppressed,pre_generation_suppressed,False,12.066,,7.109,,0.0,0.0
ULB,FOLLOWUP_ULB_010,C_dense,41c09f08-1f44-43dc-b99a-7f91aa67ff3c,suppressed,pre_generation_suppressed,False,10.206,,5.41,,0.0,0.0
ULB,FOLLOWUP_ULB_001,B_lexical,439f1540-86f5-4324-bd3a-758df6f5e42c,completed,generated_released,True,12461.867,12446.615,10.461,0.016,1967.1,1851392.0
ULB,FOLLOWUP_ULB_006,B_dense,47378004-ef7b-49c7-b096-2129bd8ff225,completed,generated_released,True,12891.049,12880.106,6.226,0.025,2081.496,819200.0
ULB,FOLLOWUP_ULB_009,B_dense,47cc7778-0c8a-4292-9f66-593cff092391,completed,generated_released,True,10687.423,10198.117,484.388,0.013,1651.355,-1949696.0
ULB,FOLLOWUP_ULB_006,A_direct,4b061ef6-977e-49aa-b17b-3303b952c720,completed,generated_released,True,6764.271,6759.941,0.0,0.024,1418.466,638976.0
ULB,FOLLOWUP_ULB_005,C_lexical,4b67d2d6-a105-459d-9138-f9dea049c486,suppressed,pre_generation_suppressed,False,14.946,,10.475,,0.0,0.0
ULB,FOLLOWUP_ULB_002,C_dense,4cbafb37-eca2-420a-bc71-b06f463344b3,suppressed,pre_generation_suppressed,False,10.478,,5.946,,0.0,0.0
ULB,FOLLOWUP_ULB_006,C_lexical,4e126de3-1ee5-485b-8133-c0d6b32960d0,suppressed,pre_generation_suppressed,False,15.681,,10.58,,0.0,0.0
ULB,FOLLOWUP_ULB_003,C_dense,4ebe7b61-1d3e-47f1-b88c-0ee3a0c94b35,suppressed,pre_generation_suppressed,False,10.214,,5.442,,0.0,0.0
ULB,FOLLOWUP_ULB_004,C_lexical,4fac4bb6-71ca-4aa7-bc55-806c8eeeaa77,suppressed,pre_generation_suppressed,False,14.445,,9.847,,0.0,0.0
ULB,FOLLOWUP_ULB_010,D_hybrid,509b0ec0-ff4c-4664-9e17-96134546dca8,suppressed,pre_generation_suppressed,False,22.407,,18.167,,0.0,0.0
ULB,FOLLOWUP_ULB_006,D_hybrid,5326de51-fdeb-45a1-a2a7-7dc5c454d16f,suppressed,pre_generation_suppressed,False,19.516,,15.092,,0.0,0.0
ULB,FOLLOWUP_ULB_008,D_hybrid,536dfef6-4f7a-470a-aa9d-f5c1167aea2f,suppressed,pre_generation_suppressed,False,20.014,,15.4,,0.0,0.0
ULB,FOLLOWUP_ULB_001,A_direct,5d937fbe-0df0-477b-8075-fdbcd9bc3df2,completed,generated_released,True,7765.42,7761.061,0.0,0.023,1584.449,1179648.0
ULB,FOLLOWUP_ULB_009,C_dense,5e0111d3-e3bc-4b68-99ab-c8caa0112b30,suppressed,pre_generation_suppressed,False,10.338,,6.09,,0.0,0.0
ULB,FOLLOWUP_ULB_005,A_direct,5ea14bc2-a535-4c4d-bdb9-2b80ade08843,completed,generated_released,True,9190.087,9185.334,0.0,0.015,1906.022,2637824.0
ULB,FOLLOWUP_ULB_009,A_direct,6310c711-e42f-4f65-b74d-dd487bd46996,completed,generated_released,True,13504.947,13495.359,0.0,2.413,3562.018,-311885824.0
ULB,FOLLOWUP_ULB_001,B_dense,64eb11a6-32a6-48e1-b0b8-749412c869ea,completed,generated_released,True,12849.7,12839.621,5.291,0.023,2088.528,1114112.0
ULB,FOLLOWUP_ULB_006,C_dense,6e650425-a937-4b55-98ac-7f4f5e642637,suppressed,pre_generation_suppressed,False,12.234,,7.897,,0.0,0.0
ULB,FOLLOWUP_ULB_008,B_lexical,6faa2e3f-7f20-413f-afac-d75672a2be08,completed,generated_released,True,13184.111,13169.266,10.009,0.021,1868.414,884736.0
ULB,FOLLOWUP_ULB_007,D_hybrid,72cb3288-e20b-49a3-9399-27e683c2fc88,suppressed,pre_generation_suppressed,False,18.827,,14.567,,0.0,0.0
ULB,FOLLOWUP_ULB_008,C_dense,76b987a5-a86e-4140-8cee-bff574b107eb,suppressed,pre_generation_suppressed,False,10.385,,5.74,,0.0,0.0
ULB,FOLLOWUP_ULB_005,B_lexical,7a139f56-ff83-43ea-a1bc-42224f3ff53a,completed,generated_released,True,11638.779,11622.919,10.928,0.023,1989.831,-4259840.0
ULB,FOLLOWUP_ULB_003,B_dense,84130486-ec21-4281-bd10-b5c5d924da28,completed,generated_released,True,12872.703,12861.103,6.597,0.023,2065.304,1245184.0
ULB,FOLLOWUP_ULB_004,D_hybrid,8ff407df-3a78-4ffa-a220-8396d74236a8,suppressed,pre_generation_suppressed,False,19.307,,14.861,,0.0,0.0
ULB,FOLLOWUP_ULB_004,B_dense,9e87857c-1d38-47fd-9408-e4109adad0d1,completed,generated_released,True,9115.732,9105.49,5.403,0.016,1429.356,4030464.0
ULB,FOLLOWUP_ULB_003,B_lexical,9fba1bfb-ee2c-4066-b743-855f23cea089,completed,generated_released,True,9659.179,9643.839,10.304,0.014,1497.682,835584.0
ULB,FOLLOWUP_ULB_010,B_dense,a18fb12d-c0cd-4054-b1b9-f7b4d7dbfcf8,completed,generated_released,True,10320.185,10308.616,6.486,0.013,1627.181,688128.0
ULB,FOLLOWUP_ULB_002,C_lexical,a479a99b-783b-4cef-ac70-8e4a9d44fb1d,suppressed,pre_generation_suppressed,False,14.601,,10.083,,0.0,0.0
ULB,FOLLOWUP_ULB_008,C_lexical,a630bd1b-bc75-4e9b-8af7-61fbf0cfc860,suppressed,pre_generation_suppressed,False,14.963,,10.068,,0.0,0.0
ULB,FOLLOWUP_ULB_010,C_lexical,a7c73041-9267-4c9a-b86e-3912fa062627,suppressed,pre_generation_suppressed,False,15.143,,10.203,,0.0,0.0
ULB,FOLLOWUP_ULB_007,B_dense,b9db20c2-669c-488e-aff3-de238d6b55ed,completed,generated_released,True,12917.957,12904.601,8.645,0.035,2088.288,1753088.0
ULB,FOLLOWUP_ULB_002,B_lexical,bf0404a0-5a2e-4b71-a090-9b3d02273f39,completed,generated_released,True,12870.344,12855.633,9.934,0.015,2055.546,999424.0
ULB,FOLLOWUP_ULB_002,A_direct,c504b2ab-f876-48e0-bda5-57d30b9925cc,completed,generated_released,True,6733.036,6728.687,0.0,0.022,1382.703,622592.0
ULB,FOLLOWUP_ULB_004,C_dense,c6a46a70-a53c-4a6f-8e58-b506bccb34da,suppressed,pre_generation_suppressed,False,11.053,,6.764,,0.0,0.0
ULB,FOLLOWUP_ULB_001,D_hybrid,cdb16a39-04f3-4337-b89d-509326acfe3d,suppressed,pre_generation_suppressed,False,19.357,,14.961,,0.0,0.0
ULB,FOLLOWUP_ULB_010,B_lexical,cea10ed0-919e-49ba-a707-40f9b5a080ef,completed,generated_released,True,9961.256,9946.457,10.015,0.013,1549.797,1736704.0
ULB,FOLLOWUP_ULB_001,C_dense,d08e114c-0b28-4be1-854a-899e5a94e648,suppressed,pre_generation_suppressed,False,11.201,,6.892,,0.0,0.0
ULB,FOLLOWUP_ULB_008,A_direct,d22cb7e4-d5b6-49ab-868d-0ba6b9e91add,completed,generated_released,True,8784.097,8779.313,0.0,0.014,1763.76,1196032.0
ULB,FOLLOWUP_ULB_007,C_dense,dc3254cc-344b-4922-8805-b26e025c9858,suppressed,pre_generation_suppressed,False,12.243,,7.692,,0.0,0.0
ULB,FOLLOWUP_ULB_004,B_lexical,dd8a82ed-a7bd-4e47-99a3-4e423be44087,completed,generated_released,True,9589.343,9574.805,9.953,0.015,1479.799,-1835008.0
ULB,FOLLOWUP_ULB_002,B_dense,e7b6439f-cf18-4689-9217-6ca57cf5a91a,completed,generated_released,True,10095.725,10082.949,7.932,0.015,1578.749,458752.0
ULB,FOLLOWUP_ULB_009,B_lexical,ed2c34f7-a5ea-44e9-a5d5-71c98f979bb8,completed,generated_released,True,12367.885,12260.768,47.291,0.018,1957.29,10289152.0
ULB,FOLLOWUP_ULB_009,C_lexical,ee9a8593-0a5e-4e11-8dd3-c300f2d4a1b0,suppressed,pre_generation_suppressed,False,14.333,,9.782,,0.0,0.0
ULB,FOLLOWUP_ULB_007,B_lexical,ef7de2e6-8b6c-45fe-b831-4d42895ea243,completed,generated_released,True,13052.661,13037.759,10.001,0.024,2077.188,-163840.0
ULB,FOLLOWUP_ULB_006,B_lexical,efab01a6-b1b5-47bb-a96e-f27745cdeb16,completed,generated_released,True,11666.35,11651.021,10.403,0.028,1828.121,950272.0
ULB,FOLLOWUP_ULB_009,D_hybrid,f1ecd789-aef1-4ef0-9818-a53f44ad41b6,suppressed,pre_generation_suppressed,False,21.211,,16.563,,0.0,0.0
ULB,FOLLOWUP_ULB_005,D_hybrid,f3636350-0cfe-43e3-98e9-39d88cfd37d3,suppressed,pre_generation_suppressed,False,21.373,,16.833,,0.0,0.0
ULB,FOLLOWUP_ULB_012,B_dense,0c61e75f-572a-4c62-8f0a-a4f824a9f44c,completed,generated_released,True,11838.199,11828.815,4.564,0.014,1888.205,3964928.0
ULB,FOLLOWUP_ULB_011,B_dense,148453e7-9df8-4435-a69b-ccd166cac705,completed,generated_released,True,10613.894,10602.295,5.139,0.024,1406.008,3604480.0
ULB,FOLLOWUP_ULB_012,D_hybrid,19bc4356-ded3-4e33-843b-22f7dfdbcff0,suppressed,pre_generation_suppressed,False,19.396,,15.062,,0.0,0.0
ULB,FOLLOWUP_ULB_020,C_lexical,20c66f21-b924-4e78-bc7b-b75784cb51ae,suppressed,pre_generation_suppressed,False,17.033,,9.774,,0.0,0.0
ULB,FOLLOWUP_ULB_011,B_lexical,20dbf3cd-e998-437c-aa15-9aabc196d7db,completed,generated_released,True,11614.369,11599.569,9.893,0.015,1492.464,-1179648.0
ULB,FOLLOWUP_ULB_017,A_direct,282510b6-a846-406d-8172-bf17f5d22230,completed,generated_released,True,7885.794,7881.41,0.0,0.015,1597.72,1277952.0
ULB,FOLLOWUP_ULB_012,B_lexical,29d77e2f-4956-4d2e-b048-3547aef3dd09,completed,generated_released,True,11022.909,11008.472,9.712,0.013,1744.633,-2752512.0
ULB,FOLLOWUP_ULB_014,C_lexical,2ae89f51-d3ef-4dbd-b61e-dc6579a8a2dc,suppressed,pre_generation_suppressed,False,14.985,,9.783,,0.0,0.0
ULB,FOLLOWUP_ULB_018,B_dense,30f30ffd-c592-4588-a652-ea26ba56f999,completed,generated_released,True,10940.479,10927.811,4.963,0.013,1490.569,3047424.0
ULB,FOLLOWUP_ULB_019,A_direct,3a397a6c-41ce-4311-bf90-2a6bd13f2e08,completed,generated_released,True,30771.89,30762.835,0.0,2.324,5971.077,-349536256.0
ULB,FOLLOWUP_ULB_014,C_dense,41e238b7-cfc5-43bc-bd7f-3460b0a25dc4,suppressed,pre_generation_suppressed,False,10.263,,5.722,,0.0,0.0
ULB,FOLLOWUP_ULB_019,C_lexical,4744070c-55b0-43eb-a51a-ac336bf60ebc,suppressed,pre_generation_suppressed,False,16.409,,10.677,,0.0,0.0
ULB,FOLLOWUP_ULB_014,B_lexical,5de4562c-4be2-420a-b7bf-ff3c97ee6dc9,completed,generated_released,True,10097.517,10082.975,9.7,0.028,1572.474,704512.0
ULB,FOLLOWUP_ULB_020,B_dense,610a85f1-45c9-46c1-ad9e-10adeea8ac40,completed,generated_released,True,9024.172,9013.777,4.823,0.013,1365.291,573440.0
ULB,FOLLOWUP_ULB_015,D_hybrid,638aeb59-2aec-4d66-99cf-816b955c2e04,suppressed,pre_generation_suppressed,False,20.076,,15.154,,0.0,0.0
ULB,FOLLOWUP_ULB_016,B_dense,67dbb88b-8339-4b99-af76-62cd0e4c6a65,completed,generated_released,True,12895.333,12885.006,5.018,0.021,2053.934,1507328.0
ULB,FOLLOWUP_ULB_011,C_dense,681fb58a-b325-43e4-b514-9ea3557e045f,suppressed,pre_generation_suppressed,False,9.873,,5.529,,0.0,0.0
ULB,FOLLOWUP_ULB_020,D_hybrid,6bc13f08-f1bf-4017-9515-167446ad024f,suppressed,pre_generation_suppressed,False,20.492,,16.206,,0.0,0.0
ULB,FOLLOWUP_ULB_017,D_hybrid,6f050cc7-9f9a-4723-8aeb-d1873e0847ab,suppressed,pre_generation_suppressed,False,20.376,,15.722,,0.0,0.0
ULB,FOLLOWUP_ULB_015,A_direct,74689a93-d3fd-47ee-aafa-7fb4bb539362,completed,generated_released,True,8416.481,8411.6,0.0,0.017,1491.119,-655360.0
ULB,FOLLOWUP_ULB_016,C_lexical,7823d349-85a5-4999-9282-e9c2a0d33cb3,suppressed,pre_generation_suppressed,False,14.95,,9.73,,0.0,0.0
ULB,FOLLOWUP_ULB_018,C_lexical,7d722bd5-705a-4dde-be8c-43b3a59b9315,suppressed,pre_generation_suppressed,False,15.156,,10.343,,0.0,0.0
ULB,FOLLOWUP_ULB_016,A_direct,7f2afd0f-046e-425b-9068-645f84a0e022,completed,generated_released,True,7893.39,7888.935,0.0,0.014,1633.105,1048576.0
ULB,FOLLOWUP_ULB_017,C_lexical,7fefa880-46d9-4a58-b7e5-4c32b817dfec,suppressed,pre_generation_suppressed,False,15.818,,9.832,,0.0,0.0
ULB,FOLLOWUP_ULB_019,B_dense,8af6d929-7f1c-41bc-a0b5-74a7d76d29d0,completed,generated_released,True,12926.677,12865.208,45.17,0.027,2053.743,2277376.0
ULB,FOLLOWUP_ULB_013,B_dense,8b1a7e69-7bcb-4222-8dd3-977d3afd12af,completed,generated_released,True,12384.089,12373.45,5.051,0.014,1656.081,3735552.0
ULB,FOLLOWUP_ULB_014,D_hybrid,8ea3d6fc-ef84-40b7-ac39-1765d52b01e7,suppressed,pre_generation_suppressed,False,19.358,,14.932,,0.0,0.0
ULB,FOLLOWUP_ULB_016,C_dense,92177ce2-c70e-44f1-93c1-5f8c64655155,suppressed,pre_generation_suppressed,False,9.556,,5.251,,0.0,0.0
ULB,FOLLOWUP_ULB_020,C_dense,96cef982-f827-4216-9246-ea1e893d29bc,suppressed,pre_generation_suppressed,False,10.181,,5.655,,0.0,0.0
ULB,FOLLOWUP_ULB_013,A_direct,973f9c15-a574-404a-8a86-4e5da3b9fa29,completed,generated_released,True,9853.846,9849.331,0.0,0.025,1971.798,819200.0
ULB,FOLLOWUP_ULB_018,B_lexical,98742ffb-19c7-45db-bc81-0680589ab33f,completed,generated_released,True,13433.769,13419.138,10.024,0.022,1902.212,-2064384.0
ULB,FOLLOWUP_ULB_011,A_direct,9b2917e8-528b-4917-a33f-4aaf6d625e10,completed,generated_released,True,9233.894,9228.913,0.0,0.03,1637.672,2523136.0
ULB,FOLLOWUP_ULB_018,A_direct,a1f07f21-29b3-424c-981e-7527e9fb033b,completed,generated_released,True,8552.873,8548.22,0.0,0.013,1656.546,-1884160.0
ULB,FOLLOWUP_ULB_018,C_dense,a774c770-f8aa-47b5-953f-a34980dcba19,suppressed,pre_generation_suppressed,False,9.221,,4.908,,0.0,0.0
ULB,FOLLOWUP_ULB_020,B_lexical,aba48294-e7e9-4534-b103-b991861d2287,completed,generated_released,True,12999.736,12984.775,9.765,0.024,2046.912,-2031616.0
ULB,FOLLOWUP_ULB_014,A_direct,add42743-7580-4326-8ee0-f06832ebe610,completed,generated_released,True,9676.786,9672.46,0.0,0.032,2014.0,-2506752.0
ULB,FOLLOWUP_ULB_016,D_hybrid,af3f697e-84db-44f7-a846-bc6034851502,suppressed,pre_generation_suppressed,False,20.022,,15.605,,0.0,0.0
ULB,FOLLOWUP_ULB_015,B_lexical,b8169764-fb78-46ad-9e44-cf1907bc75a2,completed,generated_released,True,12130.009,12115.072,9.875,0.013,1550.437,-2342912.0
ULB,FOLLOWUP_ULB_019,B_lexical,c2ec4a04-7d60-4c99-a5e0-7597dd9e2f22,completed,generated_released,True,13549.203,13476.57,25.449,2.294,2174.278,6193152.0
ULB,FOLLOWUP_ULB_012,C_dense,c4e2e45f-10b7-4608-a9fb-1ce5dc902550,suppressed,pre_generation_suppressed,False,9.998,,5.459,,0.0,0.0
ULB,FOLLOWUP_ULB_013,C_dense,c80751f5-c7d8-4402-abdf-307d23c0c46b,suppressed,pre_generation_suppressed,False,10.188,,4.825,,0.0,0.0
ULB,FOLLOWUP_ULB_013,B_lexical,c8e4152b-6632-439a-8250-18a0ff72eeaa,completed,generated_released,True,12673.839,12658.59,9.884,0.017,1738.898,688128.0
ULB,FOLLOWUP_ULB_011,D_hybrid,c8fa2830-d570-4850-9a5e-bd4638f1105b,suppressed,pre_generation_suppressed,False,18.988,,14.281,,0.0,0.0
ULB,FOLLOWUP_ULB_012,A_direct,cf3a4c21-fd87-49e0-9856-e36401e99490,completed,generated_released,True,9453.7,9449.049,0.0,0.016,1985.271,-2473984.0
ULB,FOLLOWUP_ULB_013,D_hybrid,d03a0a86-dd4c-4606-a717-fe6a428a2a4d,suppressed,pre_generation_suppressed,False,19.522,,15.102,,0.0,0.0
ULB,FOLLOWUP_ULB_011,C_lexical,d1f06d3e-fd9f-492a-99c1-7a4f9e89a00d,suppressed,pre_generation_suppressed,False,15.391,,10.291,,0.0,0.0
ULB,FOLLOWUP_ULB_017,B_dense,d29b4186-e478-4546-afbe-3e625a6b679f,completed,generated_released,True,10564.814,10554.729,5.192,0.014,1650.392,4063232.0
ULB,FOLLOWUP_ULB_015,B_dense,d3172718-7fa7-47fd-ae4a-29b6ccba85db,completed,generated_released,True,15496.186,15486.453,4.447,0.025,2015.489,16384.0
ULB,FOLLOWUP_ULB_013,C_lexical,d407e962-3cc3-4b9d-9da3-a2d558d331bb,suppressed,pre_generation_suppressed,False,15.574,,10.527,,0.0,0.0
ULB,FOLLOWUP_ULB_016,B_lexical,d5fb0228-fd95-424b-b39c-207de49861d5,completed,generated_released,True,10686.995,10672.082,9.854,0.015,1661.954,4194304.0
ULB,FOLLOWUP_ULB_017,C_dense,d9569d23-30d6-4310-8d58-2bb9f01ed09d,suppressed,pre_generation_suppressed,False,8.96,,4.653,,0.0,0.0
ULB,FOLLOWUP_ULB_012,C_lexical,dd0f8d0e-bb66-4655-86b8-b74d7f2479f5,suppressed,pre_generation_suppressed,False,14.708,,9.759,,0.0,0.0
ULB,FOLLOWUP_ULB_017,B_lexical,ddaa2d1c-7dd3-41e5-8cff-fa8fb22b8813,completed,generated_released,True,11845.584,11831.043,9.868,0.019,1864.596,-2686976.0
ULB,FOLLOWUP_ULB_019,D_hybrid,e3e6204f-5a4e-456f-b81d-4c2d6f89e644,suppressed,pre_generation_suppressed,False,21.92,,17.316,,0.0,0.0
ULB,FOLLOWUP_ULB_018,D_hybrid,eb5c6864-7e2d-4c4f-ac68-84a2549db311,suppressed,pre_generation_suppressed,False,19.567,,14.786,,0.0,0.0
ULB,FOLLOWUP_ULB_015,C_lexical,eca2d0be-6c37-49ad-bb05-4adbe6be5e39,suppressed,pre_generation_suppressed,False,15.33,,10.402,,0.0,0.0
ULB,FOLLOWUP_ULB_015,C_dense,ee4b90cc-ac8f-46ae-b89d-74541d083389,suppressed,pre_generation_suppressed,False,12.464,,5.482,,0.0,0.0
ULB,FOLLOWUP_ULB_014,B_dense,f4f83375-d0be-420d-b816-a42a4f2d1d52,completed,generated_released,True,12293.77,12284.793,4.135,0.02,1952.834,4603904.0
ULB,FOLLOWUP_ULB_020,A_direct,fab0ef22-e4aa-41d1-b322-f8a6c6ab7451,completed,generated_released,True,8168.007,8163.155,0.0,0.026,1664.525,3637248.0
ULB,FOLLOWUP_ULB_019,C_dense,fd3f36bf-336c-4390-9f3a-f65e2c79ea5f,suppressed,pre_generation_suppressed,False,298.606,,293.68,,0.0,0.0
ULB,FOLLOWUP_ULB_023,B_dense,008d14f3-2a32-4695-9db1-22f400070455,completed,generated_released,True,11114.482,11104.463,5.072,0.016,1844.15,1277952.0
ULB,FOLLOWUP_ULB_029,B_dense,02b47cf9-1a31-4c9a-bf17-376c4e9f3f48,completed,generated_released,True,14815.661,14500.4,304.041,1.934,3707.082,-640532480.0
ULB,FOLLOWUP_ULB_026,C_lexical,074de36e-3779-4734-9d20-3790cfb1ecf7,suppressed,pre_generation_suppressed,False,15.134,,10.247,,0.0,0.0
ULB,FOLLOWUP_ULB_028,C_dense,0d76423d-1ab9-41f7-a3f5-b46f1bb0743a,suppressed,pre_generation_suppressed,False,8.632,,4.309,,0.0,0.0
ULB,FOLLOWUP_ULB_024,C_lexical,0e10342f-dca9-4c08-818c-968d0ed2fea9,suppressed,pre_generation_suppressed,False,16.889,,11.057,,0.0,0.0
ULB,FOLLOWUP_ULB_029,C_dense,1f4a11b5-fa9f-4f18-8f5f-d9ea932f53f1,suppressed,pre_generation_suppressed,False,110.318,,105.848,,0.0,0.0
ULB,FOLLOWUP_ULB_029,D_hybrid,231aad9c-ec68-4887-ba6b-7a53e2037bd5,suppressed,pre_generation_suppressed,False,32.836,,16.431,,0.0,0.0
ULB,FOLLOWUP_ULB_027,D_hybrid,33761994-e55f-4719-8704-4eefe3792f3b,suppressed,pre_generation_suppressed,False,20.381,,15.905,,0.0,0.0
ULB,FOLLOWUP_ULB_024,C_dense,36c09ec6-f0c9-4f73-8700-de5753f83ab0,suppressed,pre_generation_suppressed,False,9.237,,4.679,,0.0,0.0
ULB,FOLLOWUP_ULB_025,B_dense,36e442a8-6327-463c-9d21-12c7d669cff1,completed,generated_released,True,11538.098,11528.287,4.657,0.016,1726.505,999424.0
ULB,FOLLOWUP_ULB_022,A_direct,387f36d1-a313-499f-bdd2-a73062d9d607,completed,generated_released,True,6766.676,6761.463,0.0,0.019,1394.686,3702784.0
ULB,FOLLOWUP_ULB_028,B_lexical,38ebb3ac-6333-4810-bce1-5df0a94f73d4,completed,generated_released,True,10006.913,9992.337,9.8,0.015,1549.996,-2113536.0
ULB,FOLLOWUP_ULB_030,B_lexical,3acf2cf7-c806-4abc-87b9-1a5b20bc394f,completed,generated_released,True,15710.602,15695.732,9.864,0.02,2576.924,-5193728.0
ULB,FOLLOWUP_ULB_027,B_lexical,3ca43d5b-bf93-4eac-b0bd-e20495e1436e,completed,generated_released,True,12778.431,12763.107,10.219,0.027,2231.341,-65536.0
ULB,FOLLOWUP_ULB_022,C_dense,3ef3f4ac-2bae-4b7c-a192-6a3577824a92,suppressed,pre_generation_suppressed,False,10.091,,5.827,,0.0,0.0
ULB,FOLLOWUP_ULB_028,B_dense,3f503bf4-0e5d-48a5-9756-b2cb9356bf72,completed,generated_released,True,9611.65,9602.358,4.573,0.02,1514.723,3768320.0
ULB,FOLLOWUP_ULB_023,D_hybrid,3fe14ba1-897f-47a4-b778-7c16cb93f1f1,suppressed,pre_generation_suppressed,False,20.496,,15.832,,0.0,0.0
ULB,FOLLOWUP_ULB_022,B_dense,41b0a664-1b42-46ea-90f5-e91bcfdb6195,completed,generated_released,True,12880.771,12869.985,5.494,0.024,2065.75,688128.0
ULB,FOLLOWUP_ULB_024,B_dense,4c6fcc15-d0bb-473c-9b69-f69f3ec085bd,completed,generated_released,True,12888.869,12878.716,5.159,0.025,2097.566,802816.0
ULB,FOLLOWUP_ULB_029,C_lexical,54d0689d-7b3f-49f1-87f3-0efa776992b2,suppressed,pre_generation_suppressed,False,179.489,,112.859,,0.0,0.0
ULB,FOLLOWUP_ULB_022,B_lexical,5742a7f7-502b-4efb-8f54-4cd4684e8f20,completed,generated_released,True,12086.322,12071.227,10.067,0.015,1927.416,-1966080.0
ULB,FOLLOWUP_ULB_025,C_lexical,5db8ea56-42f1-4f55-bb5a-19cd1f3242c3,suppressed,pre_generation_suppressed,False,14.57,,9.889,,0.0,0.0
ULB,FOLLOWUP_ULB_024,A_direct,5e70bcf9-ecc1-4641-8bdd-0f233d87e32e,completed,generated_released,True,5760.604,5756.135,0.0,0.02,1166.244,704512.0
ULB,FOLLOWUP_ULB_030,D_hybrid,691fff15-d971-49e4-b47c-10c0f3cf9247,suppressed,pre_generation_suppressed,False,19.614,,15.204,,0.0,0.0
ULB,FOLLOWUP_ULB_029,B_lexical,69f5d02e-3ca9-44a8-a4ac-00e25490490c,completed,generated_released,True,12241.728,12226.379,10.045,0.014,1985.191,6701056.0
ULB,FOLLOWUP_ULB_026,C_dense,6f70b96b-aee8-421c-a904-3b5e129689ef,suppressed,pre_generation_suppressed,False,9.317,,5.07,,0.0,0.0
ULB,FOLLOWUP_ULB_026,A_direct,70648202-772f-4d9c-9a27-ec3f8d792301,completed,generated_released,True,6229.831,6225.078,0.0,0.026,1262.138,1081344.0
ULB,FOLLOWUP_ULB_027,A_direct,712387ea-83b8-4439-b0f6-80ac535e1c59,completed,generated_released,True,8176.377,8171.715,0.0,0.016,1754.577,950272.0
ULB,FOLLOWUP_ULB_026,B_lexical,7277e770-a23e-4cc7-9133-305f911af186,completed,generated_released,True,9716.436,9700.176,10.651,0.014,1522.873,1572864.0
ULB,FOLLOWUP_ULB_022,D_hybrid,79e73ae6-4049-430e-82b8-c188f3ce7113,suppressed,pre_generation_suppressed,False,20.84,,16.101,,0.0,0.0
ULB,FOLLOWUP_ULB_021,C_dense,7c123026-b153-4bdb-a0de-4f1c096d8b15,suppressed,pre_generation_suppressed,False,9.419,,4.484,,0.0,0.0
ULB,FOLLOWUP_ULB_025,B_lexical,7c1e33cd-5a39-4663-8110-816b9c22e1fa,completed,generated_released,True,10114.36,10099.344,10.263,0.015,1466.214,1097728.0
ULB,FOLLOWUP_ULB_028,D_hybrid,7ce682e3-a4f1-4f48-9178-a499afe992c1,suppressed,pre_generation_suppressed,False,19.222,,14.896,,0.0,0.0
ULB,FOLLOWUP_ULB_022,C_lexical,800d2c59-ed23-4cdc-a40a-6010e17d9c2a,suppressed,pre_generation_suppressed,False,15.253,,10.561,,0.0,0.0
ULB,FOLLOWUP_ULB_027,C_lexical,8734e47c-6236-4839-9518-327242a17645,suppressed,pre_generation_suppressed,False,16.743,,10.393,,0.0,0.0
ULB,FOLLOWUP_ULB_023,C_lexical,873a1fc5-f257-448e-a5f5-c64f9d0cfd01,suppressed,pre_generation_suppressed,False,15.313,,10.502,,0.0,0.0
ULB,FOLLOWUP_ULB_027,C_dense,88470342-7b63-48c7-8300-833a983b18e2,suppressed,pre_generation_suppressed,False,9.015,,4.333,,0.0,0.0
ULB,FOLLOWUP_ULB_028,C_lexical,90221392-fa3e-4d3d-9acd-a5f51756fa11,suppressed,pre_generation_suppressed,False,14.889,,10.356,,0.0,0.0
ULB,FOLLOWUP_ULB_021,B_dense,918600d0-929d-4f4f-9603-b9647b641320,completed,generated_released,True,13098.698,13089.647,4.314,0.023,2098.991,-11419648.0
ULB,FOLLOWUP_ULB_021,B_lexical,9644d38f-1844-41e0-88ce-18935bc93a1f,completed,generated_released,True,7175.76,7160.557,10.369,0.024,1028.238,1048576.0
ULB,FOLLOWUP_ULB_021,A_direct,a53fee66-4957-4c1c-a4e8-cd73a5878e1e,completed,generated_released,True,8127.779,8123.372,0.0,0.015,1667.058,753664.0
ULB,FOLLOWUP_ULB_030,B_dense,ad2dc38b-a4bf-4d2c-af7c-71c9f50aa76f,completed,generated_released,True,11415.667,11405.333,5.079,0.04,1936.843,-2686976.0
ULB,FOLLOWUP_ULB_030,C_lexical,bce7670c-9a04-4462-a50e-320420be4e03,suppressed,pre_generation_suppressed,False,17.011,,11.63,,0.0,0.0
ULB,FOLLOWUP_ULB_027,B_dense,bffa6228-bf1b-4c36-9359-8432606ecc45,completed,generated_released,True,12937.757,12928.009,4.399,0.025,2117.605,3735552.0
ULB,FOLLOWUP_ULB_024,B_lexical,c0853462-bf67-4a3a-9df6-ca39ac260e68,completed,generated_released,True,12643.897,12628.498,9.956,0.017,2034.038,950272.0
ULB,FOLLOWUP_ULB_023,C_dense,c27b664a-4217-4cc4-a696-eaa9621f4337,suppressed,pre_generation_suppressed,False,9.117,,4.577,,0.0,0.0
ULB,FOLLOWUP_ULB_026,B_dense,c3194a5b-7a07-46ea-a63d-77f8011b8e95,completed,generated_released,True,11596.111,11586.588,4.479,0.014,1835.047,1277952.0
ULB,FOLLOWUP_ULB_023,A_direct,c9689705-8e45-472a-b8dd-3c0e02dabb34,completed,generated_released,True,10511.602,10506.904,0.0,0.029,2389.88,950272.0
ULB,FOLLOWUP_ULB_023,B_lexical,cb2b260e-6792-44da-b915-f4b6e5ab37e8,completed,generated_released,True,11517.022,11501.297,10.467,0.02,1851.668,3473408.0
ULB,FOLLOWUP_ULB_025,C_dense,cc3152a5-0ef6-46cd-a112-67cbda9fa2ac,suppressed,pre_generation_suppressed,False,9.196,,4.847,,0.0,0.0
ULB,FOLLOWUP_ULB_021,D_hybrid,cdfd276a-f510-4571-8822-fba04dc46bbd,suppressed,pre_generation_suppressed,False,19.338,,14.917,,0.0,0.0
ULB,FOLLOWUP_ULB_024,D_hybrid,d2c02416-eea7-41e1-bbb3-7618b3801e73,suppressed,pre_generation_suppressed,False,19.364,,15.137,,0.0,0.0
ULB,FOLLOWUP_ULB_025,A_direct,d34a5a3d-4740-4e3a-baab-f26e5e57f5c6,completed,generated_released,True,9149.798,9145.232,0.0,0.026,1990.191,1163264.0
ULB,FOLLOWUP_ULB_021,C_lexical,d5b5754b-bd62-4663-9aa0-e3a8c8277a68,suppressed,pre_generation_suppressed,False,15.677,,9.973,,0.0,0.0
ULB,FOLLOWUP_ULB_028,A_direct,d80c7fec-e9cd-4b51-ac60-fce20cc1726d,completed,generated_released,True,8170.205,8165.187,0.0,0.015,1684.576,3489792.0
ULB,FOLLOWUP_ULB_030,A_direct,e64c938f-a8f7-439d-b9ac-3f35fb5d3832,completed,generated_released,True,8549.283,8543.69,0.0,0.017,1992.369,-1228800.0
ULB,FOLLOWUP_ULB_025,D_hybrid,e79662ca-642a-4d43-9156-ae58897c89ca,suppressed,pre_generation_suppressed,False,20.017,,15.372,,0.0,0.0
ULB,FOLLOWUP_ULB_026,D_hybrid,f3ee6e1b-bad7-46d5-924c-63e848e23e45,suppressed,pre_generation_suppressed,False,19.961,,15.384,,0.0,0.0
ULB,FOLLOWUP_ULB_030,C_dense,f8957f8e-e4c6-4c6d-8e80-9db4bd4a6f4b,suppressed,pre_generation_suppressed,False,10.775,,5.89,,0.0,0.0
ULB,FOLLOWUP_ULB_029,A_direct,fb0c4319-c0b8-46e9-9fb2-7f7df0fc1ef4,completed,generated_released,True,8447.39,8442.757,0.0,0.015,1738.642,16531456.0
ULB,FOLLOWUP_ULB_034,B_lexical,009757cc-0f36-4485-9b0c-171d8e64ffce,completed,generated_released,True,9969.598,9955.333,9.589,0.024,1498.894,-2162688.0
ULB,FOLLOWUP_ULB_037,B_lexical,00cfa6ce-4f97-416f-a9cf-742d234d75ce,completed,generated_released,True,12559.062,12544.339,9.918,0.014,2043.382,2048000.0
ULB,FOLLOWUP_ULB_037,A_direct,010d5501-7c43-468d-8bc6-7c040b265c00,completed,generated_released,True,8335.589,8331.305,0.0,0.017,1939.241,-3047424.0
ULB,FOLLOWUP_ULB_035,D_hybrid,17c697d4-b81a-42a9-8c8d-59c6ba88ff69,suppressed,pre_generation_suppressed,False,19.125,,14.726,,0.0,0.0
ULB,FOLLOWUP_ULB_039,C_dense,18e45032-6a8f-44ce-8e8e-0e1bc89676f5,suppressed,pre_generation_suppressed,False,10.928,,6.637,,0.0,0.0
ULB,FOLLOWUP_ULB_035,B_dense,19f0f9a4-83bc-47eb-ba32-8cb11fe7d5e6,completed,generated_released,True,11138.295,11126.438,6.893,0.014,1735.953,2785280.0
ULB,FOLLOWUP_ULB_036,B_lexical,1d512e9e-d542-48c7-b048-70d2f5acf975,completed,generated_released,True,3274.05,3259.688,9.776,0.027,357.92,4325376.0
ULB,FOLLOWUP_ULB_033,A_direct,1e0404db-7911-4d37-91d2-274672295fd0,completed,generated_released,True,9356.486,9352.168,0.0,0.014,1854.906,3309568.0
ULB,FOLLOWUP_ULB_036,B_dense,2627d0b1-0944-4648-8e53-9779a30979b6,completed,generated_released,True,12867.764,12854.847,8.192,0.023,2070.393,-2342912.0
ULB,FOLLOWUP_ULB_040,D_hybrid,2d237912-7cf6-4c5a-adad-bc692f18e6af,suppressed,pre_generation_suppressed,False,22.843,,18.279,,0.0,0.0
ULB,FOLLOWUP_ULB_034,B_dense,309bd43a-b401-423f-981b-1b95688f37d2,completed,generated_released,True,11468.041,11456.438,6.568,0.022,1912.922,1114112.0
ULB,FOLLOWUP_ULB_034,C_lexical,339ff047-5f11-452d-9b4c-b7257307be23,suppressed,pre_generation_suppressed,False,14.644,,10.108,,0.0,0.0
ULB,FOLLOWUP_ULB_036,C_dense,3d5937bb-fa05-4463-a4eb-9a392de5448a,suppressed,pre_generation_suppressed,False,10.593,,6.387,,0.0,0.0
ULB,FOLLOWUP_ULB_031,C_lexical,3defd972-8ea9-4831-ae5d-cd32ed1316b1,suppressed,pre_generation_suppressed,False,14.742,,10.254,,0.0,0.0
ULB,FOLLOWUP_ULB_033,B_dense,42b82586-0d9e-4cd4-9581-aa15217d95ef,completed,generated_released,True,11013.773,11001.888,7.194,0.022,1662.263,-294912.0
ULB,FOLLOWUP_ULB_038,D_hybrid,4a0371a0-a9af-491d-8e8c-c0fe33e88613,suppressed,pre_generation_suppressed,False,19.123,,14.796,,0.0,0.0
ULB,FOLLOWUP_ULB_034,C_dense,4f20ed1f-2647-459e-be6c-86666c9a08bb,suppressed,pre_generation_suppressed,False,11.557,,7.47,,0.0,0.0
ULB,FOLLOWUP_ULB_033,C_dense,547db384-13bf-4093-a452-a0f34b3001bd,suppressed,pre_generation_suppressed,False,10.569,,6.42,,0.0,0.0
ULB,FOLLOWUP_ULB_036,C_lexical,5487da8f-a1dd-4962-9b60-70250f79b276,suppressed,pre_generation_suppressed,False,14.661,,10.174,,0.0,0.0
ULB,FOLLOWUP_ULB_038,C_lexical,5fa611f8-04ff-4a5e-ae01-f769ef259e43,suppressed,pre_generation_suppressed,False,14.846,,10.248,,0.0,0.0
ULB,FOLLOWUP_ULB_039,C_lexical,6003c7cb-50d1-4144-920c-e21e4e655ab3,suppressed,pre_generation_suppressed,False,14.999,,9.638,,0.0,0.0
ULB,FOLLOWUP_ULB_031,B_lexical,68218a9b-c3ab-4c37-83f3-ceff440ae5a5,completed,generated_released,True,10228.287,10213.262,10.193,0.016,1603.017,1720320.0
ULB,FOLLOWUP_ULB_031,A_direct,6d4db2b6-3365-4bf6-a829-7b82f62cf02c,completed,generated_released,True,7718.466,7714.079,0.0,0.02,1578.87,1146880.0
ULB,FOLLOWUP_ULB_032,C_lexical,6eeb888a-addb-4b6d-af27-4a6261f9cc11,suppressed,pre_generation_suppressed,False,15.044,,10.328,,0.0,0.0
ULB,FOLLOWUP_ULB_032,B_dense,6f33c9e3-d965-498e-8769-8ed85c34e013,completed,generated_released,True,13019.231,13008.461,6.139,0.023,2133.294,1015808.0
ULB,FOLLOWUP_ULB_037,B_dense,72f31c1d-f310-4056-a8f2-be25f3a262c2,completed,generated_released,True,9969.632,9957.313,7.596,0.016,1593.468,-180224.0
ULB,FOLLOWUP_ULB_032,D_hybrid,7476805e-31b7-4301-90cc-81d4372e3809,suppressed,pre_generation_suppressed,False,19.817,,15.145,,0.0,0.0
ULB,FOLLOWUP_ULB_039,B_dense,77c89647-300f-4d47-a347-b71f66972545,completed,generated_released,True,13888.765,13216.129,666.782,0.038,2223.37,-2719744.0
ULB,FOLLOWUP_ULB_034,D_hybrid,795a6a21-83e4-4161-ac39-731e8eb37164,suppressed,pre_generation_suppressed,False,20.257,,15.946,,0.0,0.0
ULB,FOLLOWUP_ULB_031,C_dense,81c01e40-c067-4ae6-ba13-af3b5540a4ce,suppressed,pre_generation_suppressed,False,10.852,,6.593,,0.0,0.0
ULB,FOLLOWUP_ULB_034,A_direct,83d7b0c4-d227-47b5-a554-f22f11c992ad,completed,generated_released,True,8002.77,7998.558,0.0,0.013,1601.571,3833856.0
ULB,FOLLOWUP_ULB_035,C_dense,84f6cae5-c20c-4dfe-a53b-0867869e4fe1,suppressed,pre_generation_suppressed,False,11.523,,7.049,,0.0,0.0
ULB,FOLLOWUP_ULB_033,D_hybrid,8589d57d-b5c3-4530-9532-56d9bf59040e,suppressed,pre_generation_suppressed,False,20.441,,16.182,,0.0,0.0
ULB,FOLLOWUP_ULB_035,A_direct,9282dd28-214a-46e2-bac0-f669adcfb9a5,completed,generated_released,True,9567.255,9562.887,0.0,0.023,2032.047,458752.0
ULB,FOLLOWUP_ULB_035,B_lexical,982c13ea-961a-418a-90f9-2d2e3b40ec67,completed,generated_released,True,12075.007,12060.903,9.637,0.038,1891.516,-18530304.0
ULB,FOLLOWUP_ULB_038,B_dense,99a782ed-be8d-4465-a73f-17e03e85c00d,completed,generated_released,True,11773.007,11761.38,6.748,0.015,1915.09,3997696.0
ULB,FOLLOWUP_ULB_040,B_dense,99f6cbdc-0850-452f-8126-856c10d844e8,completed,generated_released,True,12010.899,11999.678,6.57,0.02,1806.198,-2998272.0
ULB,FOLLOWUP_ULB_039,B_lexical,aa95c70e-f720-4a49-8c07-a26832b8d2bd,completed,generated_released,True,11808.689,11710.788,41.484,0.016,1888.001,8847360.0
ULB,FOLLOWUP_ULB_031,B_dense,aca05e10-ddce-41d6-98c9-67fd70f77c3c,completed,generated_released,True,11757.764,11746.517,6.459,0.027,1906.594,737280.0
ULB,FOLLOWUP_ULB_031,D_hybrid,aef97d96-8da3-4af5-8702-756c10e07502,suppressed,pre_generation_suppressed,False,19.813,,15.412,,0.0,0.0
ULB,FOLLOWUP_ULB_036,D_hybrid,b2cf6fa2-f712-418f-8b37-d4694eddd70a,suppressed,pre_generation_suppressed,False,19.794,,15.433,,0.0,0.0
ULB,FOLLOWUP_ULB_039,D_hybrid,bae82947-d559-4f01-9802-db86dd873b4a,suppressed,pre_generation_suppressed,False,19.8,,15.479,,0.0,0.0
ULB,FOLLOWUP_ULB_038,A_direct,bfe5b366-1feb-4405-8315-c80dcd2e9de9,completed,generated_released,True,8231.529,8227.059,0.0,0.022,1717.382,835584.0
ULB,FOLLOWUP_ULB_038,C_dense,c62c378b-8947-48b0-9666-67181a34ccc4,suppressed,pre_generation_suppressed,False,10.876,,6.503,,0.0,0.0
ULB,FOLLOWUP_ULB_037,C_dense,c87c4080-c78f-4fc6-a20b-a6c22395058e,suppressed,pre_generation_suppressed,False,11.598,,7.15,,0.0,0.0
ULB,FOLLOWUP_ULB_036,A_direct,cddcc46d-fc16-457e-a70d-87cc14f034e2,completed,generated_released,True,9044.773,9040.35,0.0,0.024,1916.156,-212992.0
ULB,FOLLOWUP_ULB_035,C_lexical,d04f5c50-7f23-4276-bd7f-a5740e41fe66,suppressed,pre_generation_suppressed,False,14.748,,10.131,,0.0,0.0
ULB,FOLLOWUP_ULB_039,A_direct,d72b68e3-1856-423d-b093-52638dcabf3e,completed,generated_released,True,14725.775,14717.219,0.0,1.279,3966.392,-334790656.0
ULB,FOLLOWUP_ULB_037,C_lexical,d7885a09-06b9-48ec-8846-e3b80c8c1d2d,suppressed,pre_generation_suppressed,False,17.423,,11.887,,0.0,0.0
ULB,FOLLOWUP_ULB_040,C_lexical,db187074-e3dc-4723-94ae-c74c2f08a7fb,suppressed,pre_generation_suppressed,False,14.716,,10.117,,0.0,0.0
ULB,FOLLOWUP_ULB_033,C_lexical,e14be4ba-55ce-44b2-9cc0-c8e7b91e8298,suppressed,pre_generation_suppressed,False,14.418,,9.941,,0.0,0.0
ULB,FOLLOWUP_ULB_032,B_lexical,e1eeeb70-82f6-4116-8a4d-010d561b1481,completed,generated_released,True,10910.552,10896.101,9.691,0.015,1783.389,1605632.0
ULB,FOLLOWUP_ULB_033,B_lexical,e3415b33-6645-4303-b277-fe7446754e28,completed,generated_released,True,9904.747,9890.436,9.677,0.013,1430.065,458752.0
ULB,FOLLOWUP_ULB_032,C_dense,edd6f2cd-c104-4a06-82bd-9bc9b83eca42,suppressed,pre_generation_suppressed,False,11.006,,6.597,,0.0,0.0
ULB,FOLLOWUP_ULB_040,A_direct,f4fd6e55-7aad-4f57-abf8-8f0a576003ec,completed,generated_released,True,8993.485,8988.944,0.0,0.016,1804.133,3555328.0
ULB,FOLLOWUP_ULB_032,A_direct,f5a0f635-7f6d-4da3-87df-4fa86d57414e,completed,generated_released,True,7874.581,7870.015,0.0,0.014,1645.815,3588096.0
ULB,FOLLOWUP_ULB_040,C_dense,f65f58c5-cbc9-4721-b2e6-e3cf94e16d6d,suppressed,pre_generation_suppressed,False,11.591,,7.374,,0.0,0.0
ULB,FOLLOWUP_ULB_040,B_lexical,f6a83c55-3d9a-4cf8-8313-682d92e33306,completed,generated_released,True,12033.107,12018.738,9.67,0.02,1804.425,1605632.0
ULB,FOLLOWUP_ULB_037,D_hybrid,f789c46a-9758-44a3-9d47-88da1799212b,suppressed,pre_generation_suppressed,False,19.43,,15.176,,0.0,0.0
ULB,FOLLOWUP_ULB_038,B_lexical,ff70aac0-71fa-4512-b795-81a0686e403b,completed,generated_released,True,10468.17,10453.118,10.234,0.015,1711.304,-3850240.0
ULB,FOLLOWUP_ULB_049,D_hybrid,0c64783f-8d45-41fb-936f-1a36b74114f5,suppressed,pre_generation_suppressed,False,21.196,,16.711,,0.0,0.0
ULB,FOLLOWUP_ULB_047,D_hybrid,0c74c670-7cf0-42a2-af39-eefb6884c379,suppressed,pre_generation_suppressed,False,20.437,,15.988,,0.0,0.0
ULB,FOLLOWUP_ULB_050,C_lexical,0fc960d4-1bc0-426a-bbef-cd59f36cc317,suppressed,pre_generation_suppressed,False,14.269,,9.775,,0.0,0.0
ULB,FOLLOWUP_ULB_049,C_lexical,0fd8e0c0-8d7a-4d6a-8987-7afcc5250242,suppressed,pre_generation_suppressed,False,15.924,,10.353,,0.0,0.0
ULB,FOLLOWUP_ULB_046,C_lexical,1017e9d7-06a6-491b-9422-be00ea275341,suppressed,pre_generation_suppressed,False,15.213,,10.179,,0.0,0.0
ULB,FOLLOWUP_ULB_049,B_lexical,1c8f0d85-bb22-46fa-acdd-9594e21b2e8e,completed,generated_released,True,11475.363,11448.982,13.725,0.014,1690.3,8667136.0
ULB,FOLLOWUP_ULB_047,A_direct,1f4ef04a-8964-4636-952a-c1d6b70599c9,completed,generated_released,True,8912.402,8907.722,0.0,0.015,1863.706,4538368.0
ULB,FOLLOWUP_ULB_045,B_dense,2e20de4d-7350-4b07-acd3-6bd113e6cbe4,completed,generated_released,True,9712.513,9703.138,4.164,0.014,1573.623,589824.0
ULB,FOLLOWUP_ULB_045,B_lexical,3242b261-faca-4f89-bed8-af73f2ef6a4c,completed,generated_released,True,10634.183,10619.36,9.776,0.023,1745.906,1294336.0
ULB,FOLLOWUP_ULB_042,B_dense,338f241d-b956-4818-9d85-ea953cef0e5b,completed,generated_released,True,12348.007,12338.489,4.343,0.015,2000.724,868352.0
ULB,FOLLOWUP_ULB_047,C_dense,34bd534d-dc51-4398-b5da-2c42111bf1ab,suppressed,pre_generation_suppressed,False,9.403,,4.998,,0.0,0.0
ULB,FOLLOWUP_ULB_050,B_lexical,3b55d918-6c67-4fc2-93c1-415dc767caa9,completed,generated_released,True,10710.614,10695.848,9.938,0.02,1694.938,737280.0
ULB,FOLLOWUP_ULB_044,B_dense,45b08cf1-2cc7-4047-8c9b-286dca371e03,completed,generated_released,True,10092.428,10082.377,4.787,0.016,1593.075,819200.0
ULB,FOLLOWUP_ULB_041,D_hybrid,51b49d9a-74c4-43bb-a719-91254af9ae53,suppressed,pre_generation_suppressed,False,19.776,,15.67,,0.0,0.0
ULB,FOLLOWUP_ULB_048,B_dense,578218ef-dbe5-4405-a387-c8c959a54ab1,completed,generated_released,True,11071.345,11061.001,5.108,0.021,1634.931,2621440.0
ULB,FOLLOWUP_ULB_043,A_direct,587908f7-4ade-4830-8efc-738feb9e64f5,completed,generated_released,True,9800.692,9796.138,0.0,0.027,2192.109,-2670592.0
ULB,FOLLOWUP_ULB_049,C_dense,592ad53d-19a6-4a44-99c4-ed519e489feb,suppressed,pre_generation_suppressed,False,300.945,,296.158,,0.0,0.0
ULB,FOLLOWUP_ULB_041,C_dense,5ded831b-3b18-4f38-8e09-269e8847474e,suppressed,pre_generation_suppressed,False,9.57,,5.107,,0.0,0.0
ULB,FOLLOWUP_ULB_050,B_dense,610e3b44-61f3-466c-84dd-3b399253e149,completed,generated_released,True,12964.589,12954.474,4.231,0.027,2134.366,3391488.0
ULB,FOLLOWUP_ULB_043,B_lexical,61f4114b-6b74-42f3-a008-779a87ba779e,completed,generated_released,True,13231.796,13216.994,9.897,0.032,2206.032,3260416.0
ULB,FOLLOWUP_ULB_042,D_hybrid,64bb23ba-3491-48eb-8cc7-04eda3d9a402,suppressed,pre_generation_suppressed,False,20.032,,15.892,,0.0,0.0
ULB,FOLLOWUP_ULB_041,A_direct,6c83dfce-e5a1-4e36-8b46-e4bb9d3266f7,completed,generated_released,True,7906.452,7901.785,0.0,0.015,1552.159,3801088.0
ULB,FOLLOWUP_ULB_046,C_dense,6ddb40a4-6975-42f3-b1c1-ab9e256560b4,suppressed,pre_generation_suppressed,False,9.6,,5.097,,0.0,0.0
ULB,FOLLOWUP_ULB_049,B_dense,6e4ec1f7-14c2-45ff-878d-a7a36b724748,completed,generated_released,True,11275.338,11243.199,25.783,0.013,1681.309,1146880.0
ULB,FOLLOWUP_ULB_047,C_lexical,71c68ce4-32c9-4e29-8443-f2e03890bee3,suppressed,pre_generation_suppressed,False,14.522,,9.916,,0.0,0.0
ULB,FOLLOWUP_ULB_045,C_dense,722188d6-866e-4678-9766-d98e65ed5f49,suppressed,pre_generation_suppressed,False,9.238,,5.063,,0.0,0.0
ULB,FOLLOWUP_ULB_041,B_dense,781fcb76-5b25-49fd-aa5a-cbbb0623a54e,completed,generated_released,True,9434.747,9423.984,6.016,0.026,1383.288,1228800.0
ULB,FOLLOWUP_ULB_047,B_dense,7e0d52fc-06cf-4d59-bb8c-bd33494bbb39,completed,generated_released,True,9568.654,9558.667,4.842,0.015,1529.08,-2752512.0
ULB,FOLLOWUP_ULB_046,B_dense,7e354cac-2610-4465-840e-de1a3552feea,completed,generated_released,True,12608.186,12597.287,5.052,0.029,1937.958,4177920.0
ULB,FOLLOWUP_ULB_043,D_hybrid,81869e5d-e0b0-4ef4-ac8d-e068d6cdead3,suppressed,pre_generation_suppressed,False,20.166,,15.308,,0.0,0.0
ULB,FOLLOWUP_ULB_048,D_hybrid,864c934b-e02e-4c4b-b917-d2fbe7590a3c,suppressed,pre_generation_suppressed,False,19.712,,15.063,,0.0,0.0
ULB,FOLLOWUP_ULB_044,C_lexical,86a95d9b-6454-42bd-8480-d0c1a460025f,suppressed,pre_generation_suppressed,False,15.132,,10.18,,0.0,0.0
ULB,FOLLOWUP_ULB_050,A_direct,888b9b07-2030-4d95-bf92-c1059f78c598,completed,generated_released,True,7738.57,7733.666,0.0,0.025,1643.027,-3129344.0
ULB,FOLLOWUP_ULB_048,C_lexical,8b7f67db-87d4-40f6-8494-0f3df5237aef,suppressed,pre_generation_suppressed,False,14.502,,9.918,,0.0,0.0
ULB,FOLLOWUP_ULB_050,D_hybrid,8c648e74-e159-4dcb-8381-1ecf695e87c6,suppressed,pre_generation_suppressed,False,20.451,,15.875,,0.0,0.0
ULB,FOLLOWUP_ULB_044,D_hybrid,909c770f-4362-4bd1-bd68-94362cd949a4,suppressed,pre_generation_suppressed,False,21.325,,16.952,,0.0,0.0
ULB,FOLLOWUP_ULB_045,A_direct,9127d60f-9372-4202-832e-3716da067168,completed,generated_released,True,8770.371,8765.164,0.0,0.016,2002.028,-3588096.0
ULB,FOLLOWUP_ULB_042,C_dense,96829567-5cd4-426a-8ec0-56df54ee2a56,suppressed,pre_generation_suppressed,False,10.745,,6.514,,0.0,0.0
ULB,FOLLOWUP_ULB_049,A_direct,974155ae-fd86-49f4-8f5d-a346389dc86a,completed,generated_released,True,30748.904,30743.148,0.0,0.621,5912.708,-290881536.0
ULB,FOLLOWUP_ULB_048,B_lexical,9b3fce45-7ecc-4b04-baf8-6fbb2300d67c,completed,generated_released,True,13085.735,13071.255,10.051,0.015,1998.938,-4456448.0
ULB,FOLLOWUP_ULB_042,C_lexical,a19b0837-615c-4a70-b4b4-0f01c3952b16,suppressed,pre_generation_suppressed,False,15.447,,10.314,,0.0,0.0
ULB,FOLLOWUP_ULB_046,A_direct,a844c98a-64de-4916-bddb-2d4c3cb9c06b,completed,generated_released,True,8007.678,8003.001,0.0,0.013,1618.303,1048576.0
ULB,FOLLOWUP_ULB_045,C_lexical,aa65d2d6-f2c8-42fe-9c43-346d95cc9712,suppressed,pre_generation_suppressed,False,14.17,,9.647,,0.0,0.0
ULB,FOLLOWUP_ULB_046,B_lexical,aaad6d85-74e5-45b5-9fb4-1a019bff6117,completed,generated_released,True,9820.074,9805.705,9.665,0.013,1485.362,-1015808.0
ULB,FOLLOWUP_ULB_043,B_dense,abf96096-69f6-4f1d-9cb1-460ad095abdf,completed,generated_released,True,10043.368,10033.596,4.579,0.022,1627.104,573440.0
ULB,FOLLOWUP_ULB_041,B_lexical,aea0a50c-febc-47a5-bfa4-843051a030a5,completed,generated_released,True,12117.717,12102.876,10.136,0.031,1846.995,2195456.0
ULB,FOLLOWUP_ULB_042,A_direct,b41ebcc2-970d-4d29-bdc6-4da1c69656f6,completed,generated_released,True,8247.476,8243.127,0.0,0.014,1705.219,4521984.0
ULB,FOLLOWUP_ULB_048,A_direct,b8115c68-5118-4bc5-b0a0-9b904259ea21,completed,generated_released,True,5760.23,5755.876,0.0,0.021,1114.928,344064.0
ULB,FOLLOWUP_ULB_045,D_hybrid,c4bdd66c-bd39-4eca-b76a-ccbe2e9187b1,suppressed,pre_generation_suppressed,False,21.524,,16.369,,0.0,0.0
ULB,FOLLOWUP_ULB_048,C_dense,c773f628-82a7-4cb4-9cc2-458bdcf247a2,suppressed,pre_generation_suppressed,False,9.095,,4.938,,0.0,0.0
ULB,FOLLOWUP_ULB_044,B_lexical,d0473c39-c095-4746-8c0c-f33b0ddef5c7,completed,generated_released,True,12367.876,12353.158,10.046,0.014,2028.402,-2375680.0
ULB,FOLLOWUP_ULB_041,C_lexical,d0c7f592-541b-46c2-82b1-4cb01246d25f,suppressed,pre_generation_suppressed,False,14.184,,9.702,,0.0,0.0
ULB,FOLLOWUP_ULB_042,B_lexical,d45fe29c-a0d3-4958-bec9-e4e4f9ad6dfe,completed,generated_released,True,10036.554,10022.105,9.762,0.023,1618.354,819200.0
ULB,FOLLOWUP_ULB_046,D_hybrid,dc97482f-9250-4bef-9d33-ecb0dd56f236,suppressed,pre_generation_suppressed,False,20.061,,15.908,,0.0,0.0
ULB,FOLLOWUP_ULB_043,C_lexical,e41511b5-93ca-440e-895b-8458068b31cb,suppressed,pre_generation_suppressed,False,16.596,,10.923,,0.0,0.0
ULB,FOLLOWUP_ULB_050,C_dense,edc43a82-eae0-468c-9304-6bc8d968c721,suppressed,pre_generation_suppressed,False,10.069,,5.341,,0.0,0.0
ULB,FOLLOWUP_ULB_047,B_lexical,ee968111-157e-450d-832d-77a586e50c3d,completed,generated_released,True,9629.107,9614.056,9.922,0.014,1467.658,950272.0
ULB,FOLLOWUP_ULB_044,C_dense,ef833558-b10a-4e09-874b-887d7a651ab2,suppressed,pre_generation_suppressed,False,9.395,,5.13,,0.0,0.0
ULB,FOLLOWUP_ULB_044,A_direct,f34b6567-2c01-4934-93ea-e26e7b07218e,completed,generated_released,True,6988.756,6984.445,0.0,0.021,1446.587,1048576.0
ULB,FOLLOWUP_ULB_043,C_dense,f4fc543f-e1c1-4ae4-b89a-3f6113d2ecaa,suppressed,pre_generation_suppressed,False,8.972,,4.263,,0.0,0.0
ULB,FOLLOWUP_ULB_055,B_dense,0058b645-5700-4a58-87b6-71e081464111,completed,generated_released,True,11914.946,11904.67,5.097,0.013,1822.153,3637248.0
ULB,FOLLOWUP_ULB_060,C_lexical,051dd9ce-6937-447e-aeb9-4f42d69d8c1b,suppressed,pre_generation_suppressed,False,15.128,,10.297,,0.0,0.0
ULB,FOLLOWUP_ULB_052,D_hybrid,085844ca-6946-4b69-997d-ac202f1551bb,suppressed,pre_generation_suppressed,False,18.534,,14.408,,0.0,0.0
ULB,FOLLOWUP_ULB_055,D_hybrid,0877eab0-b9fe-4d93-87da-a6d146738dd6,suppressed,pre_generation_suppressed,False,20.158,,15.596,,0.0,0.0
ULB,FOLLOWUP_ULB_060,A_direct,0ab7c469-1ce0-4208-952f-6eacd4b31074,completed,generated_released,True,8616.653,8612.351,0.0,0.013,1730.187,966656.0
ULB,FOLLOWUP_ULB_060,B_dense,0d56903f-cbf7-4d67-ae8e-5a56ef73f99a,completed,generated_released,True,12570.653,12558.02,5.064,0.021,1926.817,3440640.0
ULB,FOLLOWUP_ULB_054,B_dense,0dff51e4-b3af-481d-a617-3e4c53f070d0,completed,generated_released,True,10726.068,10717.043,4.377,0.015,1621.445,-1212416.0
ULB,FOLLOWUP_ULB_060,D_hybrid,0eef23af-44c5-418f-b751-3c96a03f5184,suppressed,pre_generation_suppressed,False,22.487,,18.331,,0.0,0.0
ULB,FOLLOWUP_ULB_058,C_lexical,124faef7-9a3b-4e7c-9639-680984cc22be,suppressed,pre_generation_suppressed,False,14.512,,10.007,,0.0,0.0
ULB,FOLLOWUP_ULB_053,B_dense,15a5f461-e7c3-4134-aa55-deb3fdf7584f,completed,generated_released,True,12607.752,12597.437,5.626,0.021,1952.172,-2654208.0
ULB,FOLLOWUP_ULB_054,C_lexical,17e8ee0d-576a-403a-a8ec-da5934244464,suppressed,pre_generation_suppressed,False,14.19,,9.744,,0.0,0.0
ULB,FOLLOWUP_ULB_053,D_hybrid,192df8db-c9b6-42bf-930a-a841438dba3d,suppressed,pre_generation_suppressed,False,19.94,,15.431,,0.0,0.0
ULB,FOLLOWUP_ULB_056,C_dense,1a9f128c-f216-434d-b9e1-137d6b92b571,suppressed,pre_generation_suppressed,False,10.074,,5.092,,0.0,0.0
ULB,FOLLOWUP_ULB_052,C_lexical,20acaf28-5c64-4187-a4c6-02aa642105c7,suppressed,pre_generation_suppressed,False,14.419,,9.859,,0.0,0.0
ULB,FOLLOWUP_ULB_053,C_dense,224b82a1-72a8-4ce0-938e-d6c7a21edf88,suppressed,pre_generation_suppressed,False,9.387,,5.22,,0.0,0.0
ULB,FOLLOWUP_ULB_057,C_lexical,224d7d06-46cb-4af2-a6d2-ef43a1068bf4,suppressed,pre_generation_suppressed,False,14.178,,9.754,,0.0,0.0
ULB,FOLLOWUP_ULB_051,A_direct,2f870a1e-8b92-43cb-9e22-90b717ecd9ed,completed,generated_released,True,8548.326,8543.669,0.0,0.015,1725.84,-245760.0
ULB,FOLLOWUP_ULB_051,B_lexical,375b6f2f-7fbe-45a7-8125-3a4a9fe7e7c9,completed,generated_released,True,7109.264,7094.182,10.313,0.028,1010.469,163840.0
ULB,FOLLOWUP_ULB_052,A_direct,3f2bf106-f9e1-4fb4-8fd9-b305535627e0,completed,generated_released,True,8719.076,8714.193,0.0,0.012,1768.419,180224.0
ULB,FOLLOWUP_ULB_059,B_lexical,40714092-fc94-4bc3-a201-6c7bb3aa2551,completed,generated_released,True,12796.725,12779.077,9.82,2.402,1984.409,6799360.0
ULB,FOLLOWUP_ULB_053,C_lexical,40a4bda8-3cfe-4061-a655-00d8627a9249,suppressed,pre_generation_suppressed,False,14.998,,10.382,,0.0,0.0
ULB,FOLLOWUP_ULB_059,D_hybrid,456d9e96-fab4-49c9-877a-d0a85bcb445a,suppressed,pre_generation_suppressed,False,22.905,,18.215,,0.0,0.0
ULB,FOLLOWUP_ULB_057,D_hybrid,4d3a2328-a017-4144-a544-74de3076ec7f,suppressed,pre_generation_suppressed,False,20.14,,15.658,,0.0,0.0
ULB,FOLLOWUP_ULB_058,D_hybrid,5417489b-5614-41d0-82ef-c5c0402f8282,suppressed,pre_generation_suppressed,False,18.56,,14.384,,0.0,0.0
ULB,FOLLOWUP_ULB_055,C_lexical,5d04a443-828c-4f26-b09b-db60cf942b49,suppressed,pre_generation_suppressed,False,14.32,,9.742,,0.0,0.0
ULB,FOLLOWUP_ULB_053,A_direct,5da70046-709d-4aa9-8849-a73fee1bee8e,completed,generated_released,True,7910.609,7906.332,0.0,0.013,1600.758,2801664.0
ULB,FOLLOWUP_ULB_057,B_lexical,63bf9af0-4efa-40a3-85a6-6910d5b371ae,completed,generated_released,True,12730.941,12716.245,10.041,0.023,1949.55,1015808.0
ULB,FOLLOWUP_ULB_055,B_lexical,6ac62739-d3a8-4007-b86d-833446dddb3c,completed,generated_released,True,12086.831,12071.047,9.976,0.017,1842.866,-2080768.0
ULB,FOLLOWUP_ULB_055,C_dense,6ebb351c-1949-406b-bbb3-3c71e357157d,suppressed,pre_generation_suppressed,False,8.996,,4.856,,0.0,0.0
ULB,FOLLOWUP_ULB_051,C_lexical,719ebbe2-4bca-470c-adf1-c59a2f4cef55,suppressed,pre_generation_suppressed,False,14.733,,9.758,,0.0,0.0
ULB,FOLLOWUP_ULB_052,B_dense,7b994408-47dc-4c8d-8dce-ac8573dc871b,completed,generated_released,True,10471.102,10460.354,5.298,0.018,1598.425,901120.0
ULB,FOLLOWUP_ULB_053,B_lexical,81ce7a13-1699-4c53-8f59-973384dbe42d,completed,generated_released,True,9679.829,9665.021,10.007,0.02,1458.077,147456.0
ULB,FOLLOWUP_ULB_056,A_direct,8a2520d0-a421-4bb5-b668-3a2cee4fe9af,completed,generated_released,True,5887.726,5883.319,0.0,0.012,1155.582,3751936.0
ULB,FOLLOWUP_ULB_052,C_dense,8db25d9e-35e5-491b-82ab-d1ce62e2220a,suppressed,pre_generation_suppressed,False,10.256,,5.808,,0.0,0.0
ULB,FOLLOWUP_ULB_057,C_dense,90190d75-80fd-40c0-8703-05d1fcac9c3b,suppressed,pre_generation_suppressed,False,9.782,,5.718,,0.0,0.0
ULB,FOLLOWUP_ULB_051,D_hybrid,9ac1349f-d02f-4af7-a0c9-73c4894f56eb,suppressed,pre_generation_suppressed,False,18.308,,14.087,,0.0,0.0
ULB,FOLLOWUP_ULB_056,D_hybrid,9fe790bd-9057-4301-9ccc-d77781bf0205,suppressed,pre_generation_suppressed,False,18.427,,14.348,,0.0,0.0
ULB,FOLLOWUP_ULB_059,C_lexical,a9f387c1-dbfb-4d0b-b4c1-8ead8a1d36f5,suppressed,pre_generation_suppressed,False,66.879,,31.104,,0.0,0.0
ULB,FOLLOWUP_ULB_051,B_dense,ad1e04e1-2908-44f5-a853-c42abc57a6ae,completed,generated_released,True,8154.981,8145.495,4.776,0.024,1188.154,180224.0
ULB,FOLLOWUP_ULB_058,C_dense,aefec108-f3f6-4d50-b2f1-8d71138d0fd3,suppressed,pre_generation_suppressed,False,9.297,,5.167,,0.0,0.0
ULB,FOLLOWUP_ULB_054,D_hybrid,b82649be-e3ce-495e-b217-97896a1e27ef,suppressed,pre_generation_suppressed,False,19.209,,14.932,,0.0,0.0
ULB,FOLLOWUP_ULB_056,B_lexical,b8565a27-8a12-4615-9ece-51134c9c96fa,completed,generated_released,True,9673.573,9658.795,10.086,0.013,1453.217,-1064960.0
ULB,FOLLOWUP_ULB_057,A_direct,befe4c55-9ddf-46e4-be59-e76b6663d02e,completed,generated_released,True,6327.33,6322.543,0.0,0.021,1241.228,737280.0
ULB,FOLLOWUP_ULB_060,C_dense,c405cfac-a481-45e2-aec5-cda613fa9abd,suppressed,pre_generation_suppressed,False,9.764,,5.257,,0.0,0.0
ULB,FOLLOWUP_ULB_057,B_dense,c545e37c-b75b-4855-8e23-c5a2104ff01c,completed,generated_released,True,11419.548,11409.145,5.692,0.013,1736.838,1294336.0
ULB,FOLLOWUP_ULB_058,B_dense,cd1a947a-35ed-425a-9ac4-0d7c4633d5ef,completed,generated_released,True,10518.77,10509.018,5.0,0.011,1602.814,3194880.0
ULB,FOLLOWUP_ULB_054,A_direct,d24d08b5-55ce-4594-be4c-78023b10ffb5,completed,generated_released,True,5438.867,5434.517,0.0,0.022,1069.135,3948544.0
ULB,FOLLOWUP_ULB_060,B_lexical,d3dcb8b6-ea71-4646-95d7-23649d903022,completed,generated_released,True,10327.505,10313.403,9.636,0.014,1551.17,901120.0
ULB,FOLLOWUP_ULB_055,A_direct,d4d929b9-214c-4309-8152-886a2d9fd8ec,completed,generated_released,True,9475.139,9470.845,0.0,0.015,1914.692,622592.0
ULB,FOLLOWUP_ULB_058,B_lexical,dbf41320-1408-46d0-b1e8-c742808648bd,completed,generated_released,True,9046.598,9029.61,10.023,0.019,1346.005,688128.0
ULB,FOLLOWUP_ULB_059,A_direct,dc8f00f9-7a03-4bf9-97b6-ff5ebaacb145,completed,generated_released,True,7853.259,7848.59,0.0,0.014,1627.582,18022400.0
ULB,FOLLOWUP_ULB_054,C_dense,e3ad537b-d72d-4421-abf5-2eda3ee21cee,suppressed,pre_generation_suppressed,False,10.339,,5.121,,0.0,0.0
ULB,FOLLOWUP_ULB_052,B_lexical,e4bcb733-c457-4ecb-8212-d0cc312cfcc3,completed,generated_released,True,11084.153,11069.463,10.067,0.014,1688.143,770048.0
ULB,FOLLOWUP_ULB_054,B_lexical,e6f7cdd7-390c-4369-bf00-8b3d62eee80b,completed,generated_released,True,10137.285,10122.372,10.162,0.013,1507.719,1114112.0
ULB,FOLLOWUP_ULB_056,C_lexical,e8b6134d-5da3-4efb-8df6-a96c3edaed17,suppressed,pre_generation_suppressed,False,15.287,,10.14,,0.0,0.0
ULB,FOLLOWUP_ULB_059,C_dense,ebef971c-8d61-40af-bb39-9cd799b6daf3,suppressed,pre_generation_suppressed,False,34.991,,30.315,,0.0,0.0
ULB,FOLLOWUP_ULB_051,C_dense,f6460080-c05f-4d61-8bad-d17d0d961a61,suppressed,pre_generation_suppressed,False,9.848,,4.778,,0.0,0.0
ULB,FOLLOWUP_ULB_059,B_dense,f6eaab12-faed-465a-97c8-341e1f3d33dd,completed,generated_released,True,28141.193,27837.755,296.407,0.833,5996.106,-697679872.0
ULB,FOLLOWUP_ULB_056,B_dense,f898308b-8531-40d9-954d-2ed33ad761ce,completed,generated_released,True,16126.279,16116.079,5.042,0.026,2468.212,1261568.0
ULB,FOLLOWUP_ULB_058,A_direct,fb7e7b32-560f-4b5d-894c-c2468aca977e,completed,generated_released,True,8374.728,8369.972,0.0,0.015,1712.1,-2260992.0
ULB,FOLLOWUP_ULB_069,D_hybrid,0a6f3729-c270-49eb-adf2-0468a8e4d6dd,suppressed,pre_generation_suppressed,False,19.79,,15.444,,0.0,0.0
ULB,FOLLOWUP_ULB_064,C_lexical,0e7bf896-3268-42e0-9839-e14b855e9ecc,suppressed,pre_generation_suppressed,False,14.62,,10.012,,0.0,0.0
ULB,FOLLOWUP_ULB_065,C_lexical,13857caa-9270-4d9c-9be6-b553dc8de733,suppressed,pre_generation_suppressed,False,14.261,,9.678,,0.0,0.0
ULB,FOLLOWUP_ULB_067,C_lexical,13d47d86-cdd9-48dd-ace9-c4482e50d842,suppressed,pre_generation_suppressed,False,16.866,,9.961,,0.0,0.0
ULB,FOLLOWUP_ULB_069,C_lexical,13e5fef6-4929-427a-aceb-e3f957b02632,suppressed,pre_generation_suppressed,False,14.099,,9.492,,0.0,0.0
ULB,FOLLOWUP_ULB_063,B_lexical,172f5070-b297-484a-b199-7114b0d460b1,completed,generated_released,True,9611.86,9597.311,9.752,0.013,1388.102,278528.0
ULB,FOLLOWUP_ULB_062,C_lexical,1bbd9dbe-3bf4-4793-92f4-702d82e11168,suppressed,pre_generation_suppressed,False,14.077,,9.579,,0.0,0.0
ULB,FOLLOWUP_ULB_064,D_hybrid,1db59540-3158-48ee-8bae-2f671c43f9e7,suppressed,pre_generation_suppressed,False,19.244,,14.911,,0.0,0.0
ULB,FOLLOWUP_ULB_065,D_hybrid,244de205-7017-4a79-bf65-b64cd2e0fd71,suppressed,pre_generation_suppressed,False,18.863,,14.482,,0.0,0.0
ULB,FOLLOWUP_ULB_067,C_dense,2a3e53c6-e5da-4031-8a55-a7b2ae5d6c85,suppressed,pre_generation_suppressed,False,10.272,,5.783,,0.0,0.0
ULB,FOLLOWUP_ULB_067,B_lexical,3244a5c5-f154-42c5-b73e-5fbf6d3127e8,completed,generated_released,True,10836.607,10821.981,9.742,0.014,1713.534,4653056.0
ULB,FOLLOWUP_ULB_070,B_lexical,35bc11c1-1877-4a08-a254-980186c1e820,completed,generated_released,True,9006.681,8992.15,9.725,0.019,1416.03,-4489216.0
ULB,FOLLOWUP_ULB_070,C_dense,3758b8d0-cf98-462b-b283-c3e822ebe32a,suppressed,pre_generation_suppressed,False,10.233,,5.999,,0.0,0.0
ULB,FOLLOWUP_ULB_068,C_dense,37954182-8e24-4957-a11c-81507f295d9f,suppressed,pre_generation_suppressed,False,10.894,,6.652,,0.0,0.0
ULB,FOLLOWUP_ULB_069,A_direct,3c8f9272-232d-4874-9eea-4bcb840c362b,completed,generated_released,True,12436.88,12431.921,0.0,0.036,2988.0,-109625344.0
ULB,FOLLOWUP_ULB_069,B_dense,44adaf47-8121-499a-971e-3f025d45e32e,completed,generated_released,True,11343.528,11079.271,258.089,0.013,1663.096,3801088.0
ULB,FOLLOWUP_ULB_066,A_direct,4fe9caf1-c4dc-4aed-ac7e-b51c3ef5eec7,completed,generated_released,True,7179.386,7174.757,0.0,0.027,1402.761,3391488.0
ULB,FOLLOWUP_ULB_063,A_direct,51d47de5-2001-474a-9685-e98d5c4c6324,completed,generated_released,True,8051.144,8046.396,0.0,0.014,1580.201,-4030464.0
ULB,FOLLOWUP_ULB_061,B_dense,5273ecff-4b5d-41d3-aea3-951db681ebf1,completed,generated_released,True,11117.081,11106.498,5.805,0.021,1638.139,-4341760.0
ULB,FOLLOWUP_ULB_064,C_dense,5a41ccb5-acdf-4045-9872-5fd6376c4a48,suppressed,pre_generation_suppressed,False,9.855,,5.715,,0.0,0.0
ULB,FOLLOWUP_ULB_061,A_direct,5a77a935-14d7-472f-a01d-b78bed29315a,completed,generated_released,True,6255.753,6251.435,0.0,0.021,1203.488,-360448.0
ULB,FOLLOWUP_ULB_070,D_hybrid,5f474df1-a911-40d3-a7fc-d6b525a89fae,suppressed,pre_generation_suppressed,False,21.076,,16.712,,0.0,0.0
ULB,FOLLOWUP_ULB_067,A_direct,602d6450-22f7-4e18-9ea2-d441336c3a15,completed,generated_released,True,9615.644,9611.37,0.0,0.015,1954.147,-18612224.0
ULB,FOLLOWUP_ULB_066,B_lexical,60f693a2-3e95-4bc1-849a-4d8c00147485,completed,generated_released,True,11125.446,11111.375,9.572,0.017,1658.362,-32768.0
ULB,FOLLOWUP_ULB_061,D_hybrid,779e6bed-b5e5-4834-ae6b-09646cc6fd41,suppressed,pre_generation_suppressed,False,19.542,,15.184,,0.0,0.0
ULB,FOLLOWUP_ULB_066,D_hybrid,7862d087-e291-4dc6-82eb-90fbc458664f,suppressed,pre_generation_suppressed,False,19.296,,14.719,,0.0,0.0
ULB,FOLLOWUP_ULB_062,D_hybrid,79df3a41-3c07-403a-9690-a74b12a312bb,suppressed,pre_generation_suppressed,False,18.734,,14.424,,0.0,0.0
ULB,FOLLOWUP_ULB_068,A_direct,79e20b9b-e335-4ed2-80ab-9740552265c9,completed,generated_released,True,7332.329,7327.887,0.0,0.015,1419.594,3948544.0
ULB,FOLLOWUP_ULB_069,B_lexical,79eacf53-293f-4302-8505-98553377f599,completed,generated_released,True,12837.824,12815.642,15.122,0.014,2350.862,3342336.0
ULB,FOLLOWUP_ULB_062,A_direct,824414ea-6975-435f-9f80-d81d3fa726b1,completed,generated_released,True,7980.47,7976.113,0.0,0.011,1569.624,1359872.0
ULB,FOLLOWUP_ULB_062,B_lexical,83e4dcf2-aef8-4f60-9b7e-b8eda48826b1,completed,generated_released,True,10039.883,10025.512,9.648,0.013,1452.608,1441792.0
ULB,FOLLOWUP_ULB_062,C_dense,8d893007-f447-4d26-baa7-841225d5c521,suppressed,pre_generation_suppressed,False,10.153,,5.987,,0.0,0.0
ULB,FOLLOWUP_ULB_067,B_dense,8f893222-ec57-4eed-8fdb-69bcca350910,completed,generated_released,True,11629.615,11617.796,7.053,0.014,1847.246,983040.0
ULB,FOLLOWUP_ULB_068,B_dense,9443a40a-4af9-44c9-88ee-5ac4b58d7f8c,completed,generated_released,True,9987.785,9975.73,6.993,0.024,1440.804,3948544.0
ULB,FOLLOWUP_ULB_063,B_dense,97a04d6f-600e-46f9-90e5-65d898f03642,completed,generated_released,True,11304.173,11293.837,5.641,0.014,1678.685,32768.0
ULB,FOLLOWUP_ULB_065,C_dense,9bd64b64-6cfe-46fa-9ce0-7bfc338d66aa,suppressed,pre_generation_suppressed,False,10.181,,5.927,,0.0,0.0
ULB,FOLLOWUP_ULB_070,B_dense,9d6b5a37-9823-43a0-9a4d-0646cfa1bae9,completed,generated_released,True,9552.755,9542.208,5.804,0.014,1401.946,3768320.0
ULB,FOLLOWUP_ULB_066,C_lexical,9dcbe7a7-66bf-46b5-a6da-42af6eff40a6,suppressed,pre_generation_suppressed,False,14.967,,10.2,,0.0,0.0
ULB,FOLLOWUP_ULB_063,C_lexical,a64853b4-202a-463c-af83-7959d2b87588,suppressed,pre_generation_suppressed,False,14.161,,9.626,,0.0,0.0
ULB,FOLLOWUP_ULB_064,B_dense,ab2c0061-7f13-432c-950f-d08db49d75d0,completed,generated_released,True,11778.038,11767.901,5.395,0.018,1762.897,-1458176.0
ULB,FOLLOWUP_ULB_062,B_dense,ac864865-e775-433c-8e1d-b0bf587ef89b,completed,generated_released,True,9669.205,9658.638,5.834,0.013,1413.606,1163264.0
ULB,FOLLOWUP_ULB_070,C_lexical,ad406438-6790-44a2-8b7e-f033f8484fc1,suppressed,pre_generation_suppressed,False,14.421,,9.71,,0.0,0.0
ULB,FOLLOWUP_ULB_064,A_direct,b08142b3-6675-4612-ba02-ee4f40957b10,completed,generated_released,True,8220.88,8216.494,0.0,0.014,1671.023,802816.0
ULB,FOLLOWUP_ULB_063,C_dense,b0c21180-0f36-4b36-9514-d2a86753578b,suppressed,pre_generation_suppressed,False,10.444,,6.286,,0.0,0.0
ULB,FOLLOWUP_ULB_061,C_lexical,b3a4c791-cd07-45d7-aefa-7e3dfa1e9b5d,suppressed,pre_generation_suppressed,False,14.619,,10.086,,0.0,0.0
ULB,FOLLOWUP_ULB_061,B_lexical,b79c1574-94b9-46fe-a3b9-cbdc27a9aa29,completed,generated_released,True,11179.783,11164.934,10.082,0.022,1646.185,344064.0
ULB,FOLLOWUP_ULB_065,B_lexical,bc34eacd-7663-4735-aa25-daa831f1e311,completed,generated_released,True,10583.872,10569.786,9.589,0.02,1546.612,688128.0
ULB,FOLLOWUP_ULB_065,B_dense,c0e3035c-b380-4376-816b-e465c9092ca1,completed,generated_released,True,11923.22,11912.272,6.171,0.015,1777.06,4489216.0
ULB,FOLLOWUP_ULB_064,B_lexical,c51fe0c4-3f03-44db-972d-266f92b8e689,completed,generated_released,True,11657.899,11643.332,9.745,0.014,1756.931,4407296.0
ULB,FOLLOWUP_ULB_066,B_dense,c91277ac-0114-46f9-b426-fbbc71d4bf68,completed,generated_released,True,10747.311,10736.553,5.941,0.014,1596.696,-2392064.0
ULB,FOLLOWUP_ULB_067,D_hybrid,d44d43ff-1fef-4963-968e-6b069dcff084,suppressed,pre_generation_suppressed,False,18.587,,14.308,,0.0,0.0
ULB,FOLLOWUP_ULB_068,C_lexical,d6d018e4-ce48-49a2-8c17-4e5e57f06c93,suppressed,pre_generation_suppressed,False,14.254,,9.666,,0.0,0.0
ULB,FOLLOWUP_ULB_063,D_hybrid,daf5ed20-5578-4668-b7ad-546e9d25eda5,suppressed,pre_generation_suppressed,False,18.655,,14.392,,0.0,0.0
ULB,FOLLOWUP_ULB_061,C_dense,e037bfe6-4a9d-4e6d-b62a-e50baa0afc1b,suppressed,pre_generation_suppressed,False,10.147,,5.968,,0.0,0.0
ULB,FOLLOWUP_ULB_066,C_dense,e15e0fb8-7795-43f0-94e7-2683ac4803f7,suppressed,pre_generation_suppressed,False,10.246,,5.852,,0.0,0.0
ULB,FOLLOWUP_ULB_069,C_dense,ea6ee2f6-f6b1-4089-8bd7-66d5e0f5de93,suppressed,pre_generation_suppressed,False,10.08,,5.952,,0.0,0.0
ULB,FOLLOWUP_ULB_070,A_direct,f2ee946c-5c94-4599-94e3-fcfc70c1f1d3,completed,generated_released,True,9319.461,9314.881,0.0,0.016,1934.727,901120.0
ULB,FOLLOWUP_ULB_068,B_lexical,f9afef50-ac16-4b56-8d84-ec87701dab20,completed,generated_released,True,13185.9,13171.315,9.827,0.021,1996.082,-2686976.0
ULB,FOLLOWUP_ULB_065,A_direct,fa4e762b-17c6-463d-b9fb-b384476b17be,completed,generated_released,True,8903.99,8899.589,0.0,0.014,1746.945,1540096.0
ULB,FOLLOWUP_ULB_068,D_hybrid,ffcb0d79-dce8-4dbe-9162-821271a8f5c5,suppressed,pre_generation_suppressed,False,18.881,,14.506,,0.0,0.0
ULB,FOLLOWUP_ULB_080,D_hybrid,0d0b3ff4-8c2f-4d5d-8636-41cffff23bb3,suppressed,pre_generation_suppressed,False,19.933,,15.742,,0.0,0.0
ULB,FOLLOWUP_ULB_077,B_lexical,0f38d229-15e9-4433-9c2d-54d987b85cb5,completed,generated_released,True,12710.387,12695.819,9.76,0.026,1934.014,-163840.0
ULB,FOLLOWUP_ULB_077,B_dense,15238039-9257-4305-bd3f-7e48b627f013,completed,generated_released,True,9960.864,9951.642,4.558,0.014,1465.306,360448.0
ULB,FOLLOWUP_ULB_078,C_dense,16b4cbeb-e5d5-4fc0-967d-c0775fb816b2,suppressed,pre_generation_suppressed,False,9.558,,5.036,,0.0,0.0
ULB,FOLLOWUP_ULB_079,C_dense,19f3cd64-64e5-4d17-a6d0-b574f9c916f0,suppressed,pre_generation_suppressed,False,303.008,,298.252,,0.0,0.0
ULB,FOLLOWUP_ULB_080,C_dense,2676e60a-52f4-4ecd-80e7-34e802d88acd,suppressed,pre_generation_suppressed,False,9.662,,4.854,,0.0,0.0
ULB,FOLLOWUP_ULB_076,C_dense,288d2b57-a49a-4a4d-9f85-6cf66bfd09db,suppressed,pre_generation_suppressed,False,8.985,,4.866,,0.0,0.0
ULB,FOLLOWUP_ULB_078,A_direct,2b1eb444-c8eb-45ec-96e0-36b6a6fb3c7b,completed,generated_released,True,8740.025,8735.693,0.0,0.015,1998.638,-4308992.0
ULB,FOLLOWUP_ULB_072,B_lexical,2feb9b45-272a-440a-b252-2e5596579503,completed,generated_released,True,8545.005,8531.092,9.546,0.012,1240.301,786432.0
ULB,FOLLOWUP_ULB_078,D_hybrid,30631e1e-cb68-4ca0-8c46-bda8b17724fd,suppressed,pre_generation_suppressed,False,18.918,,14.682,,0.0,0.0
ULB,FOLLOWUP_ULB_076,D_hybrid,3b1f310b-44ab-473e-a1c0-ab734ef07e3d,suppressed,pre_generation_suppressed,False,19.542,,15.108,,0.0,0.0
ULB,FOLLOWUP_ULB_075,A_direct,3f2d3ddc-b751-4713-b21c-c56652f0c6ce,completed,generated_released,True,8020.844,8015.908,0.0,0.023,1585.18,-1015808.0
ULB,FOLLOWUP_ULB_076,C_lexical,41359aac-7943-48f2-a4d5-3f9dd6329749,suppressed,pre_generation_suppressed,False,14.21,,9.649,,0.0,0.0
ULB,FOLLOWUP_ULB_073,C_dense,45420b01-0c05-49ed-97fe-1641ea4f40db,suppressed,pre_generation_suppressed,False,9.61,,5.056,,0.0,0.0
ULB,FOLLOWUP_ULB_075,C_lexical,4d858edf-87db-4d33-aa57-41fb60d0035b,suppressed,pre_generation_suppressed,False,16.953,,10.13,,0.0,0.0
ULB,FOLLOWUP_ULB_072,A_direct,4e75e5db-bdd1-4bfb-9836-54ede1f7a0c6,completed,generated_released,True,8090.239,8085.746,0.0,0.014,1596.033,1245184.0
ULB,FOLLOWUP_ULB_076,B_lexical,5110bed7-399e-4d82-8c76-033e57f6a02c,completed,generated_released,True,9499.661,9485.217,9.78,0.013,1382.201,-2162688.0
ULB,FOLLOWUP_ULB_080,B_lexical,51a63635-a0c5-4daf-aab1-836237cfb9a5,completed,generated_released,True,10766.886,10752.45,9.686,0.013,1587.589,2408448.0
ULB,FOLLOWUP_ULB_079,B_lexical,5b4d9ef0-58b3-4e86-9fd8-57e4210a0513,completed,generated_released,True,12771.059,12747.315,12.69,0.028,1949.422,10371072.0
ULB,FOLLOWUP_ULB_077,C_dense,5e8014d9-a787-4791-adbc-c7cb341c1d39,suppressed,pre_generation_suppressed,False,9.514,,5.018,,0.0,0.0
ULB,FOLLOWUP_ULB_073,B_lexical,5f0516a7-bfc5-4a28-b67e-f0eb1d8ceb2e,completed,generated_released,True,10671.621,10656.884,9.652,0.013,1565.252,4014080.0
ULB,FOLLOWUP_ULB_075,C_dense,6473550a-68e6-4112-ac1b-35119deabb73,suppressed,pre_generation_suppressed,False,9.25,,4.807,,0.0,0.0
ULB,FOLLOWUP_ULB_078,C_lexical,679b441b-e77a-4308-9ecb-2f6b564225ba,suppressed,pre_generation_suppressed,False,14.566,,9.906,,0.0,0.0
ULB,FOLLOWUP_ULB_075,B_lexical,6d029999-7c42-4fa4-aeae-0ebb67b38a66,completed,generated_released,True,12698.203,12683.053,9.688,0.018,1909.362,2195456.0
ULB,FOLLOWUP_ULB_074,C_lexical,737b39a0-9bdb-4e65-a58f-5680e2d43825,suppressed,pre_generation_suppressed,False,14.472,,9.981,,0.0,0.0
ULB,FOLLOWUP_ULB_079,A_direct,848968c2-e236-4524-a005-56fcbf72a9bc,completed,generated_released,True,14303.13,14298.299,0.0,0.486,3227.527,-296615936.0
ULB,FOLLOWUP_ULB_077,C_lexical,8b08e23a-d609-4e88-8ec7-fe022e162b46,suppressed,pre_generation_suppressed,False,14.661,,10.088,,0.0,0.0
ULB,FOLLOWUP_ULB_074,B_lexical,8c7cef04-b3ee-4b9c-aa95-df5515093cc6,completed,generated_released,True,9363.448,9348.797,9.574,0.012,1365.928,4636672.0
ULB,FOLLOWUP_ULB_073,B_dense,8f73ccdf-2c33-422c-ba9d-e7c8be016713,completed,generated_released,True,9249.588,9239.785,4.817,0.013,1356.74,196608.0
ULB,FOLLOWUP_ULB_072,C_dense,976f4735-214f-43ef-a916-65f95780dd9a,suppressed,pre_generation_suppressed,False,9.925,,5.784,,0.0,0.0
ULB,FOLLOWUP_ULB_074,D_hybrid,98f2946b-9f06-4c99-a703-5f8e7c4f37fd,suppressed,pre_generation_suppressed,False,21.41,,17.174,,0.0,0.0
ULB,FOLLOWUP_ULB_078,B_lexical,9be4ee8e-607d-47a0-9a95-07d2ce4dc7f2,completed,generated_released,True,8367.039,8352.906,9.639,0.026,1230.66,-6832128.0
ULB,FOLLOWUP_ULB_073,D_hybrid,9c6c1d09-cb03-458c-8fec-cc7dd43ade82,suppressed,pre_generation_suppressed,False,19.192,,15.025,,0.0,0.0
ULB,FOLLOWUP_ULB_071,C_dense,9e0bf4b1-b5fb-4a49-8348-2245a27fcecd,suppressed,pre_generation_suppressed,False,8.788,,4.688,,0.0,0.0
ULB,FOLLOWUP_ULB_075,B_dense,a1124031-3468-40e4-b4e7-7bd00bc06d7a,completed,generated_released,True,12003.199,11993.271,4.983,0.019,1807.81,-3358720.0
ULB,FOLLOWUP_ULB_080,A_direct,aa30d3cd-1cb3-4bbc-bdcb-535fcbf6dc66,completed,generated_released,True,8073.148,8068.493,0.0,0.016,1594.683,3047424.0
ULB,FOLLOWUP_ULB_077,D_hybrid,ab2e16f5-22f3-40b9-9408-f3a5aec1da90,suppressed,pre_generation_suppressed,False,18.227,,14.013,,0.0,0.0
ULB,FOLLOWUP_ULB_074,B_dense,b2baf4f8-a81c-437f-9434-595131fa9fd7,completed,generated_released,True,9224.372,9214.377,5.034,0.02,1369.476,1114112.0
ULB,FOLLOWUP_ULB_072,B_dense,b5596cee-bc7d-4887-a017-e44611023b81,completed,generated_released,True,11060.959,11051.367,4.508,0.022,1668.022,1163264.0
ULB,FOLLOWUP_ULB_073,C_lexical,ba50429a-c85d-4a4b-ad4a-b0c0fa465694,suppressed,pre_generation_suppressed,False,15.6,,10.721,,0.0,0.0
ULB,FOLLOWUP_ULB_071,D_hybrid,c0bd3e93-c05b-41a2-873a-6d3d0a997a52,suppressed,pre_generation_suppressed,False,19.542,,15.379,,0.0,0.0
ULB,FOLLOWUP_ULB_072,C_lexical,c2e618e7-c751-4eaf-82e3-259bcf23f711,suppressed,pre_generation_suppressed,False,14.581,,9.983,,0.0,0.0
ULB,FOLLOWUP_ULB_080,C_lexical,c64f44cb-648c-4f8d-ba55-b4c574a3fac3,suppressed,pre_generation_suppressed,False,15.435,,10.08,,0.0,0.0
ULB,FOLLOWUP_ULB_074,C_dense,c6925a62-fe6f-47ec-94d8-223d089c7be2,suppressed,pre_generation_suppressed,False,9.086,,4.917,,0.0,0.0
ULB,FOLLOWUP_ULB_074,A_direct,cc566806-8964-4c49-839c-3be26f91e1cf,completed,generated_released,True,9335.047,9330.926,0.0,0.016,1882.461,671744.0
ULB,FOLLOWUP_ULB_079,B_dense,db989bfc-f052-40e7-a3b2-9e9b3071da2e,completed,generated_released,True,12129.125,12101.009,23.282,0.021,1830.421,1851392.0
ULB,FOLLOWUP_ULB_071,B_dense,e084fe87-9c77-4ccb-b23b-910be454e4a6,completed,generated_released,True,11773.829,11763.967,5.183,0.021,1760.309,917504.0
ULB,FOLLOWUP_ULB_079,D_hybrid,e68cda2c-b348-40f9-a1c6-47caa5b9b94a,suppressed,pre_generation_suppressed,False,23.986,,19.383,,0.0,0.0
ULB,FOLLOWUP_ULB_071,C_lexical,e937ec73-07e1-4b96-952f-5712bae7c06d,suppressed,pre_generation_suppressed,False,14.772,,9.622,,0.0,0.0
ULB,FOLLOWUP_ULB_071,A_direct,ea948a93-26d8-4fac-a8b8-f0e2ee3d4f21,completed,generated_released,True,9490.645,9486.391,0.0,0.023,1876.584,2965504.0
ULB,FOLLOWUP_ULB_071,B_lexical,eade08fc-5f3f-4827-b071-9ff1ee4eedc4,completed,generated_released,True,10640.646,10625.916,10.035,0.016,1567.137,2523136.0
ULB,FOLLOWUP_ULB_076,A_direct,ecd227e8-ea38-4e94-8b7d-10b7154d12e7,completed,generated_released,True,8977.283,8972.899,0.0,0.013,1794.168,1130496.0
ULB,FOLLOWUP_ULB_076,B_dense,edf590b7-a5db-470c-a7f2-9e47a23db542,completed,generated_released,True,12612.663,12602.835,4.809,0.019,1924.648,1409024.0
ULB,FOLLOWUP_ULB_075,D_hybrid,eef01189-c3da-4f0d-b3b4-f42de4781696,suppressed,pre_generation_suppressed,False,19.166,,14.718,,0.0,0.0
ULB,FOLLOWUP_ULB_079,C_lexical,f1c9d179-2e03-4d7e-bcd0-d39020af8285,suppressed,pre_generation_suppressed,False,14.429,,10.003,,0.0,0.0
ULB,FOLLOWUP_ULB_073,A_direct,f579ad2c-05da-4536-8b77-b254fd55b241,completed,generated_released,True,8484.029,8479.714,0.0,0.013,1675.043,114688.0
ULB,FOLLOWUP_ULB_078,B_dense,f5afce80-3f31-481c-adf1-8f27af1143b6,completed,generated_released,True,9632.524,9622.086,5.021,0.013,1551.168,1409024.0
ULB,FOLLOWUP_ULB_077,A_direct,fae42e32-6feb-45a6-a5a2-57e2a15be87b,completed,generated_released,True,8614.142,8609.908,0.0,0.013,1718.551,-5259264.0
ULB,FOLLOWUP_ULB_072,D_hybrid,fb3580ed-31cd-4169-bd53-7fe35dbb1b40,suppressed,pre_generation_suppressed,False,19.23,,15.116,,0.0,0.0
ULB,FOLLOWUP_ULB_080,B_dense,fbc6f69c-eecc-4f21-82dd-611d93074f1e,completed,generated_released,True,9447.108,9437.709,4.651,0.012,1392.961,-2703360.0
ULB,FOLLOWUP_ULB_090,C_dense,009a8349-f8dc-442a-ae92-5893e07c20e9,blocked,generated_blocked,True,12699.334,12689.114,5.17,0.025,1940.058,-2228224.0
ULB,FOLLOWUP_ULB_081,B_dense,056f0214-881a-4340-98b5-99497433c8ca,completed,generated_released,True,6632.007,6621.709,4.956,0.019,915.494,16384.0
ULB,FOLLOWUP_ULB_084,C_dense,07c303fe-3c00-4b44-a62f-b430074b94f2,blocked,generated_blocked,True,7737.693,7724.433,6.467,0.026,1092.804,1015808.0
ULB,FOLLOWUP_ULB_086,B_dense,128a350a-722d-4c0f-a373-6fc00193aff2,completed,generated_released,True,11897.22,11886.69,5.873,0.012,1809.682,720896.0
ULB,FOLLOWUP_ULB_083,C_lexical,130fb691-96c8-4784-bbaf-2e3df916b568,blocked,generated_blocked,True,10496.043,10480.818,10.401,0.038,1566.903,851968.0
ULB,FOLLOWUP_ULB_084,A_direct,154ac2dd-2174-4644-83bd-851e332bb614,completed,generated_released,True,8415.782,8411.258,0.0,0.013,1734.787,1458176.0
ULB,FOLLOWUP_ULB_085,B_dense,17ffec8f-2aec-4618-89dc-8734aed63e7f,completed,generated_released,True,12626.616,12617.106,4.704,0.024,1926.621,737280.0
ULB,FOLLOWUP_ULB_088,D_hybrid,1e858f0e-79e7-4a43-bfa6-02da17d5cc58,blocked,generated_blocked,True,8713.524,8694.726,14.39,0.04,1232.21,0.0
ULB,FOLLOWUP_ULB_089,B_dense,203f4f66-e425-4371-af63-3cb5c4b23525,completed,generated_released,True,44488.431,44176.65,298.064,2.46,9128.67,-696516608.0
ULB,FOLLOWUP_ULB_087,B_lexical,288c8c93-44c7-4ada-966d-b89778dd145c,completed,generated_released,True,9327.276,9311.801,10.174,0.022,1531.482,3801088.0
ULB,FOLLOWUP_ULB_090,D_hybrid,2948ff5e-ff50-426d-b8f0-5c6859374a23,blocked,generated_blocked,True,11241.583,11221.796,14.912,0.036,1660.817,3571712.0
ULB,FOLLOWUP_ULB_089,B_lexical,31d5c83e-2869-442b-9899-0f92017a2107,completed,generated_released,True,11673.815,11657.839,10.557,0.029,1758.453,4194304.0
ULB,FOLLOWUP_ULB_084,D_hybrid,3c066cbd-74fb-4eb4-bc15-4b30bfafee36,blocked,generated_blocked,True,12057.843,12037.703,15.388,0.038,1772.529,3719168.0
ULB,FOLLOWUP_ULB_081,D_hybrid,3cfeba4f-cb6f-4aba-ad34-b1b310ab97c5,suppressed,pre_generation_suppressed,False,18.806,,14.604,,0.0,0.0
ULB,FOLLOWUP_ULB_090,A_direct,43789d3d-4915-45d0-bbc4-f81a0b9903bc,completed,generated_released,True,7733.261,7728.33,0.0,0.017,1539.369,-2162688.0
ULB,FOLLOWUP_ULB_090,B_dense,4d72622a-7dc7-4838-b60a-b167178bf4d1,completed,generated_released,True,11001.293,10991.889,4.59,0.021,1666.495,704512.0
ULB,FOLLOWUP_ULB_082,B_lexical,4efc581f-8dc2-4bbd-b03a-e2d689948ff7,completed,generated_released,True,12428.888,12414.223,9.681,0.014,1930.286,-2211840.0
ULB,FOLLOWUP_ULB_088,C_lexical,5498e7f7-fdc9-45e3-a4ae-5635e95c1750,blocked,generated_blocked,True,10485.258,10470.274,10.11,0.021,1559.278,3014656.0
ULB,FOLLOWUP_ULB_089,C_lexical,54fcd7ff-3f7e-4210-b6b2-2a2106e118a5,blocked,generated_blocked,True,10909.089,10777.959,54.884,0.246,1569.67,24936448.0
ULB,FOLLOWUP_ULB_083,B_lexical,571f1df2-1037-48a5-baec-b287bd907265,completed,generated_released,True,8796.716,8781.725,10.188,0.018,1279.29,3309568.0
ULB,FOLLOWUP_ULB_085,D_hybrid,5aef863f-c6ab-45a6-97ec-46adec265381,blocked,generated_blocked,True,8262.417,8243.068,14.635,0.023,1176.028,704512.0
ULB,FOLLOWUP_ULB_087,A_direct,5ca060be-4179-4c8c-b0f7-b5e5689d9b45,completed,generated_released,True,8214.511,8210.071,0.0,0.016,1836.446,671744.0
ULB,FOLLOWUP_ULB_086,D_hybrid,5ec987cd-14b1-4096-b9d4-0ac82cf46fe6,blocked,generated_blocked,True,9762.5,9742.711,14.464,0.045,1407.623,-2228224.0
ULB,FOLLOWUP_ULB_083,A_direct,636544f4-78f7-4744-9a33-b375606db0fa,completed,generated_released,True,8967.527,8962.512,0.0,0.014,1804.484,-2211840.0
ULB,FOLLOWUP_ULB_086,B_lexical,6b7e7418-0070-4ed3-9ba0-5c16ce6836c3,completed,generated_released,True,11628.545,11613.395,10.032,0.014,1763.63,-1802240.0
ULB,FOLLOWUP_ULB_084,C_lexical,6c828fab-d6ad-4464-aa9b-e3ed33f3a201,blocked,generated_blocked,True,10946.213,10931.455,10.09,0.035,1615.711,737280.0
ULB,FOLLOWUP_ULB_087,B_dense,6cd8b5bc-877c-4c42-9636-945ee2c4de6e,completed,generated_released,True,11108.562,11098.62,5.001,0.014,1690.196,688128.0
ULB,FOLLOWUP_ULB_088,A_direct,6eeb4e31-57df-4c58-8174-d03f88b15fd0,completed,generated_released,True,8191.925,8187.346,0.0,0.013,1641.402,0.0
ULB,FOLLOWUP_ULB_085,A_direct,7bdbc4e0-0b14-4f29-b4e7-46b3bf4b8987,completed,generated_released,True,9099.476,9094.572,0.0,0.014,1834.706,753664.0
ULB,FOLLOWUP_ULB_081,C_lexical,7f55624d-4235-484e-8290-03487daa4948,suppressed,pre_generation_suppressed,False,14.646,,10.122,,0.0,0.0
ULB,FOLLOWUP_ULB_082,A_direct,8305c6e5-c8af-4e2e-8ceb-005b9065c35e,completed,generated_released,True,8157.425,8152.748,0.0,0.013,1616.201,720896.0
ULB,FOLLOWUP_ULB_087,C_lexical,89668112-887d-4fc7-b9f5-f4924101860c,blocked,generated_blocked,True,11170.006,11154.776,9.772,0.035,1702.585,786432.0
ULB,FOLLOWUP_ULB_084,B_dense,8c52ba9c-970f-4e02-88be-00be73cdd797,completed,generated_released,True,12597.699,12586.48,5.943,0.021,1915.935,1064960.0
ULB,FOLLOWUP_ULB_083,B_dense,8ea841c9-8a72-4762-a658-43aab2a00837,completed,generated_released,True,10006.73,9997.097,4.869,0.016,1510.897,3620864.0
ULB,FOLLOWUP_ULB_086,C_lexical,8f8e9215-e45a-4fc7-945a-95df50e02ba1,blocked,generated_blocked,True,8936.838,8922.046,9.662,0.032,1277.45,1048576.0
ULB,FOLLOWUP_ULB_086,A_direct,8ff72207-6451-4ffb-a357-bdb23d3e8eb2,completed,generated_released,True,8863.105,8857.857,0.0,0.013,1787.419,3883008.0
ULB,FOLLOWUP_ULB_089,D_hybrid,9b4ac04d-852a-4dc5-aabd-f5eb6cde1baf,blocked,generated_blocked,True,10455.079,10432.223,17.446,0.035,1508.878,4194304.0
ULB,FOLLOWUP_ULB_083,D_hybrid,9b7251b6-fe52-462f-a25f-39db47f29234,blocked,generated_blocked,True,10309.78,10289.625,15.355,0.039,1508.987,819200.0
ULB,FOLLOWUP_ULB_085,C_dense,a803cc31-9fc0-44fe-90a3-4dca2e36ccd9,blocked,generated_blocked,True,9956.945,9946.95,5.202,0.036,1471.732,737280.0
ULB,FOLLOWUP_ULB_085,B_lexical,ac452dbb-8cb2-4564-aa19-7b3c09a097ec,completed,generated_released,True,10589.439,10573.776,10.552,0.028,1579.985,737280.0
ULB,FOLLOWUP_ULB_084,B_lexical,b011fda2-15c9-4a99-8c4c-d5e59ae01543,completed,generated_released,True,11933.587,11917.977,10.105,0.016,1805.388,983040.0
ULB,FOLLOWUP_ULB_082,B_dense,b8811253-4edc-4bc5-bb86-0b7c64720d12,completed,generated_released,True,10313.617,10303.292,4.765,0.016,1564.66,737280.0
ULB,FOLLOWUP_ULB_089,C_dense,baa3bf26-60d7-4536-8df8-bf6e30407423,blocked,generated_blocked,True,10929.048,10705.595,211.471,0.039,1595.14,3047424.0
ULB,FOLLOWUP_ULB_082,C_lexical,bb259935-e993-49df-a33c-d3c8630863e0,suppressed,pre_generation_suppressed,False,16.217,,10.345,,0.0,0.0
ULB,FOLLOWUP_ULB_083,C_dense,bca9fa2d-7eeb-4d59-8f5f-0357da11feac,blocked,generated_blocked,True,12034.632,12024.219,4.809,0.038,1836.631,786432.0
ULB,FOLLOWUP_ULB_088,B_dense,c0aa9362-9be4-4fc6-be56-c19c5c7e0e4a,completed,generated_released,True,9522.208,9511.676,5.113,0.014,1433.575,32768.0
ULB,FOLLOWUP_ULB_087,D_hybrid,c9026df3-2268-479f-8420-6a616162d234,blocked,generated_blocked,True,9464.618,9445.221,14.648,0.027,1359.998,819200.0
ULB,FOLLOWUP_ULB_081,B_lexical,cb6925bb-e5a5-4fcc-8093-8cda57401f48,completed,generated_released,True,10870.36,10856.041,9.668,0.013,1638.192,98304.0
ULB,FOLLOWUP_ULB_090,B_lexical,ceb71b29-9906-4cd4-86ab-9f78043c2d0c,completed,generated_released,True,10038.511,10023.667,10.064,0.016,1488.52,704512.0
ULB,FOLLOWUP_ULB_082,C_dense,ceda0da6-884d-479c-b4a5-22df4307a1de,suppressed,pre_generation_suppressed,False,9.955,,5.397,,0.0,0.0
ULB,FOLLOWUP_ULB_085,C_lexical,d2db18c2-6cee-468f-9da8-88a0fb96c085,blocked,generated_blocked,True,10300.021,10285.312,9.97,0.041,1526.457,1196032.0
ULB,FOLLOWUP_ULB_086,C_dense,d3307d69-b4ab-441e-b31a-dac3055899de,blocked,generated_blocked,True,10773.044,10762.698,5.293,0.036,1602.162,1015808.0
ULB,FOLLOWUP_ULB_081,A_direct,e1e382fb-4d45-45bf-83d4-3aa432839a9d,completed,generated_released,True,8179.78,8175.474,0.0,0.013,1643.286,147456.0
ULB,FOLLOWUP_ULB_081,C_dense,e4d1b3a7-69f4-4234-9860-a23feeb32159,suppressed,pre_generation_suppressed,False,9.619,,5.082,,0.0,0.0
ULB,FOLLOWUP_ULB_089,A_direct,ea4d2788-3266-40a9-85fd-c4c8cc6e01b6,completed,generated_released,True,8628.183,8623.669,0.0,0.018,1747.99,-1736704.0
ULB,FOLLOWUP_ULB_090,C_lexical,ec33a440-e68e-4ae3-b47f-dbbc8466273e,blocked,generated_blocked,True,7751.998,7737.541,9.73,0.023,1096.614,835584.0
ULB,FOLLOWUP_ULB_087,C_dense,edd8cd7f-4e0f-4ce1-9616-d2af232465ef,blocked,generated_blocked,True,10219.545,10209.502,4.928,0.026,1526.749,737280.0
ULB,FOLLOWUP_ULB_082,D_hybrid,efc3ec05-975f-48f6-bebc-919a670e8597,suppressed,pre_generation_suppressed,False,19.036,,14.516,,0.0,0.0
ULB,FOLLOWUP_ULB_088,B_lexical,f23034eb-040e-4c03-a466-019994f12ffc,completed,generated_released,True,11782.79,11767.947,10.159,0.028,1811.842,-2981888.0
ULB,FOLLOWUP_ULB_088,C_dense,f974fec7-c305-40b1-be41-8fb8bed29b2a,blocked,generated_blocked,True,10392.135,10382.664,4.753,0.025,1537.432,32768.0
ULB,FOLLOWUP_ULB_091,C_dense,02850513-853f-4bd5-a066-9d43f99d69e0,blocked,generated_blocked,True,10563.355,10553.64,4.889,0.044,1571.761,802816.0
ULB,FOLLOWUP_ULB_092,A_direct,067420d9-e8cb-4ab2-9dee-8486ff668e27,completed,generated_released,True,7845.306,7840.761,0.0,0.012,1517.884,-2703360.0
ULB,FOLLOWUP_ULB_100,B_dense,0696ad53-6a21-4491-91e1-191a3b6db968,completed,generated_released,True,9418.242,9408.527,5.026,0.013,1372.62,-2850816.0
ULB,FOLLOWUP_ULB_096,B_dense,0e2809db-70f0-484e-89ae-f52a4dec0f94,completed,generated_released,True,9780.858,9771.279,4.911,0.011,1432.233,737280.0
ULB,FOLLOWUP_ULB_097,C_dense,0f77ab7e-cc10-48b2-8df8-61302209c60a,blocked,generated_blocked,True,11027.229,11017.504,4.952,0.044,1629.549,753664.0
ULB,FOLLOWUP_ULB_100,D_hybrid,1745e637-4697-4935-ad12-5d2369f481ca,blocked,generated_blocked,True,12958.91,12939.462,14.671,0.025,1915.645,1277952.0
ULB,FOLLOWUP_ULB_093,B_dense,18ea33cd-cd91-4d61-b543-0bac18f7ee3c,completed,generated_released,True,12132.343,12122.728,4.844,0.014,1827.914,-15155200.0
ULB,FOLLOWUP_ULB_099,B_lexical,19a6003c-f43a-4b93-8ae7-09db2e208b02,completed,generated_released,True,10624.765,10567.553,51.371,0.014,1665.984,6995968.0
ULB,FOLLOWUP_ULB_092,C_dense,1d73cc4b-fe1d-4b1b-93c5-130c0edf8d57,blocked,generated_blocked,True,10382.181,10372.335,5.072,0.034,1536.231,753664.0
ULB,FOLLOWUP_ULB_097,D_hybrid,23cbeec0-2492-4b26-9495-24dd3f11e76a,completed,generated_released,True,12003.318,11983.241,15.319,0.059,1770.722,1196032.0
ULB,FOLLOWUP_ULB_096,C_dense,24ef5ca5-c276-461b-a6ad-a7252d302b85,blocked,generated_blocked,True,3691.706,3682.342,4.66,0.024,419.401,3866624.0
ULB,FOLLOWUP_ULB_100,B_lexical,26f7fdd2-40f4-4a6a-a53b-93279abfcfe5,completed,generated_released,True,12267.193,12252.844,9.637,0.014,1837.161,589824.0
ULB,FOLLOWUP_ULB_096,B_lexical,2adbc3f4-a2d7-4908-ae4c-c988673fbdf8,completed,generated_released,True,12700.092,12685.804,9.655,0.021,1889.822,1196032.0
ULB,FOLLOWUP_ULB_099,C_lexical,2d2bc6ce-6201-48f2-9f24-0a4c3d12f6e1,blocked,generated_blocked,True,9160.933,9146.413,9.594,0.043,1325.587,-2654208.0
ULB,FOLLOWUP_ULB_099,A_direct,361a7f23-e9a2-47df-92a3-e8d39025f632,completed,generated_released,True,8199.59,8194.575,0.0,0.041,2155.586,-143851520.0
ULB,FOLLOWUP_ULB_092,B_lexical,40b3deb7-7cf1-4a07-947d-d67cdcd3a0b9,completed,generated_released,True,12563.253,12548.832,9.728,0.023,1909.164,3997696.0
ULB,FOLLOWUP_ULB_094,C_dense,40bc76a2-5229-4b20-9976-8234883cc52b,blocked,generated_blocked,True,9409.161,9399.622,4.793,0.036,1371.981,4112384.0
ULB,FOLLOWUP_ULB_092,C_lexical,41a56dc7-32c1-456b-b81f-7e9a4f12c806,blocked,generated_blocked,True,9962.023,9947.651,9.653,0.033,1448.185,737280.0
ULB,FOLLOWUP_ULB_096,D_hybrid,44d5c3ea-0b5d-49aa-b9e5-ffd2f1c52b1b,blocked,generated_blocked,True,8772.303,8752.414,15.153,0.024,1232.192,-2244608.0
ULB,FOLLOWUP_ULB_100,C_dense,47f82504-7195-4de4-bbb9-1ed3a25ee9fe,blocked,generated_blocked,True,10562.798,10553.041,4.929,0.039,1550.295,933888.0
ULB,FOLLOWUP_ULB_093,C_dense,4b24c343-4ba3-4d3d-98ef-4d71f081a416,blocked,generated_blocked,True,10817.736,10807.99,4.84,0.04,1588.908,2932736.0
ULB,FOLLOWUP_ULB_094,B_dense,4b94dbdf-bb8c-41e6-b34f-abe63604b143,completed,generated_released,True,9731.632,9715.753,11.183,0.012,1420.42,245760.0
ULB,FOLLOWUP_ULB_099,B_dense,5c7fae74-d00a-41d8-8be6-70c35eecc071,completed,generated_released,True,14493.559,14196.44,292.33,0.013,2311.512,2310144.0
ULB,FOLLOWUP_ULB_097,C_lexical,5e6a4d9c-a79b-429b-8a1c-e4dd4f55499a,blocked,generated_blocked,True,10925.193,10906.863,10.105,0.034,1611.308,3817472.0
ULB,FOLLOWUP_ULB_098,D_hybrid,627f7770-5314-4843-98dd-a5b71fc6ea76,blocked,generated_blocked,True,10231.214,10211.627,14.781,0.035,1477.829,704512.0
ULB,FOLLOWUP_ULB_096,A_direct,6fcad8e9-c945-4467-8025-c88e0e8eafb1,completed,generated_released,True,8265.879,8261.26,0.0,0.018,1606.93,1540096.0
ULB,FOLLOWUP_ULB_094,C_lexical,72b57068-dca8-46b3-9dae-886fecca3d78,blocked,generated_blocked,True,10011.995,9997.202,10.114,0.026,1465.346,753664.0
ULB,FOLLOWUP_ULB_099,D_hybrid,79d027b2-c043-4360-8ace-ee45e6533b4d,blocked,generated_blocked,True,9831.786,9810.841,16.258,0.038,1406.135,1671168.0
ULB,FOLLOWUP_ULB_098,B_lexical,85179018-0f1d-4350-b8ce-27704d4cc4aa,completed,generated_released,True,12299.519,12284.936,9.813,0.013,1850.165,966656.0
ULB,FOLLOWUP_ULB_091,C_lexical,86b8f5e8-0a0d-4235-a838-b88b74ae0251,blocked,generated_blocked,True,11160.955,11146.479,9.678,0.046,1655.067,770048.0
ULB,FOLLOWUP_ULB_092,D_hybrid,8906501a-cbe2-4e00-8b79-a890cb7cc155,blocked,generated_blocked,True,8854.259,8834.013,15.442,0.034,1248.531,3932160.0
ULB,FOLLOWUP_ULB_095,B_dense,8a8d0cae-8084-4929-8a9f-c9be42115d56,completed,generated_released,True,12587.631,12578.018,4.919,0.019,1908.114,704512.0
ULB,FOLLOWUP_ULB_095,C_lexical,8c8c2346-aa0e-4d90-9c23-b2831fc20ca9,blocked,generated_blocked,True,10749.733,10735.353,9.614,0.041,1577.584,851968.0
ULB,FOLLOWUP_ULB_091,D_hybrid,913feba7-11f3-42a9-8121-4f168307bd64,blocked,generated_blocked,True,10695.491,10675.986,14.662,0.04,1549.55,835584.0
ULB,FOLLOWUP_ULB_093,A_direct,91903fa5-870a-49e8-9c3a-2ad3972e3d06,completed,generated_released,True,7711.23,7706.667,0.0,0.013,1509.967,311296.0
ULB,FOLLOWUP_ULB_093,B_lexical,9a523728-9c1e-4c1f-8b71-6e5a442366d4,completed,generated_released,True,11737.639,11723.27,9.703,0.013,1763.38,-3391488.0
ULB,FOLLOWUP_ULB_098,B_dense,a61daf58-c984-47e0-a3f6-81d360f39acb,completed,generated_released,True,12379.428,12369.781,4.841,0.013,1870.86,606208.0
ULB,FOLLOWUP_ULB_094,B_lexical,abfecb0b-9bf1-4399-bf85-209bd1385a9b,completed,generated_released,True,9233.768,9219.347,9.731,0.017,1360.922,-196608.0
ULB,FOLLOWUP_ULB_096,C_lexical,b4bd8e43-05a8-434c-b9ef-5415f8ebea6c,blocked,generated_blocked,True,10596.146,10581.757,9.719,0.035,1545.073,-2785280.0
ULB,FOLLOWUP_ULB_097,B_dense,b7fa946b-5d58-44b9-8866-cb702658afc7,completed,generated_released,True,12605.014,12595.415,4.797,0.018,1916.602,851968.0
ULB,FOLLOWUP_ULB_098,A_direct,c5bbcde9-8bd6-487d-abbd-b43f4a755e64,completed,generated_released,True,8811.176,8806.558,0.0,0.015,1736.399,770048.0
ULB,FOLLOWUP_ULB_098,C_dense,cd03a29f-1523-42bd-8d7e-8968a2f42e22,blocked,generated_blocked,True,12674.11,12664.413,4.862,0.024,1925.221,966656.0
ULB,FOLLOWUP_ULB_095,D_hybrid,cd3db17d-f4bd-4c89-8ab8-bdf5d5c0fbce,blocked,generated_blocked,True,9620.394,9600.898,14.668,0.035,1369.62,753664.0
ULB,FOLLOWUP_ULB_091,B_dense,d0945e85-d20a-488b-82d0-83fe23cdb4bb,completed,generated_released,True,10633.31,10617.668,10.868,0.018,1582.807,737280.0
ULB,FOLLOWUP_ULB_091,B_lexical,d190ddc2-2923-4fd2-8897-f2b06c752584,completed,generated_released,True,9987.745,9973.262,9.728,0.017,1478.836,688128.0
ULB,FOLLOWUP_ULB_100,C_lexical,d3605453-e98e-4477-8e04-fa87717c7fd6,blocked,generated_blocked,True,11985.846,11970.696,10.412,0.043,1782.157,3883008.0
ULB,FOLLOWUP_ULB_091,A_direct,d8f8ece0-001a-43a7-adcf-912b550fedfa,completed,generated_released,True,7968.073,7963.418,0.0,0.014,1553.948,851968.0
ULB,FOLLOWUP_ULB_094,A_direct,dbe7f598-d071-49a9-bfc2-9484f7c0ff33,completed,generated_released,True,8982.237,8977.634,0.0,0.014,1767.874,-983040.0
ULB,FOLLOWUP_ULB_094,D_hybrid,dc383b00-8da7-4a2b-9c16-26b4447a4803,blocked,generated_blocked,True,12073.292,12052.538,14.73,0.029,1774.207,458752.0
ULB,FOLLOWUP_ULB_093,D_hybrid,e3456abd-00dc-4a57-8d6c-c455c00080fc,blocked,generated_blocked,True,11345.468,11326.002,14.72,0.04,1645.718,671744.0
ULB,FOLLOWUP_ULB_095,A_direct,e82f432c-7d16-4f2a-9251-c11935a72140,completed,generated_released,True,8098.648,8093.956,0.0,0.015,1585.207,1114112.0
ULB,FOLLOWUP_ULB_095,C_dense,e8bb8cb5-9ec5-4275-9864-c6dd9e3cd320,blocked,generated_blocked,True,10959.085,10949.311,4.958,0.035,1635.585,770048.0
ULB,FOLLOWUP_ULB_097,A_direct,e9d072f3-09de-4e02-ab4f-1894a57cc89d,completed,generated_released,True,7590.398,7585.749,0.0,0.02,1482.361,-2146304.0
ULB,FOLLOWUP_ULB_093,C_lexical,edd519bf-e791-49d9-b5b4-df5aae569a36,blocked,generated_blocked,True,11428.294,11413.803,9.724,0.024,1697.769,-311296.0
ULB,FOLLOWUP_ULB_099,C_dense,efceca44-e1a0-40e9-96cc-51d343c36a40,blocked,generated_blocked,True,10214.583,10204.448,5.311,0.056,1494.782,4177920.0
ULB,FOLLOWUP_ULB_097,B_lexical,f11b9773-4f65-4a9f-add1-17193de18693,completed,generated_released,True,11896.057,11881.624,9.673,0.024,1803.468,-311296.0
ULB,FOLLOWUP_ULB_100,A_direct,f657cc58-902e-4785-932c-313396bdef0d,completed,generated_released,True,8094.64,8090.063,0.0,0.013,1585.812,884736.0
ULB,FOLLOWUP_ULB_098,C_lexical,f8845041-0f9b-4eb5-b617-e8fb64cba559,blocked,generated_blocked,True,10672.703,10658.213,9.684,0.026,1593.46,704512.0
ULB,FOLLOWUP_ULB_095,B_lexical,f9ea5913-071e-4808-a9da-b17c9c4d75a0,completed,generated_released,True,9747.943,9733.518,9.649,0.012,1418.234,851968.0
ULB,FOLLOWUP_ULB_092,B_dense,fffef74a-62a5-4fc8-b21b-302c847dbdbd,completed,generated_released,True,11401.45,11391.458,5.135,0.019,1705.508,999424.0
ULB,FOLLOWUP_ULB_109,B_dense,08dba3ba-8e6d-4c5a-9cbf-f56b142a8c8e,completed,generated_released,True,12492.87,12482.024,6.187,0.013,1902.499,1277952.0
ULB,FOLLOWUP_ULB_106,D_hybrid,134b4cc8-672b-4f6a-b968-aeb035e1d977,blocked,generated_blocked,True,7126.292,7104.062,16.324,0.042,960.223,-1867776.0
ULB,FOLLOWUP_ULB_101,B_lexical,137d2586-b55b-4846-b147-8b184ef542e6,completed,generated_released,True,12665.393,12650.145,10.032,0.012,1922.423,802816.0
ULB,FOLLOWUP_ULB_108,B_dense,15d5106a-045f-4397-8e8e-756303a6e2a0,completed,generated_released,True,12606.72,12597.148,4.856,0.02,1908.215,16384.0
ULB,FOLLOWUP_ULB_109,A_direct,1ddba425-0971-4a5a-9a21-78d3df71f96b,completed,generated_released,True,7782.112,7775.607,0.0,0.015,1534.288,1507328.0
ULB,FOLLOWUP_ULB_102,C_lexical,1ecd13b7-bddc-4bac-bcd5-bcb9aae2b25c,blocked,generated_blocked,True,10524.283,10509.694,9.913,0.026,1573.798,704512.0
ULB,FOLLOWUP_ULB_102,B_lexical,2710974b-ca2c-40ed-8b57-0423f8e4a837,completed,generated_released,True,12723.089,12708.751,9.678,0.019,1925.815,786432.0
ULB,FOLLOWUP_ULB_102,C_dense,280a88f7-539f-427a-bda3-1f6d0f6f7444,blocked,generated_blocked,True,10488.959,10479.09,5.046,0.051,1561.367,671744.0
ULB,FOLLOWUP_ULB_108,C_dense,289096ca-bf0e-45f7-b72e-e5e9440d57c8,blocked,generated_blocked,True,11152.482,11142.764,5.004,0.035,1666.29,0.0
ULB,FOLLOWUP_ULB_102,D_hybrid,2cceb9e7-3786-4d2d-b7f0-4542a8291d82,blocked,generated_blocked,True,11285.038,11265.217,14.651,0.044,1646.739,753664.0
ULB,FOLLOWUP_ULB_104,B_lexical,2fa9c028-0464-4038-9f43-fde99049787b,completed,generated_released,True,12929.136,12913.752,10.327,0.027,2082.75,-2260992.0
ULB,FOLLOWUP_ULB_103,C_lexical,3766c832-ff6b-4b2d-aec8-b077592a5952,blocked,generated_blocked,True,12786.598,12772.314,9.554,0.031,1929.338,737280.0
ULB,FOLLOWUP_ULB_106,B_dense,39a525fc-6b6f-47c2-8802-ab9f7b71d38f,completed,generated_released,True,9440.752,9430.394,4.741,0.026,1483.536,3801088.0
ULB,FOLLOWUP_ULB_101,C_lexical,3bf4a024-3fc8-4947-a468-154807ff3bea,blocked,generated_blocked,True,12321.036,12306.818,9.545,0.02,1856.422,720896.0
ULB,FOLLOWUP_ULB_105,B_dense,3ecce5d5-3fa8-49d4-87dd-0ea0afe51e41,completed,generated_released,True,10009.39,9998.953,5.67,0.013,1485.696,802816.0
ULB,FOLLOWUP_ULB_110,B_lexical,3f1a6a80-288a-4641-800f-4c49d015995e,completed,generated_released,True,12331.524,12316.051,10.054,0.02,1867.346,835584.0
ULB,FOLLOWUP_ULB_110,A_direct,40749aab-a260-4143-8038-8a5ce9b796d3,completed,generated_released,True,7896.868,7892.312,0.0,0.019,1564.84,540672.0
ULB,FOLLOWUP_ULB_105,C_lexical,43167374-0bbc-47f9-8236-2b9291e6b5a7,blocked,generated_blocked,True,12776.334,12762.004,9.619,0.022,1934.759,770048.0
ULB,FOLLOWUP_ULB_109,B_lexical,4663c651-dafe-4903-acee-527bcf0af45c,completed,generated_released,True,8705.993,8690.702,9.973,0.013,1262.441,4784128.0
ULB,FOLLOWUP_ULB_109,C_dense,4780219a-8ca4-4e76-b2cc-13d57990b87d,blocked,generated_blocked,True,40584.333,40276.137,296.346,3.682,7814.349,-695468032.0
ULB,FOLLOWUP_ULB_101,D_hybrid,486548ca-107d-4899-bcbf-aa42e7758a60,blocked,generated_blocked,True,12972.96,12953.469,14.667,0.022,1947.592,770048.0
ULB,FOLLOWUP_ULB_109,D_hybrid,4afbc6b3-babb-4f9c-9163-947b68acb0e0,completed,generated_released,True,13066.092,12886.832,109.51,0.079,1938.968,23412736.0
ULB,FOLLOWUP_ULB_107,A_direct,4b1f2580-61c4-49ad-b224-153ae9ebdfe6,completed,generated_released,True,8230.192,8225.652,0.0,0.013,1637.861,704512.0
ULB,FOLLOWUP_ULB_109,C_lexical,4d978d1b-88b2-4945-a246-10afb8a19c1a,blocked,generated_blocked,True,11000.679,10985.588,10.126,0.044,1633.967,983040.0
ULB,FOLLOWUP_ULB_108,D_hybrid,4efda9c0-42cb-4752-b7e6-620bfb955edb,blocked,generated_blocked,True,11366.642,11346.792,15.06,0.035,1673.005,32768.0
ULB,FOLLOWUP_ULB_108,B_lexical,5253c171-c7b7-45c0-9fe8-b195ea6031a1,completed,generated_released,True,11694.718,11679.928,10.029,0.027,1742.211,212992.0
ULB,FOLLOWUP_ULB_106,A_direct,529c54e3-0434-4b8d-b01c-5a23070f2fa4,completed,generated_released,True,9621.42,9616.409,0.0,0.024,2005.477,1081344.0
ULB,FOLLOWUP_ULB_104,B_dense,54406b10-6fd6-467d-84be-81fcdb1ca860,completed,generated_released,True,11824.809,11813.853,5.799,0.019,1790.678,4308992.0
ULB,FOLLOWUP_ULB_107,D_hybrid,594328c8-c0ff-4069-ab36-d411bd976178,blocked,generated_blocked,True,9691.159,9671.025,15.4,0.027,1392.431,753664.0
ULB,FOLLOWUP_ULB_110,C_lexical,5bb27178-25e0-4cdb-9c96-5d6662c0eca7,blocked,generated_blocked,True,12785.858,12771.616,9.579,0.025,1923.744,737280.0
ULB,FOLLOWUP_ULB_103,D_hybrid,6adfe9e6-90ac-4ea7-89a9-9cc36cf82044,blocked,generated_blocked,True,9673.948,9653.892,14.888,0.038,1397.773,688128.0
ULB,FOLLOWUP_ULB_106,B_lexical,72de1220-bcda-43df-9552-d2b3453b73b6,completed,generated_released,True,13088.816,13073.686,9.984,0.036,2164.184,1081344.0
ULB,FOLLOWUP_ULB_108,C_lexical,86c02ecb-f9b3-4038-b5a0-168508094c3b,blocked,generated_blocked,True,10790.774,10776.433,9.609,0.035,1587.951,32768.0
ULB,FOLLOWUP_ULB_110,C_dense,874d1ca7-bd0d-4830-838a-f66449c8998a,blocked,generated_blocked,True,12122.522,12112.698,4.76,0.025,1833.337,737280.0
ULB,FOLLOWUP_ULB_102,B_dense,8cbfb184-066f-4a77-b2d5-87bd524c995d,completed,generated_released,True,11295.686,11285.43,5.162,0.017,1692.506,835584.0
ULB,FOLLOWUP_ULB_107,B_dense,8e9aa2d3-552c-4cfa-ab3d-f3e9a734c2e7,completed,generated_released,True,9760.106,9749.85,5.542,0.014,1440.597,884736.0
ULB,FOLLOWUP_ULB_106,C_dense,8f2d4975-3bbe-4766-8390-9d55ccac1c54,completed,generated_released,True,12476.99,12465.254,5.08,0.073,1905.806,884736.0
ULB,FOLLOWUP_ULB_104,A_direct,921bfc4b-8a2f-4b08-92c6-a1b56f4d9fbd,completed,generated_released,True,2843.755,2830.655,0.0,0.023,492.917,3751936.0
ULB,FOLLOWUP_ULB_102,A_direct,93a10841-38d9-48cb-8836-fe6381af6bbf,completed,generated_released,True,8033.138,8028.609,0.0,0.012,1593.469,638976.0
ULB,FOLLOWUP_ULB_105,C_dense,9def0050-0434-4d62-8804-10127fdfde74,blocked,generated_blocked,True,11194.187,11184.751,4.725,0.037,1693.431,737280.0
ULB,FOLLOWUP_ULB_108,A_direct,c07910f5-19bc-4ca0-8be6-fde8b6bffcc9,completed,generated_released,True,8419.445,8414.935,0.0,0.017,1695.728,32768.0
ULB,FOLLOWUP_ULB_107,C_dense,c81068b4-4eeb-42c3-9ec7-59758e2501cf,blocked,generated_blocked,True,9529.352,9519.226,5.017,0.027,1390.963,704512.0
ULB,FOLLOWUP_ULB_107,B_lexical,c84d3f58-8471-41f1-a45a-d25fbd20a0b0,completed,generated_released,True,10651.701,10637.085,9.972,0.016,1572.191,802816.0
ULB,FOLLOWUP_ULB_110,D_hybrid,c8745bdc-da48-4efc-9180-8f7531505ba0,blocked,generated_blocked,True,12957.994,12938.259,15.041,0.025,1924.612,753664.0
ULB,FOLLOWUP_ULB_101,B_dense,cca69f2c-bbcd-4fcc-bce0-f0917963ad23,completed,generated_released,True,12089.441,12079.791,4.983,0.013,1835.002,786432.0
ULB,FOLLOWUP_ULB_104,C_dense,ccc4ab34-b6e6-4afb-928d-48477cf1256c,blocked,generated_blocked,True,11117.933,11107.712,5.105,0.037,1666.705,688128.0
ULB,FOLLOWUP_ULB_105,D_hybrid,d32efc13-311b-49ae-a386-8396d8b6b581,blocked,generated_blocked,True,9059.709,9040.088,14.544,0.027,1283.087,819200.0
ULB,FOLLOWUP_ULB_106,C_lexical,d62bd4cf-4003-40d8-b522-772cf325356d,completed,generated_released,True,13330.264,13314.815,10.124,0.06,2372.519,-3964928.0
ULB,FOLLOWUP_ULB_107,C_lexical,da024c13-5e57-46bf-9cfb-720657ed0c27,blocked,generated_blocked,True,11561.357,11547.033,9.603,0.022,1838.433,770048.0
ULB,FOLLOWUP_ULB_101,C_dense,da2f6404-ea08-472d-abbb-57a7685bce00,blocked,generated_blocked,True,12692.175,12682.358,4.704,0.026,1923.537,688128.0
ULB,FOLLOWUP_ULB_105,A_direct,dc1448fb-f075-43b0-8efa-22eb2ce84277,completed,generated_released,True,8408.881,8404.344,0.0,0.017,1692.901,606208.0
ULB,FOLLOWUP_ULB_104,C_lexical,ded4d7e9-bc20-46bc-b494-41751f6171b9,blocked,generated_blocked,True,10370.128,10354.663,9.727,0.042,1526.794,933888.0
ULB,FOLLOWUP_ULB_103,B_lexical,df2ade19-4421-49da-b134-2791021b7412,completed,generated_released,True,11321.07,11306.428,9.986,0.013,1684.602,835584.0
ULB,FOLLOWUP_ULB_103,A_direct,e2d643bd-f0dc-46f9-a37b-fd02a4981f1e,completed,generated_released,True,7129.786,7125.252,0.0,0.013,1404.285,655360.0
ULB,FOLLOWUP_ULB_103,B_dense,e88f5a8a-817b-4429-9601-c019dadcd554,completed,generated_released,True,12613.931,12604.384,4.858,0.019,1913.394,720896.0
ULB,FOLLOWUP_ULB_101,A_direct,ecfa8508-f770-472d-b797-266ec7e8d29d,completed,generated_released,True,8154.295,8149.707,0.0,0.015,1627.866,589824.0
ULB,FOLLOWUP_ULB_104,D_hybrid,ef8e8690-6e31-4341-b0d0-bb2744e3caf7,blocked,generated_blocked,True,9673.081,9652.994,15.023,0.034,1390.871,770048.0
ULB,FOLLOWUP_ULB_105,B_lexical,f3014b8e-6c4c-4f15-ab69-7bcfa92075b3,completed,generated_released,True,12723.717,12707.794,10.815,0.021,1932.041,786432.0
ULB,FOLLOWUP_ULB_110,B_dense,f33ea0f0-146b-492d-8632-1ee6255822f2,completed,generated_released,True,12328.635,12318.868,5.066,0.014,1891.218,770048.0
ULB,FOLLOWUP_ULB_103,C_dense,fba7a4e2-b9c2-4146-b64b-a52f782ac94c,blocked,generated_blocked,True,10775.219,10765.256,5.198,0.037,1609.918,704512.0
ULB,FOLLOWUP_ULB_119,B_dense,013273c5-8929-42e4-8971-706edfcf450d,completed,generated_released,True,28710.777,28346.488,354.466,2.182,6125.401,-693927936.0
ULB,FOLLOWUP_ULB_118,B_lexical,06aafa91-6820-40bd-82e5-4664f3be362e,completed,generated_released,True,12701.882,12687.196,9.895,0.025,1908.207,802816.0
ULB,FOLLOWUP_ULB_116,A_direct,112e51ff-b8b5-4802-82d0-4ccf8289330f,completed,generated_released,True,9539.393,9534.597,0.0,0.023,1915.435,819200.0
ULB,FOLLOWUP_ULB_113,C_dense,1222c4f5-0627-42e6-ada3-0a6a0d85f4e4,blocked,generated_blocked,True,10896.982,10886.895,4.727,0.038,1623.938,737280.0
ULB,FOLLOWUP_ULB_115,B_lexical,12f769d7-0515-469c-9533-7dd3299ceb70,completed,generated_released,True,12729.485,12714.991,9.711,0.024,1927.47,819200.0
ULB,FOLLOWUP_ULB_113,C_lexical,1fff250a-85c0-4dbc-9d93-2259a7c5f3a3,blocked,generated_blocked,True,10673.108,10657.53,10.205,0.037,1576.762,819200.0
ULB,FOLLOWUP_ULB_115,B_dense,25c2b8d9-a58b-4c8b-90b8-3fb972aff4a5,completed,generated_released,True,12631.61,12621.399,4.932,0.028,1925.847,737280.0
ULB,FOLLOWUP_ULB_120,C_dense,28e765a9-0fee-4690-b2d1-f1c842eb0de6,blocked,generated_blocked,True,11447.164,11436.879,5.469,0.036,1717.378,786432.0
ULB,FOLLOWUP_ULB_120,D_hybrid,28eaf403-5545-4ffe-bead-0d989593b86b,blocked,generated_blocked,True,10241.382,10221.703,14.818,0.035,1482.228,770048.0
ULB,FOLLOWUP_ULB_117,A_direct,2e8a74d6-942e-49c0-b911-2d720106e7e6,completed,generated_released,True,8065.215,8060.634,0.0,0.027,1598.774,163840.0
ULB,FOLLOWUP_ULB_116,B_lexical,2ea836d4-0878-4dd4-be65-7625fce132a8,completed,generated_released,True,12400.469,12385.422,10.053,0.013,1864.281,1097728.0
ULB,FOLLOWUP_ULB_112,C_lexical,3ab1fca4-5a64-47c0-a206-cb6d95d9e80b,blocked,generated_blocked,True,10664.067,10649.688,9.681,0.034,1573.274,999424.0
ULB,FOLLOWUP_ULB_112,B_lexical,3b8741de-0d96-473b-86be-427514409e9b,completed,generated_released,True,10861.277,10846.515,10.08,0.013,1598.541,835584.0
ULB,FOLLOWUP_ULB_117,C_lexical,3d4f4b1c-20df-4ba0-9d97-e750fdcc7acf,blocked,generated_blocked,True,13270.049,13254.495,9.638,0.039,1985.212,-32768.0
ULB,FOLLOWUP_ULB_116,C_lexical,3ed43f30-9574-4703-9faa-7da8488c5700,blocked,generated_blocked,True,10562.234,10547.918,9.629,0.05,1556.8,4046848.0
ULB,FOLLOWUP_ULB_117,B_dense,48ce0ac5-4b93-454e-88d0-2672d1d61eed,completed,generated_released,True,11972.724,11962.887,4.822,0.014,1807.192,0.0
ULB,FOLLOWUP_ULB_119,B_lexical,50e4c069-a686-4285-8ca2-d174ed6d5801,completed,generated_released,True,11509.842,11494.534,10.321,0.023,1726.449,1212416.0
ULB,FOLLOWUP_ULB_119,C_dense,5289936a-fa2d-4a9b-b9ea-7c021d859c53,blocked,generated_blocked,True,11155.503,11098.922,50.796,0.039,1652.591,4866048.0
ULB,FOLLOWUP_ULB_117,C_dense,5342a26e-634f-425a-935b-d48ea8d688ac,blocked,generated_blocked,True,12690.036,12679.913,4.955,0.033,1935.144,65536.0
ULB,FOLLOWUP_ULB_114,D_hybrid,5b9cc4d8-0b8c-452f-bdce-dc2b6955a6df,blocked,generated_blocked,True,12971.327,12950.095,16.151,0.025,1951.736,3833856.0
ULB,FOLLOWUP_ULB_117,D_hybrid,5c49dc00-2f47-40a6-bdfc-03f50f5b2840,completed,generated_released,True,12954.406,12933.67,15.66,0.06,1932.759,0.0
ULB,FOLLOWUP_ULB_115,D_hybrid,68ff05d2-0e43-474b-b4ec-3e90a60d3113,blocked,generated_blocked,True,12319.72,12299.452,15.247,0.028,1824.275,786432.0
ULB,FOLLOWUP_ULB_114,B_lexical,6ae776f2-e396-4a61-a3b8-cc900ae2e6aa,completed,generated_released,True,10519.433,10504.062,10.089,0.013,1544.78,966656.0
ULB,FOLLOWUP_ULB_118,D_hybrid,7198324f-7eb8-4351-bb22-c40bc3dd2686,blocked,generated_blocked,True,10677.332,10658.024,14.631,0.035,1555.447,442368.0
ULB,FOLLOWUP_ULB_113,B_lexical,760e7486-82f4-4f1f-bc01-1fbc7c0095d8,completed,generated_released,True,8633.643,8619.263,9.657,0.019,1257.734,966656.0
ULB,FOLLOWUP_ULB_113,A_direct,7e86280a-7a39-4dfa-a89e-42b17b3149dc,completed,generated_released,True,7062.303,7057.667,0.0,0.014,1397.672,671744.0
ULB,FOLLOWUP_ULB_112,D_hybrid,7ea18a03-950c-4aaf-bf68-6c613464fa61,blocked,generated_blocked,True,10845.537,10825.864,14.601,0.035,1583.266,835584.0
ULB,FOLLOWUP_ULB_114,C_dense,82bcdc0a-fd6f-4472-8c97-012e148e7b2d,blocked,generated_blocked,True,10671.738,10661.845,4.784,0.036,1594.579,950272.0
ULB,FOLLOWUP_ULB_114,B_dense,84671479-303b-4f1d-81ba-7bb2809cbab7,completed,generated_released,True,12270.698,12260.227,5.486,0.014,1866.184,737280.0
ULB,FOLLOWUP_ULB_119,A_direct,91e31807-3824-43c6-b650-18b588f8755a,completed,generated_released,True,8650.578,8646.036,0.0,0.013,1724.995,-1572864.0
ULB,FOLLOWUP_ULB_116,D_hybrid,922fe653-e837-44d1-98db-e39ed9e11c8a,blocked,generated_blocked,True,8344.622,8325.255,14.595,0.042,1165.88,802816.0
ULB,FOLLOWUP_ULB_117,B_lexical,9c99d86b-7b1a-4d72-a719-153fb0eeb56b,completed,generated_released,True,9980.593,9965.93,10.036,0.02,1464.991,114688.0
ULB,FOLLOWUP_ULB_115,C_dense,a02639c3-3cfe-4e27-b332-c8e97393f415,blocked,generated_blocked,True,10774.154,10764.588,4.756,0.039,1599.591,688128.0
ULB,FOLLOWUP_ULB_119,D_hybrid,a151816f-0429-4691-b92c-e36e92583276,blocked,generated_blocked,True,10785.327,10762.683,17.265,0.037,1552.473,1425408.0
ULB,FOLLOWUP_ULB_111,B_lexical,a4a78903-e9c5-4767-8764-2533a307cefd,completed,generated_released,True,12689.782,12675.517,9.62,0.022,1916.551,65536.0
ULB,FOLLOWUP_ULB_111,C_dense,a5975f66-5b33-43e8-9d11-ee728597a0bd,blocked,generated_blocked,True,12674.943,12665.071,5.096,0.026,1923.85,327680.0
ULB,FOLLOWUP_ULB_118,A_direct,a5e94a28-3de5-423a-b4f5-eeafd4c4f7ea,completed,generated_released,True,8541.762,8537.2,0.0,0.014,1701.567,622592.0
ULB,FOLLOWUP_ULB_118,C_lexical,a91ed26b-7e29-4610-9182-88e37e56a6ea,blocked,generated_blocked,True,12834.366,12818.036,10.834,0.047,2095.649,901120.0
ULB,FOLLOWUP_ULB_111,A_direct,ad81a876-b166-4472-9464-927eef3cb12e,completed,generated_released,True,8444.57,8439.57,0.0,0.014,1674.068,3031040.0
ULB,FOLLOWUP_ULB_113,B_dense,b1daead4-9f11-4309-80f6-50051e54e447,completed,generated_released,True,11756.467,11746.653,5.06,0.018,1775.233,786432.0
ULB,FOLLOWUP_ULB_116,B_dense,b3e426d6-727a-4cd0-bad3-efd6a59bd78b,completed,generated_released,True,11803.048,11792.069,6.287,0.022,1795.043,-1835008.0
ULB,FOLLOWUP_ULB_112,A_direct,b4056bf5-c250-4d03-bab6-c06d197cb5ad,completed,generated_released,True,8545.5,8540.494,0.0,0.013,1701.597,671744.0
ULB,FOLLOWUP_ULB_118,B_dense,b5518823-9d77-4cc7-ba8c-c7cf6eb68428,completed,generated_released,True,8841.618,8831.984,4.752,0.023,1324.46,-4259840.0
ULB,FOLLOWUP_ULB_120,B_lexical,bda4a89b-8fca-4740-a6ca-9a09062dfbf3,completed,generated_released,True,11290.658,11275.649,9.598,0.012,1677.834,524288.0
ULB,FOLLOWUP_ULB_116,C_dense,bddd0530-0106-4ba1-aafe-70496c10ab98,blocked,generated_blocked,True,12676.762,12665.674,5.797,0.028,1920.446,966656.0
ULB,FOLLOWUP_ULB_120,B_dense,bde292bb-3b96-4d67-a047-dccda930de09,completed,generated_released,True,11950.102,11940.376,4.97,0.014,1806.562,655360.0
ULB,FOLLOWUP_ULB_118,C_dense,bfed6278-c9dd-4a11-a455-446c95909bea,blocked,generated_blocked,True,10911.711,10901.463,4.364,0.04,1714.13,638976.0
ULB,FOLLOWUP_ULB_119,C_lexical,c534e266-572b-4631-aa31-5c0f9a516a86,blocked,generated_blocked,True,10966.222,10872.859,38.752,4.44,1658.394,25165824.0
ULB,FOLLOWUP_ULB_114,C_lexical,d18cfc08-6689-43c5-9e34-8c69d4eb7bd7,blocked,generated_blocked,True,11300.018,11285.355,9.676,0.037,1666.073,671744.0
ULB,FOLLOWUP_ULB_111,B_dense,dab2c21b-21d3-4d99-ac7d-34067ac91fff,completed,generated_released,True,8150.411,8140.806,4.944,0.012,1165.714,0.0
ULB,FOLLOWUP_ULB_120,C_lexical,db58a51b-e37a-479e-8f01-e853efb814f4,blocked,generated_blocked,True,11722.106,11707.143,10.12,0.041,1742.109,819200.0
ULB,FOLLOWUP_ULB_112,C_dense,de52177a-363e-4244-b5fb-e911275936c1,blocked,generated_blocked,True,9276.382,9266.743,4.854,0.025,1347.284,720896.0
ULB,FOLLOWUP_ULB_120,A_direct,e01042dd-31d3-490e-bcb3-99c2d3b931a6,completed,generated_released,True,8990.376,8985.673,0.0,0.013,1796.948,737280.0
ULB,FOLLOWUP_ULB_115,C_lexical,edb80e37-c7fd-4777-a834-fced70b24cef,completed,generated_released,True,12418.091,12402.866,9.933,0.061,1879.651,671744.0
ULB,FOLLOWUP_ULB_113,D_hybrid,f2c38eb2-1505-423a-a519-7c6211edbf07,blocked,generated_blocked,True,10993.847,10973.271,15.733,0.036,1622.108,770048.0
ULB,FOLLOWUP_ULB_112,B_dense,f6e315ee-7b15-4a5a-961a-5e48e7b6fbc3,completed,generated_released,True,11600.498,11590.738,5.07,0.015,1744.571,819200.0
ULB,FOLLOWUP_ULB_111,D_hybrid,f7799dc8-da95-4ba9-8372-13448e88284e,blocked,generated_blocked,True,11431.969,11412.007,15.137,0.035,1682.513,-2998272.0
ULB,FOLLOWUP_ULB_111,C_lexical,f83a0eb5-04a3-4c35-b35b-8fc53b8ff70c,blocked,generated_blocked,True,9836.994,9822.215,10.077,0.027,1422.426,81920.0
ULB,FOLLOWUP_ULB_115,A_direct,fa3f806e-8b2d-440f-94dd-615086f1e779,completed,generated_released,True,9271.794,9267.16,0.0,0.015,1846.032,655360.0
ULB,FOLLOWUP_ULB_114,A_direct,fab64e22-0cbd-4b23-ab0c-29b437b718ad,completed,generated_released,True,8793.727,8789.135,0.0,0.023,1754.293,1032192.0
ULB,FOLLOWUP_ULB_126,D_hybrid,06aad9bc-f4cf-4104-b26f-f3a0cd115f8e,blocked,generated_blocked,True,12933.25,12911.5,17.054,0.028,1920.47,-1933312.0
ULB,FOLLOWUP_ULB_121,B_lexical,0a5b862c-49da-49d5-88e0-a132b5e57d2a,completed,generated_released,True,11682.531,11668.222,9.652,0.014,1732.756,851968.0
ULB,FOLLOWUP_ULB_125,C_dense,0da7c379-054d-42fb-9e0c-526ca3083f25,blocked,generated_blocked,True,12534.983,12523.471,6.776,0.024,1865.207,835584.0
ULB,FOLLOWUP_ULB_129,D_hybrid,0ec4ca57-089d-43a3-8887-bffad5c2e2f2,blocked,generated_blocked,True,10082.578,10060.898,16.908,0.031,1491.379,1228800.0
ULB,FOLLOWUP_ULB_123,A_direct,0f99d31b-260b-4168-b540-93b6133f4954,completed,generated_released,True,9115.759,9111.291,0.0,0.014,1788.571,1441792.0
ULB,FOLLOWUP_ULB_128,B_dense,11f495ab-a0da-4cb4-bdfc-2ec63a09f38a,completed,generated_released,True,12256.972,12245.369,6.886,0.013,1842.033,0.0
ULB,FOLLOWUP_ULB_128,A_direct,1905fa34-7cea-473e-a652-3a0ff0e60863,completed,generated_released,True,8120.349,8115.854,0.0,0.013,1598.037,180224.0
ULB,FOLLOWUP_ULB_127,C_lexical,22758936-3eb8-4b59-a928-06561e424dad,blocked,generated_blocked,True,10492.576,10478.176,9.751,0.035,1524.317,360448.0
ULB,FOLLOWUP_ULB_125,D_hybrid,32754015-bc61-4d06-a31c-9500fafdcc9c,blocked,generated_blocked,True,11097.134,11075.54,16.861,0.036,1576.549,720896.0
ULB,FOLLOWUP_ULB_125,B_lexical,39045654-8fb2-4800-94ec-e00020c0dbc6,completed,generated_released,True,11451.48,11437.224,9.647,0.014,1683.905,720896.0
ULB,FOLLOWUP_ULB_123,B_lexical,452da1a3-b6dd-4104-aa04-0fdc9eda1d22,completed,generated_released,True,11396.141,11381.89,9.603,0.023,1709.844,950272.0
ULB,FOLLOWUP_ULB_128,B_lexical,4575bf71-bc8b-4e80-bf2b-884d3ebff6e3,completed,generated_released,True,9365.824,9351.586,9.624,0.013,1341.318,32768.0
ULB,FOLLOWUP_ULB_129,C_lexical,492d8e88-c2c8-44ba-98aa-03bac140d1eb,blocked,generated_blocked,True,10872.028,10857.802,9.447,0.054,1711.584,-3702784.0
ULB,FOLLOWUP_ULB_129,B_dense,528fd383-b6f0-445a-a7b8-350419309955,completed,generated_released,True,11154.268,10763.668,385.069,0.013,1685.183,2211840.0
ULB,FOLLOWUP_ULB_130,C_dense,559b5fda-53b9-49ce-aaec-60871adf5fc0,blocked,generated_blocked,True,10837.583,10826.263,6.58,0.036,1619.53,917504.0
ULB,FOLLOWUP_ULB_123,D_hybrid,5a44e431-b17a-496c-b12f-e56ec18f90b0,blocked,generated_blocked,True,9642.825,9620.99,17.096,0.036,1348.433,786432.0
ULB,FOLLOWUP_ULB_128,C_dense,5cf5f3a9-2ddb-4df1-8909-56a8efa63e8d,completed,generated_released,True,12164.034,12152.046,7.246,0.06,1816.243,32768.0
ULB,FOLLOWUP_ULB_127,C_dense,5fb4b746-2830-4a24-ba83-eee85c0f235a,blocked,generated_blocked,True,8773.128,8761.998,6.432,0.024,1303.815,-3997696.0
ULB,FOLLOWUP_ULB_129,B_lexical,61860b06-dd32-4063-8b0a-4f2275366288,completed,generated_released,True,11430.206,11404.254,19.167,0.015,1790.691,7389184.0
ULB,FOLLOWUP_ULB_130,C_lexical,679b5ab4-f39b-4277-a1c6-d02f15ac4d7e,blocked,generated_blocked,True,12401.267,12386.655,9.705,0.042,1979.717,884736.0
ULB,FOLLOWUP_ULB_121,B_dense,6c27994d-29d7-454b-a43e-9fca1075ed2c,completed,generated_released,True,12377.02,12365.786,6.456,0.015,1958.119,1622016.0
ULB,FOLLOWUP_ULB_124,A_direct,6d23b4ee-be8e-4717-a98a-c8fabf753973,completed,generated_released,True,7692.939,7688.322,0.0,0.017,1505.293,-4210688.0
ULB,FOLLOWUP_ULB_124,D_hybrid,6dfa4507-a99e-42ac-a76e-e94b1405976f,blocked,generated_blocked,True,11563.569,11541.927,16.906,0.036,1663.835,2375680.0
ULB,FOLLOWUP_ULB_128,D_hybrid,74660460-7586-4d9b-abd2-6cde7735678d,blocked,generated_blocked,True,9377.654,9356.577,16.382,0.035,1305.111,0.0
ULB,FOLLOWUP_ULB_126,C_dense,7a54a28e-7396-481b-9d7e-6cc9d1e13fbf,blocked,generated_blocked,True,11286.694,11274.875,7.111,0.041,1673.215,3735552.0
ULB,FOLLOWUP_ULB_124,C_lexical,8066ff4c-395e-455b-a73e-bfc71de3abaa,blocked,generated_blocked,True,12509.934,12495.595,9.669,0.036,1855.695,-2310144.0
ULB,FOLLOWUP_ULB_125,C_lexical,873eca5f-5e6c-43a9-aa59-371b543609c2,blocked,generated_blocked,True,10460.126,10445.866,9.561,0.034,1507.315,704512.0
ULB,FOLLOWUP_ULB_130,B_dense,893cdd31-d6e4-497b-a38a-8666088ac570,completed,generated_released,True,11192.53,11180.134,7.352,0.013,1754.984,933888.0
ULB,FOLLOWUP_ULB_121,C_dense,8d7b1f49-b483-471a-a355-43c7406f1e88,blocked,generated_blocked,True,10206.65,10194.384,7.546,0.024,1483.424,786432.0
ULB,FOLLOWUP_ULB_130,A_direct,92fca487-d9bf-4d76-ad5a-b0a5833d9306,completed,generated_released,True,8047.491,8042.39,0.0,0.017,1594.602,-3915776.0
ULB,FOLLOWUP_ULB_128,C_lexical,968456fc-adf3-4702-9393-20f3f75de658,blocked,generated_blocked,True,12286.213,12272.001,9.567,0.028,1807.492,147456.0
ULB,FOLLOWUP_ULB_121,D_hybrid,9ac49e68-e754-471c-a9c5-f91ef2270587,blocked,generated_blocked,True,10273.96,10252.974,16.292,0.035,1458.269,770048.0
ULB,FOLLOWUP_ULB_127,B_dense,9d67dea4-698a-4832-ba78-b50f40224316,completed,generated_released,True,12529.675,12518.813,6.199,0.013,1889.617,81920.0
ULB,FOLLOWUP_ULB_130,B_lexical,af93869a-55fe-4e4b-8d18-186c32fb6103,completed,generated_released,True,12729.968,12715.666,9.619,0.025,1895.568,3293184.0
ULB,FOLLOWUP_ULB_125,B_dense,af9fe406-88b3-45d4-9d43-c0a6e3569a7c,completed,generated_released,True,11575.829,11564.717,6.453,0.013,1715.542,786432.0
ULB,FOLLOWUP_ULB_130,D_hybrid,b0a0e098-c504-41a2-ac8e-c4cc93637e50,blocked,generated_blocked,True,13277.888,13257.531,15.654,0.039,1974.413,671744.0
ULB,FOLLOWUP_ULB_127,A_direct,b0af9eb3-0886-4a79-bddf-f2c5d73a5352,completed,generated_released,True,8908.199,8903.682,0.0,0.021,1751.286,540672.0
ULB,FOLLOWUP_ULB_122,C_lexical,b760fe8d-d73e-4ed9-8a6b-7ecbf179815a,completed,generated_released,True,11959.174,11944.738,9.661,0.062,1770.021,-2539520.0
ULB,FOLLOWUP_ULB_124,C_dense,b7c99a8e-3a0f-4d7f-9256-b7131e3c9b88,blocked,generated_blocked,True,10723.899,10712.794,6.436,0.043,1577.195,4063232.0
ULB,FOLLOWUP_ULB_129,A_direct,b9a758b8-14e4-44a7-858f-34979cb54048,completed,generated_released,True,13767.282,13762.102,0.0,0.017,3578.068,-174997504.0
ULB,FOLLOWUP_ULB_122,B_lexical,bc701c44-7ceb-484f-80de-113fa7935388,completed,generated_released,True,12720.827,12706.373,9.816,0.023,1886.913,1277952.0
ULB,FOLLOWUP_ULB_127,D_hybrid,bd788c53-7df0-4cbe-953c-6dbdf4d0fac5,blocked,generated_blocked,True,8429.44,8408.305,16.367,0.024,1155.244,3096576.0
ULB,FOLLOWUP_ULB_123,B_dense,beaecfb9-59d2-4550-98aa-0c2dcaead6a6,completed,generated_released,True,10308.924,10297.722,6.563,0.019,1543.095,753664.0
ULB,FOLLOWUP_ULB_122,B_dense,c0530b6d-0eff-4518-a29d-b3d9a9814109,completed,generated_released,True,9362.771,9351.372,6.73,0.025,1354.493,1310720.0
ULB,FOLLOWUP_ULB_126,B_lexical,c31790f9-44ad-4b1d-8d4b-397420054ef7,completed,generated_released,True,11851.296,11836.332,10.068,0.016,1768.931,3883008.0
ULB,FOLLOWUP_ULB_127,B_lexical,cd31c690-04cf-4e69-8a43-e31e1b977c14,completed,generated_released,True,11088.161,11073.794,9.751,0.02,1635.222,180224.0
ULB,FOLLOWUP_ULB_121,C_lexical,ce58ca67-d428-435a-9d72-a77f03f26d2d,blocked,generated_blocked,True,9754.831,9740.465,9.636,0.04,1394.89,786432.0
ULB,FOLLOWUP_ULB_124,B_dense,d3bc7639-b1f7-4ffd-ae52-0100382557b7,completed,generated_released,True,11941.018,11929.391,7.028,0.013,1784.94,3948544.0
ULB,FOLLOWUP_ULB_125,A_direct,d4d2d442-b2ae-484d-ad9b-9920abfb35b3,completed,generated_released,True,8271.34,8266.758,0.0,0.014,1614.888,1916928.0
ULB,FOLLOWUP_ULB_122,D_hybrid,d8d3ebf1-53d9-4cd5-b1d7-e11a49f26baa,blocked,generated_blocked,True,13174.125,13152.371,16.991,0.041,1933.178,851968.0
ULB,FOLLOWUP_ULB_123,C_lexical,db49a4aa-a7dc-4e4b-8b7f-831fd3583f52,blocked,generated_blocked,True,11306.045,11291.803,9.585,0.039,1734.022,819200.0
ULB,FOLLOWUP_ULB_126,C_lexical,e0dc5065-c859-4f6a-8799-e05adc36a594,blocked,generated_blocked,True,11606.498,11592.039,9.692,0.049,1724.076,917504.0
ULB,FOLLOWUP_ULB_126,B_dense,e612a65f-88cf-4119-833f-58eeab4b2392,completed,generated_released,True,12359.225,12346.589,7.975,0.014,1873.954,-1835008.0
ULB,FOLLOWUP_ULB_124,B_lexical,ed6746dd-9855-4986-a244-95020a51e82a,completed,generated_released,True,11232.904,11218.576,9.683,0.016,1651.718,4210688.0
ULB,FOLLOWUP_ULB_129,C_dense,ef505fb7-1aa0-40b5-8c25-3dacb3004e7b,blocked,generated_blocked,True,10934.617,10924.035,5.806,0.051,1801.66,1114112.0
ULB,FOLLOWUP_ULB_126,A_direct,ef8c0ce4-237a-4b25-9de8-459583d5b8a8,completed,generated_released,True,7877.95,7872.674,0.0,0.022,1549.629,1261568.0
ULB,FOLLOWUP_ULB_122,A_direct,eff31aa7-bd4b-4c78-95c0-66d80e2b6d17,completed,generated_released,True,7848.906,7844.33,0.0,0.02,1534.1,3604480.0
ULB,FOLLOWUP_ULB_121,A_direct,fb167d32-31bf-407d-93ec-7be4ab703f00,completed,generated_released,True,8371.255,8366.75,0.0,0.024,1642.813,688128.0
ULB,FOLLOWUP_ULB_123,C_dense,fcc1fed2-fdca-43a2-9094-59afb84992b4,blocked,generated_blocked,True,7014.925,7003.817,6.433,0.034,958.351,770048.0
ULB,FOLLOWUP_ULB_122,C_dense,fd38b491-f9a0-4bb2-ae93-c2a4b2291faa,blocked,generated_blocked,True,10935.622,10924.578,6.264,0.049,1606.471,819200.0
ULB,FOLLOWUP_ULB_131,C_dense,030738fc-e58d-43e5-8338-43546bdbd8f6,blocked,generated_blocked,True,12660.78,12650.322,5.305,0.04,1505.872,753664.0
ULB,FOLLOWUP_ULB_136,B_lexical,05ac0d56-6765-46ed-be99-204ba68ee80b,completed,generated_released,True,12729.517,12714.226,10.3,0.026,1939.213,999424.0
ULB,FOLLOWUP_ULB_134,B_lexical,05eb7404-fb40-4149-bf57-9a0418e70a75,completed,generated_released,True,10719.444,10705.145,9.6,0.019,1596.731,98304.0
ULB,FOLLOWUP_ULB_137,A_direct,0ad88ec0-383c-4fef-b590-1f662e17b17e,completed,generated_released,True,10166.145,10161.444,0.0,0.016,1999.227,737280.0
ULB,FOLLOWUP_ULB_134,C_lexical,0c31d157-4ef0-46c9-b82e-4e1daaf93130,blocked,generated_blocked,True,10891.954,10876.818,10.044,0.037,1632.537,2916352.0
ULB,FOLLOWUP_ULB_132,D_hybrid,11406ff4-fc4c-448b-bcf1-b956a8172e7e,blocked,generated_blocked,True,11817.889,11797.513,15.328,0.039,1842.412,671744.0
ULB,FOLLOWUP_ULB_137,D_hybrid,12eb104a-6994-472c-914b-868d6e3d5114,blocked,generated_blocked,True,13562.839,13542.77,15.034,0.044,1958.33,4374528.0
ULB,FOLLOWUP_ULB_136,B_dense,1ca4eeab-0f9f-4a58-9d7c-e1645d138f95,completed,generated_released,True,12370.502,12360.842,5.041,0.014,1885.614,-1933312.0
ULB,FOLLOWUP_ULB_132,B_dense,226f166f-1a56-45f4-8ace-859c1a86a562,completed,generated_released,True,12696.107,12686.375,5.01,0.016,1969.063,-2113536.0
ULB,FOLLOWUP_ULB_136,C_lexical,24697e69-9f19-4f6a-9087-a0c690b3ab28,blocked,generated_blocked,True,10162.429,10145.582,9.669,0.035,1492.883,3751936.0
ULB,FOLLOWUP_ULB_137,C_lexical,2ca388f0-5742-4489-ad12-cacfc5a95ebf,blocked,generated_blocked,True,12599.996,12584.027,10.793,0.029,1757.027,3817472.0
ULB,FOLLOWUP_ULB_138,A_direct,2e4caa0f-6aed-46d8-bd00-170812c90d4b,completed,generated_released,True,10847.781,10843.21,0.0,0.013,1792.913,-1359872.0
ULB,FOLLOWUP_ULB_132,C_dense,34e4bae5-726b-43be-b46d-54fa7423b9d0,blocked,generated_blocked,True,12564.516,12554.936,4.369,0.049,2050.009,1097728.0
ULB,FOLLOWUP_ULB_133,C_dense,35fedef9-752b-45e2-832a-ef159b37b9f2,blocked,generated_blocked,True,9730.423,9719.692,5.084,0.028,1107.968,3194880.0
ULB,FOLLOWUP_ULB_139,C_lexical,3838e915-42fd-4df1-a91c-437ed6077ada,blocked,generated_blocked,True,10835.2,10819.964,10.097,0.036,1643.313,-1736704.0
ULB,FOLLOWUP_ULB_131,B_dense,3e9fcd77-40e8-4b83-add0-e3a23b0bf046,completed,generated_released,True,13720.635,13710.873,5.191,0.011,1657.937,704512.0
ULB,FOLLOWUP_ULB_133,B_dense,46587027-453f-4fc7-8b2f-5ef90a0d43ae,completed,generated_released,True,12987.436,12975.93,5.576,0.015,1587.05,49152.0
ULB,FOLLOWUP_ULB_131,A_direct,4669a7a6-6229-4038-976f-a4f46437a0c9,completed,generated_released,True,7793.977,7789.502,0.0,0.021,1282.178,851968.0
ULB,FOLLOWUP_ULB_139,D_hybrid,4d139d43-10bb-4a22-8aea-1efdab803cb2,blocked,generated_blocked,True,10955.061,10726.563,152.305,0.039,1537.149,22708224.0
ULB,FOLLOWUP_ULB_136,C_dense,524bc305-2768-415a-bf81-3ae493d58e11,blocked,generated_blocked,True,10587.563,10577.294,5.629,0.033,1578.214,-2097152.0
ULB,FOLLOWUP_ULB_135,C_lexical,5332d287-cfe3-4a80-b881-9cc9a0892531,blocked,generated_blocked,True,13124.573,13109.881,9.985,0.038,1568.185,753664.0
ULB,FOLLOWUP_ULB_137,C_dense,591f94a5-7be3-4c72-82c8-dbb0b89fc64b,blocked,generated_blocked,True,11228.672,11218.599,4.845,0.045,1763.847,-2179072.0
ULB,FOLLOWUP_ULB_140,B_dense,5a125e84-5b63-4934-b9be-37bb48c461f3,completed,generated_released,True,17231.678,17220.463,5.736,0.015,2237.864,753664.0
ULB,FOLLOWUP_ULB_139,A_direct,5aeffe7c-2db4-4ad8-937a-f00033fe68d0,completed,generated_released,True,8172.451,8166.167,0.0,0.015,1638.364,1638400.0
ULB,FOLLOWUP_ULB_135,D_hybrid,60eb22ab-dfa3-4726-9ef2-4074ebae2efd,blocked,generated_blocked,True,15461.322,15437.735,17.633,0.058,1885.772,-2310144.0
ULB,FOLLOWUP_ULB_140,B_lexical,610a8ec4-72a9-4970-8395-6a69ade2497f,completed,generated_released,True,16160.753,16144.433,11.028,0.017,2078.915,770048.0
ULB,FOLLOWUP_ULB_140,C_lexical,61afdbaf-6fea-489f-a453-387beeff663a,blocked,generated_blocked,True,14328.389,14312.54,10.792,0.046,1866.263,802816.0
ULB,FOLLOWUP_ULB_139,B_dense,633d5bdd-be98-40e6-937f-6410a9625258,completed,generated_released,True,11170.719,11160.552,5.432,0.018,1680.321,1622016.0
ULB,FOLLOWUP_ULB_133,A_direct,6905c59a-e296-4202-9143-3677775f1e1c,completed,generated_released,True,12525.024,12519.844,0.0,0.017,2307.616,-81920.0
ULB,FOLLOWUP_ULB_135,C_dense,691ed4ea-2b27-4e09-aa7b-248d12468fd4,blocked,generated_blocked,True,13018.927,13008.757,5.159,0.034,1558.556,622592.0
ULB,FOLLOWUP_ULB_134,C_dense,6f0683c5-1b35-4065-ad09-abe40c5d74e9,blocked,generated_blocked,True,11108.875,11098.19,5.47,0.041,1650.989,0.0
ULB,FOLLOWUP_ULB_140,A_direct,74c843c5-3f06-4e15-b9d2-2fbed235cc27,completed,generated_released,True,9564.418,9559.167,0.0,0.015,1736.475,753664.0
ULB,FOLLOWUP_ULB_133,C_lexical,796478e0-f6bb-42e8-84fa-9c939c3f8f86,blocked,generated_blocked,True,18520.691,18504.444,11.007,0.03,2373.364,16384.0
ULB,FOLLOWUP_ULB_139,B_lexical,82db7045-2520-4820-a27b-2230b2206fc2,completed,generated_released,True,10433.364,10417.747,10.183,0.025,1536.133,4308992.0
ULB,FOLLOWUP_ULB_138,C_dense,86423406-fe75-429e-a205-70a6cdc1efde,blocked,generated_blocked,True,13602.508,13592.253,5.575,0.031,1619.565,802816.0
ULB,FOLLOWUP_ULB_138,D_hybrid,8811e7d1-2919-4757-8fe8-5155599c0e69,blocked,generated_blocked,True,14358.333,14338.087,15.566,0.034,1699.572,655360.0
ULB,FOLLOWUP_ULB_131,C_lexical,90bdc3b7-5f76-4025-bfe7-39c149fddbb2,blocked,generated_blocked,True,12706.74,12691.704,10.336,0.029,1504.933,704512.0
ULB,FOLLOWUP_ULB_140,D_hybrid,95fd3359-fd01-4474-86aa-badca7db69d6,blocked,generated_blocked,True,15163.386,15140.162,16.841,0.048,1882.756,-2260992.0
ULB,FOLLOWUP_ULB_131,D_hybrid,a07675dc-afe1-4b8c-82b2-cb1bf05d5cca,blocked,generated_blocked,True,14295.859,14275.487,15.274,0.021,1675.939,753664.0
ULB,FOLLOWUP_ULB_138,B_dense,a213661f-431a-4378-9baf-e689f02f15b6,completed,generated_released,True,15865.071,15854.991,5.282,0.024,1939.617,737280.0
ULB,FOLLOWUP_ULB_136,A_direct,a88825fd-2f26-4b94-aee9-c85df89fe1a5,completed,generated_released,True,9391.124,9386.26,0.0,0.014,1890.052,819200.0
ULB,FOLLOWUP_ULB_139,C_dense,a8aa7737-c13c-4da3-9c75-9de37f3bffe0,blocked,generated_blocked,True,36389.18,36085.027,288.734,6.504,7715.472,-695009280.0
ULB,FOLLOWUP_ULB_133,B_lexical,a8b501cc-ef21-4a44-9699-6f32f94eee1e,completed,generated_released,True,16996.407,16978.563,11.789,0.016,2175.489,49152.0
ULB,FOLLOWUP_ULB_140,C_dense,adf2bd79-ab75-4ad5-b985-df841ce33c8f,blocked,generated_blocked,True,15776.243,15765.889,5.245,0.03,2041.302,802816.0
ULB,FOLLOWUP_ULB_135,A_direct,af232a97-b5a0-4d06-8666-cafbcbebd8da,completed,generated_released,True,10446.04,10440.516,0.0,0.015,1903.674,3604480.0
ULB,FOLLOWUP_ULB_134,B_dense,b88642ba-8924-44b1-8d58-23d209cc7844,completed,generated_released,True,10590.156,10579.591,5.552,0.019,1590.096,0.0
ULB,FOLLOWUP_ULB_134,A_direct,bfb1ba1a-1b43-4bfb-81b1-5730fc0eaf3b,completed,generated_released,True,9521.147,9516.614,0.0,0.018,1913.176,409600.0
ULB,FOLLOWUP_ULB_136,D_hybrid,c5e6e7e1-f241-4cb4-af0c-56c1a69aa834,blocked,generated_blocked,True,12686.575,12667.296,14.515,0.025,1869.344,3817472.0
ULB,FOLLOWUP_ULB_134,D_hybrid,c8f41ed0-557f-47d2-8dd4-806f377a1f89,blocked,generated_blocked,True,10968.059,10947.372,15.624,0.035,1607.414,32768.0
ULB,FOLLOWUP_ULB_138,B_lexical,d1a76289-fdd6-4ccb-9840-c0fb2de8b1ae,completed,generated_released,True,12542.563,12527.168,9.692,0.019,1492.932,-2392064.0
ULB,FOLLOWUP_ULB_137,B_lexical,d2acf105-a0cb-4c37-9c68-c477361d9422,completed,generated_released,True,14283.993,14268.538,10.629,0.016,1950.108,3637248.0
ULB,FOLLOWUP_ULB_135,B_lexical,d43b96ac-2955-483c-ae31-c7a551e140bc,completed,generated_released,True,17575.816,17558.613,11.451,0.022,2248.329,753664.0
ULB,FOLLOWUP_ULB_132,A_direct,db0974e0-6972-4fdd-b160-ed6eea99e406,completed,generated_released,True,8603.647,8598.577,0.0,0.016,1827.025,720896.0
ULB,FOLLOWUP_ULB_137,B_dense,dbcef99d-11c5-417e-8019-39bc2a7a7868,completed,generated_released,True,13664.653,13655.681,4.142,0.026,2053.642,-2015232.0
ULB,FOLLOWUP_ULB_138,C_lexical,dc77ed12-180c-43a2-b733-f1fdd3e7dc09,completed,generated_released,True,16003.487,15988.753,10.004,0.059,1953.212,3719168.0
ULB,FOLLOWUP_ULB_132,C_lexical,df106512-c062-4d4e-83a4-c4ab85aeeba8,blocked,generated_blocked,True,12880.289,12863.934,10.516,0.052,2044.087,3981312.0
ULB,FOLLOWUP_ULB_135,B_dense,e6606939-7cb0-4223-b92b-0f26b45e2575,completed,generated_released,True,17166.043,17155.51,5.342,0.026,2123.106,851968.0
ULB,FOLLOWUP_ULB_131,B_lexical,f115fba7-740c-4d08-a3dc-215c37e54ad3,completed,generated_released,True,15616.46,15602.13,9.676,0.019,1895.662,819200.0
ULB,FOLLOWUP_ULB_132,B_lexical,f7b9f56a-24a8-47c2-8a11-abb3fa70352f,completed,generated_released,True,12572.695,12558.295,9.748,0.015,1895.004,737280.0
ULB,FOLLOWUP_ULB_133,D_hybrid,fa234ace-b477-4b01-b9cc-e042544f5278,blocked,generated_blocked,True,13102.515,13079.744,16.979,0.046,1575.827,65536.0
ULB,FOLLOWUP_ULB_146,C_lexical,00341329-20ba-4de0-a534-6fa2ccc25686,blocked,generated_blocked,True,16398.852,16382.914,10.049,0.04,1938.492,1196032.0
ULB,FOLLOWUP_ULB_145,B_lexical,03a3748b-bf63-4565-9aba-ff0ea4281b43,completed,generated_released,True,15444.987,15429.815,10.261,0.018,2042.094,16384.0
ULB,FOLLOWUP_ULB_148,B_dense,03f190ef-77cd-4116-bbc1-db108350d2db,completed,generated_released,True,13974.51,13964.56,5.282,0.017,1698.317,704512.0
ULB,FOLLOWUP_ULB_141,B_lexical,11f3d6d7-3d41-47b0-92d0-069d74ce1e04,completed,generated_released,True,16033.283,16018.771,9.552,0.018,1940.109,-819200.0
ULB,FOLLOWUP_ULB_148,C_lexical,12fb02bc-100b-4253-bd5c-048567518155,blocked,generated_blocked,True,13546.012,13530.993,10.145,0.038,1586.392,786432.0
ULB,FOLLOWUP_ULB_149,D_hybrid,18cc5b94-9b2f-48f0-a587-31c02e6d7311,blocked,generated_blocked,True,10868.751,10847.916,15.762,0.037,1103.109,1228800.0
ULB,FOLLOWUP_ULB_144,C_dense,1befd1b7-5a81-45e6-8ecb-0bb58679581b,blocked,generated_blocked,True,14742.497,14732.202,5.318,0.042,1735.975,868352.0
ULB,FOLLOWUP_ULB_149,C_dense,1cf66b88-e6a9-4cb9-bea1-03b2ab251554,completed,generated_released,True,16006.368,15974.774,26.417,0.064,1787.184,1622016.0
ULB,FOLLOWUP_ULB_145,A_direct,1e40fae3-ea5d-403a-8979-a338e9468215,completed,generated_released,True,10813.839,10809.072,0.0,0.022,1831.208,0.0
ULB,FOLLOWUP_ULB_144,A_direct,22002fdb-f4a3-48b5-8fa7-bbb785923ac3,completed,generated_released,True,11558.467,11553.601,0.0,0.015,1924.03,966656.0
ULB,FOLLOWUP_ULB_150,B_dense,23b87f03-030e-4839-84ba-3a07267206c4,completed,generated_released,True,15624.033,15612.838,5.134,0.022,1873.341,3653632.0
ULB,FOLLOWUP_ULB_148,D_hybrid,2fd22c35-6a1f-4376-adde-76d766749210,blocked,generated_blocked,True,13759.074,13738.759,15.569,0.034,1605.92,802816.0
ULB,FOLLOWUP_ULB_149,B_lexical,3c6db057-d6df-48e2-8e18-2431854b0288,completed,generated_released,True,16567.978,16549.741,10.141,2.471,1940.017,1294336.0
ULB,FOLLOWUP_ULB_147,A_direct,3e35d072-89e5-46e5-a569-ddb957e5bd1c,completed,generated_released,True,9690.146,9685.374,0.0,0.015,1579.313,65536.0
ULB,FOLLOWUP_ULB_148,B_lexical,3e57f1ec-585d-477f-b2ff-65992face2e5,completed,generated_released,True,14747.851,14733.551,9.673,0.015,1767.107,835584.0
ULB,FOLLOWUP_ULB_142,B_lexical,3f4d8eca-a9dd-40ed-8a70-54df824c7706,completed,generated_released,True,14874.166,14859.476,9.965,0.014,1753.346,2949120.0
ULB,FOLLOWUP_ULB_141,B_dense,449ac4ce-2e7c-4394-899d-ad684b6e0a2e,completed,generated_released,True,15483.684,15473.557,5.452,0.031,1927.912,737280.0
ULB,FOLLOWUP_ULB_142,C_dense,48ebe781-fdcb-4fc9-ab3f-cf1972a0294f,blocked,generated_blocked,True,14332.753,14322.409,5.669,0.033,1694.934,0.0
ULB,FOLLOWUP_ULB_143,B_lexical,50921d04-a5d5-4e76-89e5-629c6fff3f6f,completed,generated_released,True,14144.394,14129.332,10.287,0.014,1660.474,3440640.0
ULB,FOLLOWUP_ULB_148,C_dense,5272cb07-da89-4cf3-a22a-79e8de8cc8ef,blocked,generated_blocked,True,13557.255,13547.459,5.136,0.033,1609.503,671744.0
ULB,FOLLOWUP_ULB_142,A_direct,5ae4807f-4916-469e-b824-0bc7ca8f1c6a,completed,generated_released,True,9547.573,9542.296,0.0,0.013,1574.425,16384.0
ULB,FOLLOWUP_ULB_146,C_dense,5ee60e0d-56ae-4529-99cf-b1b4327f887e,blocked,generated_blocked,True,13728.494,13718.092,5.653,0.033,1607.446,851968.0
ULB,FOLLOWUP_ULB_142,B_dense,72e3a9ed-9efe-4f4d-aeab-a2cc5775be41,completed,generated_released,True,12397.937,12388.124,5.195,0.02,1445.595,-2834432.0
ULB,FOLLOWUP_ULB_146,A_direct,745da83c-5ee4-468a-9fd9-2fac40b773a6,completed,generated_released,True,10409.573,10403.755,0.0,0.013,1706.947,868352.0
ULB,FOLLOWUP_ULB_141,D_hybrid,77462286-4220-46e6-93cc-c84c3e00b3bc,blocked,generated_blocked,True,11746.986,11726.888,15.334,0.043,1331.06,3702784.0
ULB,FOLLOWUP_ULB_149,A_direct,7abd8f6a-195f-4c44-87db-d51f125d5d55,completed,generated_released,True,10423.25,10418.624,0.0,0.016,1642.141,1294336.0
ULB,FOLLOWUP_ULB_145,C_lexical,7cf0de6f-451c-4083-b557-4bec5759e107,completed,generated_released,True,15474.296,15458.844,9.661,0.069,1886.034,-2473984.0
ULB,FOLLOWUP_ULB_147,D_hybrid,7dc587b4-911a-41de-9bc3-105a66bcae6a,blocked,generated_blocked,True,14840.951,14820.119,15.922,0.029,1714.735,-1605632.0
ULB,FOLLOWUP_ULB_143,B_dense,84a87ca5-3024-43b3-9994-bd0b8dd73ce9,completed,generated_released,True,16024.655,16014.893,5.104,0.023,1919.202,802816.0
ULB,FOLLOWUP_ULB_142,D_hybrid,871f5e97-15af-4d4f-b4ab-ded5582d883a,blocked,generated_blocked,True,13943.949,13923.078,16.099,0.034,1631.289,-2899968.0
ULB,FOLLOWUP_ULB_146,B_dense,87c93788-5f17-4acc-99b9-b42a234881a7,completed,generated_released,True,14196.137,14184.246,6.301,0.013,1685.986,3768320.0
ULB,FOLLOWUP_ULB_149,C_lexical,8878b598-dee0-4fcf-92b8-f51b8b62a3ac,blocked,generated_blocked,True,13087.787,12986.262,39.776,0.304,1436.141,25165824.0
ULB,FOLLOWUP_ULB_143,C_dense,92944e62-1d8e-4bfe-9b63-f0fb5aa697ca,blocked,generated_blocked,True,16176.804,16166.989,5.056,0.025,1942.07,753664.0
ULB,FOLLOWUP_ULB_142,C_lexical,93ab36a4-ffca-4a08-90a5-0aee78ff831b,blocked,generated_blocked,True,13723.859,13709.603,9.625,0.033,1595.703,-49152.0
ULB,FOLLOWUP_ULB_145,D_hybrid,99bc5848-b133-4a3e-b16e-3ac3b993cb1e,blocked,generated_blocked,True,15392.321,15368.9,17.398,0.054,1851.716,-2949120.0
ULB,FOLLOWUP_ULB_144,B_dense,9a45f9ab-9e6a-469a-b92f-d2932499c8b2,completed,generated_released,True,16045.701,16034.042,5.606,0.021,1935.445,868352.0
ULB,FOLLOWUP_ULB_146,D_hybrid,9a6e81fd-0c12-4eaf-875e-158cd1d60fd3,blocked,generated_blocked,True,13542.983,13521.215,16.015,0.044,1571.156,1064960.0
ULB,FOLLOWUP_ULB_141,C_dense,9c891435-a7b6-4db2-a65a-7048a536226c,blocked,generated_blocked,True,13467.592,13457.398,5.131,0.038,1575.855,704512.0
ULB,FOLLOWUP_ULB_150,C_lexical,9cdea851-3e97-49bc-ba23-ae4142077084,blocked,generated_blocked,True,13056.237,13041.055,10.447,0.025,1545.18,917504.0
ULB,FOLLOWUP_ULB_143,D_hybrid,9d7e56fa-4d9d-417e-911d-50b1e947cd8d,blocked,generated_blocked,True,16238.267,16217.979,15.499,0.024,1894.417,655360.0
ULB,FOLLOWUP_ULB_147,C_dense,9fcb54d5-cbe1-4d11-a547-8c6bf4be8edf,blocked,generated_blocked,True,13197.94,13187.038,6.163,0.022,1598.89,32768.0
ULB,FOLLOWUP_ULB_145,B_dense,a05920c1-cce0-4318-9055-53e7e18d4533,completed,generated_released,True,16080.699,16068.169,5.972,0.022,1939.314,0.0
ULB,FOLLOWUP_ULB_144,B_lexical,a9853c5a-1842-4599-8bb4-deae0c51b129,completed,generated_released,True,12898.508,12883.238,10.087,0.018,1907.368,884736.0
ULB,FOLLOWUP_ULB_150,A_direct,b5a78b72-4532-49c4-83b5-fdb1b088ab51,completed,generated_released,True,9839.075,9834.594,0.0,0.013,1621.117,819200.0
ULB,FOLLOWUP_ULB_145,C_dense,b6c07e0d-83ec-49f9-9471-e934fb38bf18,blocked,generated_blocked,True,14799.466,14788.062,5.363,0.049,1998.102,2981888.0
ULB,FOLLOWUP_ULB_150,D_hybrid,b9ebcc90-2ef8-427e-ad0f-0b1d4f811a0a,blocked,generated_blocked,True,12972.151,12952.115,15.316,0.037,1469.65,688128.0
ULB,FOLLOWUP_ULB_141,C_lexical,ba6421fd-dc98-4cc9-b96d-c9895fb5aec1,blocked,generated_blocked,True,12149.519,12135.069,9.702,0.027,1422.121,704512.0
ULB,FOLLOWUP_ULB_147,B_dense,be8d618e-b48d-486c-9a21-f93c1ff1aa90,completed,generated_released,True,7277.357,7266.769,5.43,0.019,755.534,49152.0
ULB,FOLLOWUP_ULB_147,B_lexical,c9dae76b-6598-4778-bb0a-362360415b38,completed,generated_released,True,12277.005,12262.274,9.984,0.021,1438.369,2949120.0
ULB,FOLLOWUP_ULB_143,A_direct,cdd01600-25de-4fbd-98dc-ba4a0930997b,completed,generated_released,True,9952.77,9947.951,0.0,0.013,1637.446,-2260992.0
ULB,FOLLOWUP_ULB_144,C_lexical,d6051b6f-9d1d-4aa2-b2b3-5e6e9b0aa081,blocked,generated_blocked,True,13737.418,13722.965,9.679,0.033,1594.961,770048.0
ULB,FOLLOWUP_ULB_150,C_dense,e150f52f-0f10-4dba-b37d-dcc2c83f0ceb,blocked,generated_blocked,True,12865.277,12854.528,5.674,0.048,1504.547,737280.0
ULB,FOLLOWUP_ULB_143,C_lexical,e7ed3d64-74b4-4a12-a532-26b7370f38ba,blocked,generated_blocked,True,12604.552,12589.807,9.564,0.026,1453.967,638976.0
ULB,FOLLOWUP_ULB_141,A_direct,ebf0aec1-3abe-48c2-91ee-c0f4f8b84cb0,completed,generated_released,True,9721.945,9716.947,0.0,0.013,1588.727,-737280.0
ULB,FOLLOWUP_ULB_144,D_hybrid,ebfce8d9-cc2c-4994-8947-4971818d4080,blocked,generated_blocked,True,14459.112,14438.764,15.676,0.032,1658.199,933888.0
ULB,FOLLOWUP_ULB_148,A_direct,f0f32763-dc06-4127-b0f0-c35fcc0cf513,completed,generated_released,True,10138.948,10134.407,0.0,0.02,1697.082,753664.0
ULB,FOLLOWUP_ULB_147,C_lexical,f2b7c2a8-61c7-46c1-b345-fd5b307c681f,blocked,generated_blocked,True,13748.088,13733.734,9.635,0.025,1585.011,0.0
ULB,FOLLOWUP_ULB_149,B_dense,f840fd1d-4901-4d12-af8a-9d3c3ba3cc4c,completed,generated_released,True,25738.061,25367.073,360.374,1.55,5635.845,-685965312.0
ULB,FOLLOWUP_ULB_146,B_lexical,fc27346d-5269-49d6-8340-b872af6f955b,completed,generated_released,True,16098.264,16083.303,10.12,0.013,1945.07,851968.0
ULB,FOLLOWUP_ULB_150,B_lexical,ff3e9824-3cca-4d1b-8c5a-6f85f06a5130,completed,generated_released,True,14435.838,14420.629,9.877,0.017,1725.814,-753664.0
Sparkov,FOLLOWUP_SPARKOV_008,C_lexical,04706dd0-d0c0-40df-88cd-514b9ad9d204,suppressed,pre_generation_suppressed,False,20.226,,9.975,,0.0,0.0
Sparkov,FOLLOWUP_SPARKOV_005,D_hybrid,09adb89e-8d79-41c3-8770-bf748eebae97,suppressed,pre_generation_suppressed,False,35.13,,21.575,,0.0,0.0
Sparkov,FOLLOWUP_SPARKOV_009,C_lexical,1097dc93-4df5-4766-8101-704c2585a410,suppressed,pre_generation_suppressed,False,19.091,,9.558,,0.0,0.0
Sparkov,FOLLOWUP_SPARKOV_010,B_lexical,140174dd-091c-433d-8e93-8a5cd30529e3,completed,generated_released,True,16072.592,16051.516,9.696,0.025,2657.583,3309568.0
Sparkov,FOLLOWUP_SPARKOV_007,C_lexical,1850dd6c-f83d-4739-8f84-d4006018c3d7,suppressed,pre_generation_suppressed,False,18.641,,9.6,,0.0,0.0
Sparkov,FOLLOWUP_SPARKOV_002,B_lexical,1a3c7bab-b069-4b30-9ec8-f4f261bad378,completed,generated_released,True,11253.965,11231.072,10.351,0.014,1867.631,1097728.0
Sparkov,FOLLOWUP_SPARKOV_008,B_dense,1eaa695b-cf24-40f9-8160-c6f31bbc5c95,completed,generated_released,True,10674.225,10658.309,6.085,0.02,1967.137,1720320.0
Sparkov,FOLLOWUP_SPARKOV_001,A_direct,20924962-39da-46e9-b865-edea4100f2a3,completed,generated_released,True,63260.487,63250.974,0.0,0.014,9044.197,-59015168.0
Sparkov,FOLLOWUP_SPARKOV_002,C_lexical,292c35a7-5553-4307-903b-527c409345b6,suppressed,pre_generation_suppressed,False,19.647,,9.95,,0.0,0.0
Sparkov,FOLLOWUP_SPARKOV_004,A_direct,2db04ff1-ac3b-4450-9660-3872d55c63c3,completed,generated_released,True,72493.708,72484.434,0.0,0.019,11004.322,-11223040.0
Sparkov,FOLLOWUP_SPARKOV_005,C_dense,33278612-31cf-4715-be5c-e84ba2ae161b,suppressed,pre_generation_suppressed,False,16.1,,6.853,,0.0,0.0
Sparkov,FOLLOWUP_SPARKOV_004,B_lexical,3396c221-59c5-4f83-835b-6624bd79ed1f,completed,generated_released,True,10088.543,10066.153,10.394,0.012,1673.951,3702784.0
Sparkov,FOLLOWUP_SPARKOV_007,B_dense,3658c02b-6a89-4e35-90be-785534104f9a,completed,generated_released,True,12002.139,11984.522,6.395,0.021,2058.232,3080192.0
Sparkov,FOLLOWUP_SPARKOV_002,D_hybrid,3684b9ff-dd0a-4755-80b7-7079a94391e4,suppressed,pre_generation_suppressed,False,26.854,,17.793,,0.0,0.0
Sparkov,FOLLOWUP_SPARKOV_006,D_hybrid,3b56866d-5f67-444d-b637-509e128f86af,suppressed,pre_generation_suppressed,False,25.112,,16.554,,0.0,0.0
Sparkov,FOLLOWUP_SPARKOV_010,C_lexical,3f3b64c5-adca-4bc3-994a-d0f8075d94e2,suppressed,pre_generation_suppressed,False,19.701,,10.087,,0.0,0.0
Sparkov,FOLLOWUP_SPARKOV_001,D_hybrid,417ab58b-3339-4f4e-997e-79d9e175b9e9,suppressed,pre_generation_suppressed,False,24.666,,15.374,,0.0,0.0
Sparkov,FOLLOWUP_SPARKOV_005,A_direct,5244274d-e564-4202-9f9c-47b025403600,completed,generated_released,True,60305.889,60296.87,0.0,0.016,8904.098,-6062080.0
Sparkov,FOLLOWUP_SPARKOV_006,C_dense,54614ea3-1c54-4524-ab63-747ae698e88a,suppressed,pre_generation_suppressed,False,14.269,,5.782,,0.0,0.0
Sparkov,FOLLOWUP_SPARKOV_008,A_direct,55a2b9d3-505a-412e-8e45-5a84e9adc79b,completed,generated_released,True,66566.463,66556.658,0.0,0.018,10146.484,-56672256.0
Sparkov,FOLLOWUP_SPARKOV_007,B_lexical,573801f8-b962-41ce-8580-2194aba11bfd,completed,generated_released,True,11058.348,11035.058,9.957,0.018,1860.571,1900544.0
Sparkov,FOLLOWUP_SPARKOV_004,B_dense,5acd6bbf-ddf5-49e9-ae30-103d38e4092d,completed,generated_released,True,7559.147,6700.861,846.979,0.02,1082.564,4636672.0
Sparkov,FOLLOWUP_SPARKOV_003,B_lexical,5e8618c6-a8d4-434e-8677-7677ed762133,completed,generated_released,True,13230.63,13207.888,10.531,0.013,2293.84,4423680.0
Sparkov,FOLLOWUP_SPARKOV_005,B_lexical,605d3d65-1332-4b3b-8cfd-13901b6f041e,completed,generated_released,True,7235.549,7216.35,9.809,0.013,1207.845,704512.0
Sparkov,FOLLOWUP_SPARKOV_005,C_lexical,72d8b505-4907-47d4-b3fa-b25d82146e73,suppressed,pre_generation_suppressed,False,19.491,,9.871,,0.0,0.0
Sparkov,FOLLOWUP_SPARKOV_006,C_lexical,72f28979-307e-40e7-8009-1e0d4a68ce07,suppressed,pre_generation_suppressed,False,18.612,,9.653,,0.0,0.0
Sparkov,FOLLOWUP_SPARKOV_002,A_direct,79658c15-eb0c-482d-a67d-c19d2c070f77,completed,generated_released,True,77064.485,77055.121,0.0,0.015,10953.336,-4030464.0
Sparkov,FOLLOWUP_SPARKOV_002,B_dense,79d9f6b1-e88d-44c4-8a5e-367cbfc84459,completed,generated_released,True,8602.245,8587.404,5.161,0.013,1443.117,3686400.0
Sparkov,FOLLOWUP_SPARKOV_005,B_dense,82b5fdae-b4eb-4183-a419-12c4d84a54c4,completed,generated_released,True,9329.765,9314.688,5.187,0.015,1651.278,-2015232.0
Sparkov,FOLLOWUP_SPARKOV_001,B_lexical,84eb912f-54dc-444f-a911-c21c71a36d5c,completed,generated_released,True,12926.671,12905.059,9.658,0.013,2050.167,6062080.0
Sparkov,FOLLOWUP_SPARKOV_010,A_direct,8b1f9144-2ecf-498f-9470-9ad95503e8f9,completed,generated_released,True,56259.863,56251.048,0.0,0.018,8907.477,-3932160.0
Sparkov,FOLLOWUP_SPARKOV_006,A_direct,918e97a9-d962-4c3f-bb55-b7e2d014bc41,completed,generated_released,True,55047.589,55038.804,0.0,0.014,8587.025,-21790720.0
Sparkov,FOLLOWUP_SPARKOV_006,B_lexical,97367902-5e06-44b2-ba9f-47b85efbf44d,completed,generated_released,True,8423.007,8404.399,9.557,0.026,1054.748,1130496.0
Sparkov,FOLLOWUP_SPARKOV_009,B_lexical,97eeb445-8ca0-4997-82ac-e6a02fd58eef,completed,generated_released,True,14913.251,14815.468,53.401,0.015,1890.255,9535488.0
Sparkov,FOLLOWUP_SPARKOV_007,A_direct,99d776b3-2145-4f41-a518-982504013183,completed,generated_released,True,58866.892,58857.319,0.0,0.015,9033.415,-6078464.0
Sparkov,FOLLOWUP_SPARKOV_002,C_dense,9d4501ea-0c82-412e-a78b-15a36e3cd905,suppressed,pre_generation_suppressed,False,17.05,,7.972,,0.0,0.0
Sparkov,FOLLOWUP_SPARKOV_009,D_hybrid,a1745329-d740-412e-85e5-440b44f1a72b,suppressed,pre_generation_suppressed,False,26.88,,18.094,,0.0,0.0
Sparkov,FOLLOWUP_SPARKOV_004,C_lexical,a4b5694a-d80c-467f-9c8b-293e23fc41be,suppressed,pre_generation_suppressed,False,18.77,,9.662,,0.0,0.0
Sparkov,FOLLOWUP_SPARKOV_001,B_dense,a69c5a93-acae-4042-8c66-6443c0d7c9fe,completed,generated_released,True,13402.01,8436.925,4952.349,0.024,1491.526,5373952.0
Sparkov,FOLLOWUP_SPARKOV_003,D_hybrid,acda9870-e575-4873-9203-3834c6ca26d3,suppressed,pre_generation_suppressed,False,24.351,,15.512,,0.0,0.0
Sparkov,FOLLOWUP_SPARKOV_001,C_dense,ae66c5a0-7028-42c1-9454-819cf35b2c7a,suppressed,pre_generation_suppressed,False,15.506,,6.301,,0.0,0.0
Sparkov,FOLLOWUP_SPARKOV_006,B_dense,af131d04-9789-4e18-aa3b-86c3aeb96b3f,completed,generated_released,True,10700.795,10680.164,11.198,0.012,1433.06,1179648.0
Sparkov,FOLLOWUP_SPARKOV_009,C_dense,afe2993e-fb83-4f07-a1d1-0acc591c51ef,suppressed,pre_generation_suppressed,False,14.62,,5.953,,0.0,0.0
Sparkov,FOLLOWUP_SPARKOV_003,C_dense,b37fc93b-9b71-4be7-b4b7-18adf930e6ca,suppressed,pre_generation_suppressed,False,15.544,,6.133,,0.0,0.0
Sparkov,FOLLOWUP_SPARKOV_009,B_dense,b3b8a750-45c2-457d-aac0-3386057a964a,completed,generated_released,True,14488.217,13867.805,610.434,0.013,1930.716,2621440.0
Sparkov,FOLLOWUP_SPARKOV_007,C_dense,b7ea8e6c-c2ff-4697-b045-714f2351fc36,suppressed,pre_generation_suppressed,False,14.368,,5.124,,0.0,0.0
Sparkov,FOLLOWUP_SPARKOV_010,B_dense,bb192c0d-5cd9-43b8-ab3e-a2ac628aa83e,completed,generated_released,True,12063.916,12047.983,5.893,0.017,2127.528,819200.0
Sparkov,FOLLOWUP_SPARKOV_003,A_direct,bd3b2256-ce98-477a-b2f2-020775ca1622,completed,generated_released,True,58976.352,58966.754,0.0,0.017,9298.457,-5144576.0
Sparkov,FOLLOWUP_SPARKOV_009,A_direct,c2883afa-26f4-4881-9a12-b94d5ce3a443,completed,generated_released,True,8507.851,8495.988,0.0,0.095,2290.416,-339935232.0
Sparkov,FOLLOWUP_SPARKOV_008,C_dense,c716503c-3418-4984-90b1-93f5907ed0d1,suppressed,pre_generation_suppressed,False,16.105,,6.419,,0.0,0.0
Sparkov,FOLLOWUP_SPARKOV_003,B_dense,ca122a44-31c5-4a89-8afc-345e6c202f97,completed,generated_released,True,8839.141,8823.811,5.585,0.013,1509.835,983040.0
Sparkov,FOLLOWUP_SPARKOV_001,C_lexical,ccbe1e3d-5ebe-408f-ab36-120841f86240,suppressed,pre_generation_suppressed,False,20.841,,10.292,,0.0,0.0
Sparkov,FOLLOWUP_SPARKOV_008,B_lexical,d1378320-c8ef-48c0-a906-5ab7f59430c9,completed,generated_released,True,12223.059,12199.578,10.218,0.276,2002.338,1343488.0
Sparkov,FOLLOWUP_SPARKOV_010,D_hybrid,d53b1d21-d3e3-4472-8bcc-70bb34372f6c,suppressed,pre_generation_suppressed,False,29.923,,21.152,,0.0,0.0
Sparkov,FOLLOWUP_SPARKOV_004,D_hybrid,d894751e-9d8d-45db-a14c-bc5a975467fc,suppressed,pre_generation_suppressed,False,25.203,,15.723,,0.0,0.0
Sparkov,FOLLOWUP_SPARKOV_008,D_hybrid,dcbdab27-f9ee-47e9-910e-2adb2ea75102,suppressed,pre_generation_suppressed,False,27.747,,18.435,,0.0,0.0
Sparkov,FOLLOWUP_SPARKOV_003,C_lexical,df277db3-3979-480c-ad9d-09cf82f59fea,suppressed,pre_generation_suppressed,False,19.104,,9.75,,0.0,0.0
Sparkov,FOLLOWUP_SPARKOV_010,C_dense,e4ef77df-f079-4ab9-9ec1-959f4e17758e,suppressed,pre_generation_suppressed,False,14.882,,5.215,,0.0,0.0
Sparkov,FOLLOWUP_SPARKOV_004,C_dense,eb1857ee-9cab-4d14-8ce8-5d0e8bfdbf84,suppressed,pre_generation_suppressed,False,14.068,,5.457,,0.0,0.0
Sparkov,FOLLOWUP_SPARKOV_007,D_hybrid,ed18e40d-282e-4ae2-b297-6a7d528b1ad6,suppressed,pre_generation_suppressed,False,24.904,,15.586,,0.0,0.0
Sparkov,FOLLOWUP_SPARKOV_018,B_dense,0117e20d-da7f-4aed-ac34-8de8e057e520,completed,generated_released,True,10903.832,10889.21,5.048,0.018,1903.395,3178496.0
Sparkov,FOLLOWUP_SPARKOV_015,B_lexical,043f20db-fd04-40f7-b523-3640d3904fe5,completed,generated_released,True,12000.863,11978.738,9.732,0.012,1984.438,3997696.0
Sparkov,FOLLOWUP_SPARKOV_014,A_direct,0cf3dd7c-8497-491c-a45c-d1d63670561c,completed,generated_released,True,63131.914,63122.698,0.0,0.404,9229.384,-5242880.0
Sparkov,FOLLOWUP_SPARKOV_019,B_lexical,0d614c53-b044-4a6c-9e08-94199df675e1,completed,generated_released,True,11132.883,11090.794,14.307,0.017,1893.163,11878400.0
Sparkov,FOLLOWUP_SPARKOV_018,A_direct,0dc60cbd-37be-4751-8d9c-9d2c53cdbea0,completed,generated_released,True,68611.051,68601.83,0.0,0.015,10114.97,-10485760.0
Sparkov,FOLLOWUP_SPARKOV_011,B_dense,0dcb06c7-2d24-413c-94d8-ea69757923c3,completed,generated_released,True,9772.798,9757.084,6.214,0.017,1696.19,557056.0
Sparkov,FOLLOWUP_SPARKOV_011,C_dense,0eb54556-f872-48c9-b32f-ec096d615c9b,suppressed,pre_generation_suppressed,False,14.27,,5.214,,0.0,0.0
Sparkov,FOLLOWUP_SPARKOV_017,C_lexical,163183b4-eabe-4d10-81ab-3f8f05f0df3a,suppressed,pre_generation_suppressed,False,19.751,,9.903,,0.0,0.0
Sparkov,FOLLOWUP_SPARKOV_014,B_dense,226a141c-7748-4de6-acc4-fba9811cd3bc,completed,generated_released,True,11783.974,11762.423,11.023,0.012,2055.855,-2162688.0
Sparkov,FOLLOWUP_SPARKOV_013,D_hybrid,228e98c9-7472-44fc-b5d0-0eed55d9e0d2,suppressed,pre_generation_suppressed,False,27.286,,17.409,,0.0,0.0
Sparkov,FOLLOWUP_SPARKOV_020,A_direct,22dd5097-a57e-43ae-8712-0d2179cebae6,completed,generated_released,True,60595.656,60587.047,0.0,0.015,9153.636,-8273920.0
Sparkov,FOLLOWUP_SPARKOV_017,D_hybrid,25afe5ea-b6eb-4724-b495-4287689f0dd0,suppressed,pre_generation_suppressed,False,28.001,,17.952,,0.0,0.0
Sparkov,FOLLOWUP_SPARKOV_015,C_dense,2808cac2-345d-4b1a-a867-c42f7c447777,suppressed,pre_generation_suppressed,False,14.974,,5.811,,0.0,0.0
Sparkov,FOLLOWUP_SPARKOV_020,B_lexical,2b486845-75e6-45bd-8e8b-28ee51dd7e49,completed,generated_released,True,10562.642,10540.405,9.725,0.026,1923.078,4194304.0
Sparkov,FOLLOWUP_SPARKOV_012,C_dense,2f5e78cd-e9c6-4896-8f43-3e53b2aa288d,suppressed,pre_generation_suppressed,False,14.123,,5.547,,0.0,0.0
Sparkov,FOLLOWUP_SPARKOV_019,A_direct,34cb6439-a89d-4e0e-8207-9276ad8e53f1,completed,generated_released,True,8331.869,8320.557,0.0,0.149,2382.869,-459423744.0
Sparkov,FOLLOWUP_SPARKOV_012,B_lexical,34ded8e2-0a2f-4246-9c12-efa0dd7375fb,completed,generated_released,True,8669.269,8649.781,10.234,0.018,1448.424,835584.0
Sparkov,FOLLOWUP_SPARKOV_011,A_direct,383e489b-f533-432e-9eea-46fcb1df9de4,completed,generated_released,True,66904.048,66894.708,0.0,0.017,9735.238,-12795904.0
Sparkov,FOLLOWUP_SPARKOV_020,B_dense,38eb3c6d-602c-4ef1-b14a-c7f500e38d33,completed,generated_released,True,12432.625,12416.369,5.962,0.023,2323.532,1228800.0
Sparkov,FOLLOWUP_SPARKOV_015,C_lexical,3e2ec2de-3810-4d04-91c7-8ddbba9a4bed,suppressed,pre_generation_suppressed,False,19.922,,9.816,,0.0,0.0
Sparkov,FOLLOWUP_SPARKOV_019,C_dense,4c6e4272-074f-4c37-b797-18f48691d73c,suppressed,pre_generation_suppressed,False,321.903,,312.229,,0.0,0.0
Sparkov,FOLLOWUP_SPARKOV_013,B_dense,4ed10257-c336-4321-8e89-5ffe22c69161,completed,generated_released,True,11018.245,11002.206,5.441,0.013,1929.277,-868352.0
Sparkov,FOLLOWUP_SPARKOV_016,D_hybrid,53bf375b-fe7e-4161-9084-04f148414856,suppressed,pre_generation_suppressed,False,29.215,,20.572,,0.0,0.0
Sparkov,FOLLOWUP_SPARKOV_019,D_hybrid,54eaf96c-3d43-4bb4-bf74-99457c8e58b2,suppressed,pre_generation_suppressed,False,29.059,,19.887,,0.0,0.0
Sparkov,FOLLOWUP_SPARKOV_020,D_hybrid,5ce3d0c1-0e5b-4222-b80e-b56a14451fe2,suppressed,pre_generation_suppressed,False,27.055,,17.951,,0.0,0.0
Sparkov,FOLLOWUP_SPARKOV_017,B_dense,5e089612-d9b4-411f-bb57-dc304e75e840,completed,generated_released,True,11846.191,11824.996,8.817,0.014,2027.071,4800512.0
Sparkov,FOLLOWUP_SPARKOV_017,A_direct,603c92ad-a66d-420c-984b-60f311c8f316,completed,generated_released,True,64679.215,64669.779,0.0,0.022,9608.864,-47120384.0
Sparkov,FOLLOWUP_SPARKOV_016,A_direct,61b8417a-edd3-425d-9cce-0f143023a16a,completed,generated_released,True,48248.531,48239.575,0.0,0.014,7423.579,-6193152.0
Sparkov,FOLLOWUP_SPARKOV_018,D_hybrid,70038ddc-635b-4581-afbd-f2c35fdc03bf,suppressed,pre_generation_suppressed,False,24.214,,15.038,,0.0,0.0
Sparkov,FOLLOWUP_SPARKOV_015,D_hybrid,758503b3-8e05-439b-af30-7962670087c7,suppressed,pre_generation_suppressed,False,26.267,,17.714,,0.0,0.0
Sparkov,FOLLOWUP_SPARKOV_014,C_lexical,783e1219-145b-46ed-8d32-c7d57d001ce0,suppressed,pre_generation_suppressed,False,19.407,,9.615,,0.0,0.0
Sparkov,FOLLOWUP_SPARKOV_015,A_direct,7d04c1eb-0604-481f-afad-ed4d7947a156,completed,generated_released,True,67975.73,67966.514,0.0,0.014,10186.22,-12615680.0
Sparkov,FOLLOWUP_SPARKOV_016,C_lexical,837704a9-5c50-4459-ac33-42a03d42fb9a,suppressed,pre_generation_suppressed,False,19.294,,9.536,,0.0,0.0
Sparkov,FOLLOWUP_SPARKOV_011,D_hybrid,8ab45bbf-5019-458c-bf5d-6aefd8417fc2,suppressed,pre_generation_suppressed,False,24.033,,15.283,,0.0,0.0
Sparkov,FOLLOWUP_SPARKOV_016,B_dense,8baa7ea0-907a-4bb7-85d7-66c69f33c507,completed,generated_released,True,9246.55,9231.07,5.409,0.012,1559.607,901120.0
Sparkov,FOLLOWUP_SPARKOV_012,A_direct,9a5959a2-f7cc-427b-b9ba-a17fe43186df,completed,generated_released,True,64502.435,64493.671,0.0,0.021,9870.04,-8306688.0
Sparkov,FOLLOWUP_SPARKOV_013,C_dense,9ef50158-b0df-4dbb-bd89-4beee5097d15,suppressed,pre_generation_suppressed,False,15.832,,5.815,,0.0,0.0
Sparkov,FOLLOWUP_SPARKOV_017,B_lexical,a69fa7dd-b388-4cd5-a77f-04762c4dc231,completed,generated_released,True,10199.904,10176.192,9.813,0.012,1732.397,3850240.0
Sparkov,FOLLOWUP_SPARKOV_018,C_dense,a7ab10b2-6787-4b43-b443-ce475fa3d30f,suppressed,pre_generation_suppressed,False,15.584,,6.128,,0.0,0.0
Sparkov,FOLLOWUP_SPARKOV_019,C_lexical,a7e42ee0-0613-441e-8b6c-cbb50e8ae80a,suppressed,pre_generation_suppressed,False,18.835,,9.673,,0.0,0.0
Sparkov,FOLLOWUP_SPARKOV_016,C_dense,a7f77b74-3756-467e-b77c-ef45049074b8,suppressed,pre_generation_suppressed,False,14.383,,5.831,,0.0,0.0
Sparkov,FOLLOWUP_SPARKOV_011,B_lexical,abe4177d-64d0-43c8-95e9-26696c0d610a,completed,generated_released,True,10322.153,10300.15,9.79,0.017,1812.279,3473408.0
Sparkov,FOLLOWUP_SPARKOV_017,C_dense,ad74f5d5-baa1-4680-86b9-232811472b8c,suppressed,pre_generation_suppressed,False,14.423,,5.287,,0.0,0.0
Sparkov,FOLLOWUP_SPARKOV_011,C_lexical,ade055e4-7505-48b2-90d6-03cd02acd5cd,suppressed,pre_generation_suppressed,False,20.672,,9.572,,0.0,0.0
Sparkov,FOLLOWUP_SPARKOV_013,C_lexical,b2533382-f43d-43b1-b808-0b4750f9122f,suppressed,pre_generation_suppressed,False,19.569,,9.662,,0.0,0.0
Sparkov,FOLLOWUP_SPARKOV_013,A_direct,b37bc0d2-4cef-4a2c-bc7c-35a7e84d6024,completed,generated_released,True,67079.895,67069.339,0.0,0.081,9828.884,-35946496.0
Sparkov,FOLLOWUP_SPARKOV_014,C_dense,c723b9e6-b9e4-40aa-b790-2a9d054c24c9,suppressed,pre_generation_suppressed,False,14.643,,5.522,,0.0,0.0
Sparkov,FOLLOWUP_SPARKOV_012,C_lexical,cab4ecc7-210d-43b9-b709-c9da1a8c16da,suppressed,pre_generation_suppressed,False,18.594,,9.569,,0.0,0.0
Sparkov,FOLLOWUP_SPARKOV_015,B_dense,d3dbb1df-4218-4bcd-a502-cc9eda16983a,completed,generated_released,True,9129.553,9107.313,9.089,0.027,1571.5,1638400.0
Sparkov,FOLLOWUP_SPARKOV_020,C_dense,d3e60230-91f0-4bc0-b619-1f6f21cb7542,suppressed,pre_generation_suppressed,False,16.414,,7.183,,0.0,0.0
Sparkov,FOLLOWUP_SPARKOV_018,B_lexical,da55be1e-4a3f-4f55-9f49-76aa4738292f,completed,generated_released,True,10887.018,10868.551,9.462,0.02,1918.566,-1572864.0
Sparkov,FOLLOWUP_SPARKOV_012,B_dense,e25c85c5-3d74-4616-9cda-0dba68be6dbc,completed,generated_released,True,12050.236,12029.466,11.251,0.023,2096.888,933888.0
Sparkov,FOLLOWUP_SPARKOV_014,D_hybrid,e339ebb6-d9b4-4fbd-920d-8ebda2e27cb0,suppressed,pre_generation_suppressed,False,24.495,,15.725,,0.0,0.0
Sparkov,FOLLOWUP_SPARKOV_019,B_dense,e549f400-d6b4-4e62-aae9-3400576ee9e3,completed,generated_released,True,8633.821,8615.8,8.329,0.013,1423.235,2424832.0
Sparkov,FOLLOWUP_SPARKOV_012,D_hybrid,e83a4faa-0c1b-4364-a567-ec1b3ccbe089,suppressed,pre_generation_suppressed,False,24.544,,14.925,,0.0,0.0
Sparkov,FOLLOWUP_SPARKOV_014,B_lexical,eac27e72-b830-4f40-b32e-8750e28c321c,completed,generated_released,True,10048.143,10025.842,9.818,0.018,1701.91,4620288.0
Sparkov,FOLLOWUP_SPARKOV_013,B_lexical,ee369fea-1603-4114-be45-227c42df0535,completed,generated_released,True,9964.629,9931.165,14.526,0.02,1709.007,7094272.0
Sparkov,FOLLOWUP_SPARKOV_018,C_lexical,f23a1e7d-8096-4a0c-abca-b561a1e5c249,suppressed,pre_generation_suppressed,False,19.188,,9.641,,0.0,0.0
Sparkov,FOLLOWUP_SPARKOV_020,C_lexical,f44fd77b-4671-493d-ad02-cb38fb0d6bcb,suppressed,pre_generation_suppressed,False,18.874,,9.57,,0.0,0.0
Sparkov,FOLLOWUP_SPARKOV_016,B_lexical,f9c12d6a-4c1e-4358-bc60-680c427315a6,completed,generated_released,True,9647.263,9624.857,9.937,0.013,1618.193,4718592.0
Sparkov,FOLLOWUP_SPARKOV_021,B_dense,014444db-ca57-447c-bef7-b058cdbc9725,completed,generated_released,True,9666.685,9651.707,5.105,0.015,1555.606,638976.0
Sparkov,FOLLOWUP_SPARKOV_021,B_lexical,0358e974-c903-4366-a53f-8a63af69d6fc,completed,generated_released,True,8810.676,8789.215,9.616,0.021,1375.615,2916352.0
Sparkov,FOLLOWUP_SPARKOV_030,B_dense,04ecc2e6-da94-4ebf-8f3f-37d964cf65c6,completed,generated_released,True,7325.336,7305.189,10.574,0.025,1142.051,1409024.0
Sparkov,FOLLOWUP_SPARKOV_024,D_hybrid,05c4b759-44c5-4ac8-8276-6f17f00b4226,suppressed,pre_generation_suppressed,False,24.358,,15.593,,0.0,0.0
Sparkov,FOLLOWUP_SPARKOV_027,B_dense,0613b353-ab91-4bab-9b30-92db1fa2a43d,completed,generated_released,True,7166.544,7150.58,5.407,0.012,1107.409,802816.0
Sparkov,FOLLOWUP_SPARKOV_030,B_lexical,06710012-6567-4ddc-8a9c-4078f16fb8b4,completed,generated_released,True,3464.299,3445.693,9.458,0.01,416.688,2965504.0
Sparkov,FOLLOWUP_SPARKOV_022,B_lexical,0c14dc20-51c5-450f-94b0-a80b8c3aecb7,completed,generated_released,True,11920.286,11900.675,9.641,0.022,1921.918,-2572288.0
Sparkov,FOLLOWUP_SPARKOV_025,C_dense,0f89a65b-2d93-40cc-83b0-12b6d7428dc1,suppressed,pre_generation_suppressed,False,14.36,,5.649,,0.0,0.0
Sparkov,FOLLOWUP_SPARKOV_025,C_lexical,127493d8-d65e-4800-a3a3-e674353e595b,suppressed,pre_generation_suppressed,False,18.581,,9.642,,0.0,0.0
Sparkov,FOLLOWUP_SPARKOV_030,A_direct,13785974-4055-43d2-97f4-04a18ed9eaca,completed,generated_released,True,7417.781,7408.231,0.0,0.012,1631.109,49152.0
Sparkov,FOLLOWUP_SPARKOV_028,C_lexical,1388c780-8951-4f12-bd62-773a1d481cee,suppressed,pre_generation_suppressed,False,18.826,,9.593,,0.0,0.0
Sparkov,FOLLOWUP_SPARKOV_022,A_direct,142e2320-073d-46cc-ba27-547b06b0cefd,completed,generated_released,True,7220.171,7211.427,0.0,0.021,1597.972,573440.0
Sparkov,FOLLOWUP_SPARKOV_027,A_direct,19a3bfbe-cedd-40c7-a534-4cec58fb4d56,completed,generated_released,True,7300.756,7291.738,0.0,0.013,1606.506,-196608.0
Sparkov,FOLLOWUP_SPARKOV_023,C_dense,1ed2fa0b-72c1-40fe-b4f7-55465d6bfaed,suppressed,pre_generation_suppressed,False,15.641,,6.595,,0.0,0.0
Sparkov,FOLLOWUP_SPARKOV_025,A_direct,2baaff0a-6077-49d7-8996-426346de3e25,completed,generated_released,True,6873.829,6864.682,0.0,0.013,1495.187,2670592.0
Sparkov,FOLLOWUP_SPARKOV_026,C_dense,31d609c3-2d46-4c4c-abe5-4fb3f2c06ab7,suppressed,pre_generation_suppressed,False,19.749,,10.735,,0.0,0.0
Sparkov,FOLLOWUP_SPARKOV_028,A_direct,39e4b762-a2cb-4683-afaf-7730968f46c9,completed,generated_released,True,2230.904,2222.019,0.0,0.018,416.043,262144.0
Sparkov,FOLLOWUP_SPARKOV_022,D_hybrid,3ae1e5be-e409-4517-bc51-69ebc06008dc,suppressed,pre_generation_suppressed,False,26.959,,18.422,,0.0,0.0
Sparkov,FOLLOWUP_SPARKOV_026,A_direct,3e78c8be-b725-4d92-9e45-54a95653fc7a,completed,generated_released,True,5236.854,5227.106,0.0,0.023,1129.34,1114112.0
Sparkov,FOLLOWUP_SPARKOV_024,B_lexical,46a697b0-e5b7-49bd-a839-4b40a65d2a6b,completed,generated_released,True,9631.475,9612.098,9.601,0.024,1519.479,4112384.0
Sparkov,FOLLOWUP_SPARKOV_026,C_lexical,491770cb-7bcf-44f4-915e-867e23fee6cc,suppressed,pre_generation_suppressed,False,18.74,,9.605,,0.0,0.0
Sparkov,FOLLOWUP_SPARKOV_023,B_dense,49236b8e-ca41-454e-874a-96bc9a4ab41e,completed,generated_released,True,11707.231,11692.572,5.419,0.03,1924.839,409600.0
Sparkov,FOLLOWUP_SPARKOV_030,C_lexical,4dd64f0c-936b-417f-8a7b-189244a75b8d,suppressed,pre_generation_suppressed,False,22.374,,12.313,,0.0,0.0
Sparkov,FOLLOWUP_SPARKOV_026,D_hybrid,4f58e1ab-45dc-4027-8aa1-99b37c7849c4,suppressed,pre_generation_suppressed,False,24.17,,14.49,,0.0,0.0
Sparkov,FOLLOWUP_SPARKOV_027,C_dense,5387ff6a-a3d9-4a46-9038-fd9956068968,suppressed,pre_generation_suppressed,False,14.654,,5.491,,0.0,0.0
Sparkov,FOLLOWUP_SPARKOV_023,D_hybrid,59a77f82-ae2d-40e1-a12f-1b20e46baeb2,suppressed,pre_generation_suppressed,False,26.329,,17.446,,0.0,0.0
Sparkov,FOLLOWUP_SPARKOV_024,A_direct,6230ad2d-3c08-432f-96fa-91591a1223df,completed,generated_released,True,7853.543,7844.446,0.0,0.038,1741.563,917504.0
Sparkov,FOLLOWUP_SPARKOV_026,B_dense,6a8f25e3-d88c-4df9-b98e-a3b844903250,completed,generated_released,True,11710.415,11695.217,5.631,0.023,1917.121,-360448.0
Sparkov,FOLLOWUP_SPARKOV_021,C_lexical,6ad51951-7e58-4f97-9670-262eeab8e7d3,suppressed,pre_generation_suppressed,False,18.918,,9.705,,0.0,0.0
Sparkov,FOLLOWUP_SPARKOV_025,D_hybrid,6fad27b8-3602-484c-bbec-e6a58fd92252,suppressed,pre_generation_suppressed,False,24.655,,15.89,,0.0,0.0
Sparkov,FOLLOWUP_SPARKOV_022,B_dense,70580f11-dddd-443e-800b-3354e87379d0,completed,generated_released,True,11679.886,11665.602,5.107,0.022,1925.214,1785856.0
Sparkov,FOLLOWUP_SPARKOV_027,B_lexical,7332da92-0ef8-4a67-b3ed-29deee14652c,completed,generated_released,True,11813.68,11794.838,9.626,0.014,1900.145,933888.0
Sparkov,FOLLOWUP_SPARKOV_030,D_hybrid,74464799-7dd0-4919-8db5-cfa0b6ef6afa,suppressed,pre_generation_suppressed,False,25.038,,15.174,,0.0,0.0
Sparkov,FOLLOWUP_SPARKOV_029,B_lexical,75b55ecb-80dd-4bfd-9c2a-aab97db98d48,completed,generated_released,True,9558.507,9539.364,9.502,0.013,1520.089,9420800.0
Sparkov,FOLLOWUP_SPARKOV_024,B_dense,77ea20e9-eb41-4acd-ad3e-3771dae135c9,completed,generated_released,True,8585.427,8571.095,5.134,0.024,1358.221,901120.0
Sparkov,FOLLOWUP_SPARKOV_023,C_lexical,7fcc9d27-ea34-47f8-a31a-fb6805f06148,suppressed,pre_generation_suppressed,False,19.737,,9.583,,0.0,0.0
Sparkov,FOLLOWUP_SPARKOV_024,C_lexical,8b9362b8-e185-4ccb-919f-f3a24691c4cb,suppressed,pre_generation_suppressed,False,18.577,,9.56,,0.0,0.0
Sparkov,FOLLOWUP_SPARKOV_030,C_dense,9357d2bc-ffbb-4db5-b9fc-d28a87b3d9d0,suppressed,pre_generation_suppressed,False,14.479,,4.708,,0.0,0.0
Sparkov,FOLLOWUP_SPARKOV_021,A_direct,980b72a1-e923-4553-823a-415b866c15cc,completed,generated_released,True,6543.521,6534.718,0.0,0.01,1413.11,-589824.0
Sparkov,FOLLOWUP_SPARKOV_027,C_lexical,9a0d59ff-4b78-4e6a-b493-b59b36bf3ddb,suppressed,pre_generation_suppressed,False,18.81,,9.602,,0.0,0.0
Sparkov,FOLLOWUP_SPARKOV_028,C_dense,9a203ded-225b-4e79-9e92-5ca86c769265,suppressed,pre_generation_suppressed,False,14.958,,6.282,,0.0,0.0
Sparkov,FOLLOWUP_SPARKOV_021,D_hybrid,9d594992-d0d4-4fc1-8cee-b86dbb7949a4,suppressed,pre_generation_suppressed,False,23.689,,14.671,,0.0,0.0
Sparkov,FOLLOWUP_SPARKOV_025,B_lexical,a3cfa140-52f5-4f52-a418-ab46465584c7,completed,generated_released,True,9730.171,9711.553,9.554,0.014,1546.209,884736.0
Sparkov,FOLLOWUP_SPARKOV_021,C_dense,af6e80ba-bbfe-4195-8107-3ce41b958f92,suppressed,pre_generation_suppressed,False,14.235,,5.079,,0.0,0.0
Sparkov,FOLLOWUP_SPARKOV_029,C_dense,b31ce7f7-29c0-40e9-af84-b7e4bb310a61,suppressed,pre_generation_suppressed,False,68.103,,58.588,,0.0,0.0
Sparkov,FOLLOWUP_SPARKOV_023,B_lexical,b90e37ea-2dba-46e5-ad09-a84cd9146679,completed,generated_released,True,10597.834,10578.575,9.707,0.011,1695.814,770048.0
Sparkov,FOLLOWUP_SPARKOV_029,B_dense,b96179fd-51ea-46ef-a6ea-f8075a619dd4,completed,generated_released,True,105319.974,105007.881,297.152,1.74,17837.359,-688259072.0
Sparkov,FOLLOWUP_SPARKOV_022,C_dense,bb4e6796-55a9-4c7a-b604-025fdd6cb7c9,suppressed,pre_generation_suppressed,False,13.903,,5.072,,0.0,0.0
Sparkov,FOLLOWUP_SPARKOV_028,B_lexical,c15f9a9b-6b0e-44c9-9c6c-ed23fa396f26,completed,generated_released,True,9609.069,9590.06,9.669,0.019,1531.333,1458176.0
Sparkov,FOLLOWUP_SPARKOV_028,B_dense,c9450a43-3ac9-4247-8ce5-bdc8e95e663c,completed,generated_released,True,8463.889,8448.814,5.161,0.026,1335.583,753664.0
Sparkov,FOLLOWUP_SPARKOV_029,C_lexical,ccaa68fd-592b-46ea-87bf-9866673bcf8d,suppressed,pre_generation_suppressed,False,129.402,,49.134,,0.0,0.0
Sparkov,FOLLOWUP_SPARKOV_026,B_lexical,d046ce19-71f6-4886-aa47-3b5fc3ef8691,completed,generated_released,True,10550.807,10532.066,9.646,0.013,1687.784,1146880.0
Sparkov,FOLLOWUP_SPARKOV_029,A_direct,d25a3d9e-7ba3-4d1f-88ce-0f74e4952999,completed,generated_released,True,7118.719,7109.206,0.0,0.013,1589.112,17203200.0
Sparkov,FOLLOWUP_SPARKOV_025,B_dense,d3eb459d-8f88-4b35-860d-f9536e20bb48,completed,generated_released,True,8922.609,8908.331,5.062,0.015,1428.361,-1425408.0
Sparkov,FOLLOWUP_SPARKOV_027,D_hybrid,d5a3f7c9-6713-4796-a386-53642a7a1ead,suppressed,pre_generation_suppressed,False,23.534,,14.741,,0.0,0.0
Sparkov,FOLLOWUP_SPARKOV_023,A_direct,dabbe16b-8242-41ac-9ffa-5be333bce053,completed,generated_released,True,7062.75,7053.943,0.0,0.013,1538.068,-2310144.0
Sparkov,FOLLOWUP_SPARKOV_029,D_hybrid,e3691db3-7f9d-47f8-98ae-f31ef7447c81,suppressed,pre_generation_suppressed,False,30.356,,21.118,,0.0,0.0
Sparkov,FOLLOWUP_SPARKOV_022,C_lexical,efaea3a6-63c8-4a5c-8f91-e13d7053b30f,suppressed,pre_generation_suppressed,False,18.587,,9.591,,0.0,0.0
Sparkov,FOLLOWUP_SPARKOV_024,C_dense,f61496ec-0825-488f-a4f8-6113aa9946f8,suppressed,pre_generation_suppressed,False,15.026,,5.999,,0.0,0.0
Sparkov,FOLLOWUP_SPARKOV_028,D_hybrid,fdec7f79-6eb2-42ab-85a8-df3be08f0d16,suppressed,pre_generation_suppressed,False,27.02,,18.334,,0.0,0.0
Sparkov,FOLLOWUP_SPARKOV_036,C_dense,0066733e-bf70-462e-80f2-b8d9c0a771f7,suppressed,pre_generation_suppressed,False,13.787,,5.256,,0.0,0.0
Sparkov,FOLLOWUP_SPARKOV_040,C_dense,0e92e6cb-0e5e-4bb2-a9e8-9929d8720086,suppressed,pre_generation_suppressed,False,14.64,,5.271,,0.0,0.0
Sparkov,FOLLOWUP_SPARKOV_034,A_direct,0e9f687b-f185-4dd1-8393-7e6f79ab5a0a,completed,generated_released,True,60901.682,60890.566,0.0,0.019,8814.519,-3686400.0
Sparkov,FOLLOWUP_SPARKOV_033,C_lexical,12f4fee4-828d-421f-9b36-20c23813cd58,suppressed,pre_generation_suppressed,False,19.474,,9.62,,0.0,0.0
Sparkov,FOLLOWUP_SPARKOV_038,C_dense,17feb842-f8b9-4947-bf09-2a87ca3052ff,suppressed,pre_generation_suppressed,False,15.473,,6.611,,0.0,0.0
Sparkov,FOLLOWUP_SPARKOV_035,C_lexical,181b1f93-5195-432b-819a-038605a161db,suppressed,pre_generation_suppressed,False,19.137,,9.579,,0.0,0.0
Sparkov,FOLLOWUP_SPARKOV_033,D_hybrid,19e29ceb-64b9-486d-9656-f7e933181946,suppressed,pre_generation_suppressed,False,26.115,,16.925,,0.0,0.0
Sparkov,FOLLOWUP_SPARKOV_039,C_lexical,1eb6db2b-dc51-498b-bfc0-5c2835450265,suppressed,pre_generation_suppressed,False,18.567,,9.465,,0.0,0.0
Sparkov,FOLLOWUP_SPARKOV_034,C_lexical,2484227e-108e-40b5-a456-ff0e423930de,suppressed,pre_generation_suppressed,False,19.801,,10.144,,0.0,0.0
Sparkov,FOLLOWUP_SPARKOV_033,B_dense,2651b5c9-c536-4cb3-82df-246eeb23a242,completed,generated_released,True,12131.778,12114.237,8.072,0.023,2147.885,2867200.0
Sparkov,FOLLOWUP_SPARKOV_032,C_lexical,36d12904-0ae4-4ac5-896b-de83d4859ba7,suppressed,pre_generation_suppressed,False,23.87,,10.364,,0.0,0.0
Sparkov,FOLLOWUP_SPARKOV_034,D_hybrid,38b4468e-2287-4e0a-affe-ce0a1fbc2fbc,suppressed,pre_generation_suppressed,False,25.115,,15.666,,0.0,0.0
Sparkov,FOLLOWUP_SPARKOV_037,C_dense,39f48cd1-cb02-4701-89fa-7f2df3c6ae7f,suppressed,pre_generation_suppressed,False,14.264,,5.106,,0.0,0.0
Sparkov,FOLLOWUP_SPARKOV_034,C_dense,3fbfcf3f-a6ae-47f2-ac87-d34d380ecfbc,suppressed,pre_generation_suppressed,False,14.757,,5.493,,0.0,0.0
Sparkov,FOLLOWUP_SPARKOV_035,D_hybrid,4319bb80-9a19-4661-9822-3d817f4bd064,suppressed,pre_generation_suppressed,False,23.951,,15.275,,0.0,0.0
Sparkov,FOLLOWUP_SPARKOV_039,C_dense,4faf9bfd-0fda-401e-8e5f-60601d35733b,suppressed,pre_generation_suppressed,False,14.074,,5.626,,0.0,0.0
Sparkov,FOLLOWUP_SPARKOV_038,B_lexical,50637e3b-e7d9-4250-a0ca-372e9e52718b,completed,generated_released,True,9543.294,9520.731,10.526,0.014,1590.632,3424256.0
Sparkov,FOLLOWUP_SPARKOV_031,C_dense,567f591a-065d-4bf6-b10f-2e3a5176d3bd,suppressed,pre_generation_suppressed,False,15.969,,6.328,,0.0,0.0
Sparkov,FOLLOWUP_SPARKOV_035,B_dense,56af9ea8-e111-4294-a636-6d7f37eb382c,completed,generated_released,True,12621.215,12600.434,11.243,0.023,2115.592,1523712.0
Sparkov,FOLLOWUP_SPARKOV_037,B_dense,588940e0-2ad2-4589-8509-f11c21560070,completed,generated_released,True,9005.778,8990.365,5.381,0.021,1499.202,3424256.0
Sparkov,FOLLOWUP_SPARKOV_040,C_lexical,5e3b0caa-51e6-447f-8153-a5ea37f8d6c7,suppressed,pre_generation_suppressed,False,20.387,,10.504,,0.0,0.0
Sparkov,FOLLOWUP_SPARKOV_031,A_direct,606d411a-c058-40e2-83fc-18ba8083c692,completed,generated_released,True,61707.806,61698.316,0.0,0.017,9127.481,-4128768.0
Sparkov,FOLLOWUP_SPARKOV_040,B_dense,68e25792-567b-426f-9b9d-131c7c202f7f,completed,generated_released,True,8797.25,8763.778,22.791,0.01,1498.79,376832.0
Sparkov,FOLLOWUP_SPARKOV_036,D_hybrid,718f815e-853b-4291-8ce3-1d6bfea23c9f,suppressed,pre_generation_suppressed,False,23.654,,14.804,,0.0,0.0
Sparkov,FOLLOWUP_SPARKOV_035,A_direct,72553d30-d104-4ae4-85bd-6782656e63be,completed,generated_released,True,78682.417,78673.045,0.0,0.031,11785.372,-6193152.0
Sparkov,FOLLOWUP_SPARKOV_031,C_lexical,740a49af-505d-484b-ba9d-35d6d9af98cb,suppressed,pre_generation_suppressed,False,19.925,,10.079,,0.0,0.0
Sparkov,FOLLOWUP_SPARKOV_032,C_dense,777e8ff0-ddf0-4048-97cf-78035d7f69fa,suppressed,pre_generation_suppressed,False,15.192,,6.624,,0.0,0.0
Sparkov,FOLLOWUP_SPARKOV_038,C_lexical,80c158d4-0dcc-4778-b37e-72a0ecfcc14b,suppressed,pre_generation_suppressed,False,19.772,,9.704,,0.0,0.0
Sparkov,FOLLOWUP_SPARKOV_040,D_hybrid,839fe23e-9959-4186-9ca0-9b6144c045dd,suppressed,pre_generation_suppressed,False,25.327,,16.267,,0.0,0.0
Sparkov,FOLLOWUP_SPARKOV_037,D_hybrid,8a616b34-91a3-40aa-a16b-8ca7d874f32f,suppressed,pre_generation_suppressed,False,23.556,,14.81,,0.0,0.0
Sparkov,FOLLOWUP_SPARKOV_033,A_direct,91edc32b-418b-4385-aa80-e42e934a815e,completed,generated_released,True,70042.481,70032.895,0.0,0.018,10188.319,-41943040.0
Sparkov,FOLLOWUP_SPARKOV_034,B_dense,936c02f1-ee9e-4801-a46f-4479d57c83bf,completed,generated_released,True,11146.758,7661.257,3473.935,0.013,1276.41,5996544.0
Sparkov,FOLLOWUP_SPARKOV_036,B_lexical,9438f9c8-b82d-4e0e-b070-81979333754c,completed,generated_released,True,12261.242,12242.93,9.593,0.024,2066.205,933888.0
Sparkov,FOLLOWUP_SPARKOV_031,B_dense,9550cfcb-5f23-44fd-a8ea-0c40be7affc5,completed,generated_released,True,9565.347,9545.728,6.69,0.016,1660.776,7520256.0
Sparkov,FOLLOWUP_SPARKOV_035,C_dense,97b5cbee-bbf8-4ac8-8447-70179da75e11,suppressed,pre_generation_suppressed,False,14.315,,5.368,,0.0,0.0
Sparkov,FOLLOWUP_SPARKOV_037,B_lexical,97fae759-8dc5-4577-ab04-c01a13fea559,completed,generated_released,True,12340.983,12319.036,9.995,0.026,1926.488,229376.0
Sparkov,FOLLOWUP_SPARKOV_031,B_lexical,9a67cf85-e3c7-459f-84b3-0e8be8a91401,completed,generated_released,True,15095.831,15073.64,9.756,0.477,2296.955,-2539520.0
Sparkov,FOLLOWUP_SPARKOV_038,D_hybrid,9bb96c6c-8190-4414-9fcc-47213a2e68f5,suppressed,pre_generation_suppressed,False,26.979,,17.881,,0.0,0.0
Sparkov,FOLLOWUP_SPARKOV_034,B_lexical,9d0b7090-935e-4e2a-a42d-fa246deb391a,completed,generated_released,True,12043.048,12020.717,10.169,0.014,1999.806,1769472.0
Sparkov,FOLLOWUP_SPARKOV_033,C_dense,a00713fe-6447-46cc-aeb6-0385952bdaca,suppressed,pre_generation_suppressed,False,14.055,,5.14,,0.0,0.0
Sparkov,FOLLOWUP_SPARKOV_040,A_direct,a1452d1d-7554-4e85-a7b6-479c8752192e,completed,generated_released,True,64106.493,64097.754,0.0,0.025,9427.831,-229588992.0
Sparkov,FOLLOWUP_SPARKOV_036,C_lexical,a1bcabfc-de21-4283-8bd1-72a7a35444c2,suppressed,pre_generation_suppressed,False,18.746,,9.632,,0.0,0.0
Sparkov,FOLLOWUP_SPARKOV_039,B_lexical,a1ebe2fa-4740-443c-96d8-60cfe5ba05fb,completed,generated_released,True,11403.47,11335.465,57.534,0.014,1907.552,4751360.0
Sparkov,FOLLOWUP_SPARKOV_033,B_lexical,a6ecec6f-50d1-41c7-b07d-0abf94b3b41e,completed,generated_released,True,14588.509,14566.091,9.785,0.013,2194.379,2998272.0
Sparkov,FOLLOWUP_SPARKOV_032,D_hybrid,a8e971ee-543c-42d2-aab7-b779e37e2b46,suppressed,pre_generation_suppressed,False,23.937,,15.12,,0.0,0.0
Sparkov,FOLLOWUP_SPARKOV_032,B_lexical,ae5f275f-af98-434d-9862-370ccb1e3b1c,completed,generated_released,True,15548.565,15516.963,12.873,0.012,2562.148,933888.0
Sparkov,FOLLOWUP_SPARKOV_039,B_dense,bd9e0e27-b325-4d1d-afc8-0bfe85ed500c,completed,generated_released,True,12320.329,12016.308,294.41,0.028,2064.293,1130496.0
Sparkov,FOLLOWUP_SPARKOV_035,B_lexical,be124ac2-21b8-4cad-bed2-ccf86841acff,completed,generated_released,True,10183.271,10164.407,9.523,0.012,1630.388,1671168.0
Sparkov,FOLLOWUP_SPARKOV_038,B_dense,c4f9a934-9c3b-4a97-8fe9-7dc243b7a631,completed,generated_released,True,9279.849,9264.554,5.59,0.013,1585.996,1163264.0
Sparkov,FOLLOWUP_SPARKOV_038,A_direct,cf9c72a4-6115-491f-adc7-4a05b658a706,completed,generated_released,True,77192.346,77183.277,0.0,0.021,11585.847,-4390912.0
Sparkov,FOLLOWUP_SPARKOV_031,D_hybrid,d566ec5d-21bc-4d72-8e01-079cc59db06c,suppressed,pre_generation_suppressed,False,25.482,,15.97,,0.0,0.0
Sparkov,FOLLOWUP_SPARKOV_032,B_dense,df284cf7-864a-4df6-9726-41b699b29d95,completed,generated_released,True,11877.429,11860.754,5.359,0.012,2074.388,704512.0
Sparkov,FOLLOWUP_SPARKOV_039,A_direct,e3c65ef2-5bf9-4dc5-8b83-50881a5911f6,completed,generated_released,True,8375.864,8366.218,0.0,0.045,2308.566,-157466624.0
Sparkov,FOLLOWUP_SPARKOV_040,B_lexical,e927fc5d-a5e9-4c6c-ad09-b13ff6480b29,completed,generated_released,True,16256.298,16231.12,10.444,0.015,2640.568,14336000.0
Sparkov,FOLLOWUP_SPARKOV_036,A_direct,ea024399-2985-4ea8-8ba6-55e297747986,completed,generated_released,True,57940.703,57931.933,0.0,0.023,8989.958,-24248320.0
Sparkov,FOLLOWUP_SPARKOV_037,C_lexical,eb05da08-9939-4b5a-9858-d81b028462c6,suppressed,pre_generation_suppressed,False,19.35,,9.756,,0.0,0.0
Sparkov,FOLLOWUP_SPARKOV_039,D_hybrid,f4cca382-9b59-4a1d-99ef-3b97f15c963b,suppressed,pre_generation_suppressed,False,23.451,,14.704,,0.0,0.0
Sparkov,FOLLOWUP_SPARKOV_037,A_direct,f6614393-189b-4c9d-99fa-f56d3f65e6bb,completed,generated_released,True,69565.074,69555.864,0.0,0.029,10194.641,-671744.0
Sparkov,FOLLOWUP_SPARKOV_032,A_direct,fd494323-392b-46ba-aeaf-6ffbedb78424,completed,generated_released,True,56557.391,56548.385,0.0,0.023,8074.736,-1441792.0
Sparkov,FOLLOWUP_SPARKOV_036,B_dense,ff1bcfb3-6459-44ee-b94e-3194d09c4982,completed,generated_released,True,9125.437,9105.305,10.582,0.011,1520.693,1146880.0
Sparkov,FOLLOWUP_SPARKOV_050,D_hybrid,04924980-fa0e-47d7-a50c-399182036d85,suppressed,pre_generation_suppressed,False,25.293,,16.278,,0.0,0.0
Sparkov,FOLLOWUP_SPARKOV_043,C_lexical,159a4f59-b4af-4ade-af21-928bccc24735,suppressed,pre_generation_suppressed,False,19.751,,9.811,,0.0,0.0
Sparkov,FOLLOWUP_SPARKOV_047,A_direct,16b592d0-8d98-4891-9fe5-1e937dce0d04,completed,generated_released,True,62105.3,62096.594,0.0,0.022,9318.095,-6782976.0
Sparkov,FOLLOWUP_SPARKOV_046,D_hybrid,1e648072-4e6a-460c-afb9-a0c020a09d1a,suppressed,pre_generation_suppressed,False,23.98,,15.508,,0.0,0.0
Sparkov,FOLLOWUP_SPARKOV_048,B_lexical,23020169-bcca-4dda-95b2-381196bb2ef1,completed,generated_released,True,12537.32,12518.034,9.914,0.029,1827.222,1196032.0
Sparkov,FOLLOWUP_SPARKOV_050,C_lexical,2499bb0c-4724-402b-ad20-68a4d04058eb,suppressed,pre_generation_suppressed,False,21.028,,10.152,,0.0,0.0
Sparkov,FOLLOWUP_SPARKOV_049,B_dense,263b857e-8213-4931-94be-ea1dd1c2a302,completed,generated_released,True,8975.536,8958.419,7.216,0.013,1482.136,1474560.0
Sparkov,FOLLOWUP_SPARKOV_041,D_hybrid,26432da4-8ddc-4417-a3df-e6d9a4ec39d9,suppressed,pre_generation_suppressed,False,24.69,,15.69,,0.0,0.0
Sparkov,FOLLOWUP_SPARKOV_044,C_dense,26f9510d-ed86-4f52-90f0-697ed20b7ba1,suppressed,pre_generation_suppressed,False,15.198,,6.362,,0.0,0.0
Sparkov,FOLLOWUP_SPARKOV_047,C_dense,2864fd41-53b1-4be5-928c-6b9e3d648f66,suppressed,pre_generation_suppressed,False,14.089,,5.27,,0.0,0.0
Sparkov,FOLLOWUP_SPARKOV_050,B_lexical,3332216a-908c-49d9-a0a5-e458d61cfa91,completed,generated_released,True,10169.771,10145.038,10.322,0.021,1655.761,3899392.0
Sparkov,FOLLOWUP_SPARKOV_044,A_direct,34d51556-2540-4efc-ba1f-fe42654ff4db,completed,generated_released,True,60665.585,60656.701,0.0,0.019,9369.431,-69615616.0
Sparkov,FOLLOWUP_SPARKOV_049,C_dense,3c870308-254c-4a8d-a55a-00e174501985,suppressed,pre_generation_suppressed,False,317.623,,307.761,,0.0,0.0
Sparkov,FOLLOWUP_SPARKOV_046,C_lexical,466cf371-9c7c-40bb-a114-0cf4c4f39334,suppressed,pre_generation_suppressed,False,19.113,,9.743,,0.0,0.0
Sparkov,FOLLOWUP_SPARKOV_044,B_dense,46b8d109-4bbb-4a54-b602-550ea5509398,completed,generated_released,True,8789.691,8766.437,13.066,0.013,1458.161,1179648.0
Sparkov,FOLLOWUP_SPARKOV_045,A_direct,47072688-96b2-4a4d-8991-76741755e8be,completed,generated_released,True,62167.358,62158.656,0.0,0.014,9384.174,-17317888.0
Sparkov,FOLLOWUP_SPARKOV_045,B_lexical,48469501-0767-4a63-aa69-03f58afcd717,completed,generated_released,True,11208.581,11183.098,10.35,0.027,1776.824,4292608.0
Sparkov,FOLLOWUP_SPARKOV_043,B_dense,4bd5cdb6-6174-4702-9740-137be9c4d345,completed,generated_released,True,10379.748,10364.54,5.177,0.011,1738.836,3915776.0
Sparkov,FOLLOWUP_SPARKOV_049,D_hybrid,4ea1ac54-7f24-493c-ad00-ad39a9aa04a0,suppressed,pre_generation_suppressed,False,29.348,,20.365,,0.0,0.0
Sparkov,FOLLOWUP_SPARKOV_046,A_direct,4fa4064f-90f4-414f-9197-ef54f7627f21,completed,generated_released,True,48596.921,48587.853,0.0,0.312,7492.299,-1097728.0
Sparkov,FOLLOWUP_SPARKOV_049,B_lexical,5352f7f8-d7cc-4ec6-9867-513a3ce66e27,completed,generated_released,True,9923.175,9893.613,17.656,0.017,1598.353,10190848.0
Sparkov,FOLLOWUP_SPARKOV_049,A_direct,5673ec43-b9cb-4649-b45d-e004dff3e08d,completed,generated_released,True,7841.117,7832.033,0.0,0.106,1830.295,-437518336.0
Sparkov,FOLLOWUP_SPARKOV_042,A_direct,59ec460d-c760-426b-97c2-f1990417f674,completed,generated_released,True,60039.798,60030.307,0.0,0.018,9109.027,-6209536.0
Sparkov,FOLLOWUP_SPARKOV_046,C_dense,615cab4f-99f8-4399-9628-68a280370d40,suppressed,pre_generation_suppressed,False,14.399,,5.539,,0.0,0.0
Sparkov,FOLLOWUP_SPARKOV_049,C_lexical,62590395-a9f3-49cf-8a88-317181c5fc13,suppressed,pre_generation_suppressed,False,18.553,,9.608,,0.0,0.0
Sparkov,FOLLOWUP_SPARKOV_041,B_dense,6383bec5-44f8-434d-abfb-ec9b7f0ceb03,completed,generated_released,True,11698.859,11682.364,5.905,0.013,1846.895,901120.0
Sparkov,FOLLOWUP_SPARKOV_045,C_dense,64b19574-47f9-4e9c-8c36-fe2ebe5667d9,suppressed,pre_generation_suppressed,False,14.291,,5.182,,0.0,0.0
Sparkov,FOLLOWUP_SPARKOV_045,D_hybrid,6bffc546-860d-4157-a203-6171c82d4acc,suppressed,pre_generation_suppressed,False,25.11,,16.273,,0.0,0.0
Sparkov,FOLLOWUP_SPARKOV_050,A_direct,6e53413d-9290-4fbd-9b67-471fe6379693,completed,generated_released,True,62604.156,62594.948,0.0,0.034,9583.708,-5554176.0
Sparkov,FOLLOWUP_SPARKOV_041,C_lexical,70148209-f538-4d22-9fb8-25b4e421f089,suppressed,pre_generation_suppressed,False,19.284,,9.984,,0.0,0.0
Sparkov,FOLLOWUP_SPARKOV_050,B_dense,75237ad0-e395-411a-be5b-b2e5e47b3563,completed,generated_released,True,7559.22,7543.969,5.432,0.012,1243.503,835584.0
Sparkov,FOLLOWUP_SPARKOV_041,A_direct,7ceedd58-0ff2-4d33-bad9-5ae10beb32b1,completed,generated_released,True,61084.665,61075.356,0.0,0.015,9151.816,-164249600.0
Sparkov,FOLLOWUP_SPARKOV_047,C_lexical,7ef84458-0387-45d7-9373-4ae2fe502b05,suppressed,pre_generation_suppressed,False,18.778,,9.698,,0.0,0.0
Sparkov,FOLLOWUP_SPARKOV_041,C_dense,80111a31-c105-463b-a008-2ca5e9be25bd,suppressed,pre_generation_suppressed,False,14.723,,5.822,,0.0,0.0
Sparkov,FOLLOWUP_SPARKOV_044,C_lexical,821af148-862d-4af7-9a32-1c878f0ba644,suppressed,pre_generation_suppressed,False,19.378,,9.701,,0.0,0.0
Sparkov,FOLLOWUP_SPARKOV_042,D_hybrid,874d582e-5f2c-406a-a634-b5dbffbb1976,suppressed,pre_generation_suppressed,False,23.308,,14.734,,0.0,0.0
Sparkov,FOLLOWUP_SPARKOV_041,B_lexical,88b7ae20-4cac-43b8-86ff-ac23c2adf8bf,completed,generated_released,True,9858.969,9836.328,9.953,0.013,1441.001,4079616.0
Sparkov,FOLLOWUP_SPARKOV_048,D_hybrid,8baee9a7-5921-475b-9a76-ae1648cfa190,suppressed,pre_generation_suppressed,False,25.231,,15.923,,0.0,0.0
Sparkov,FOLLOWUP_SPARKOV_048,B_dense,8f4f1591-2299-4ca5-8ce5-52f9516ef667,completed,generated_released,True,10332.138,10317.063,5.614,0.024,1533.276,1114112.0
Sparkov,FOLLOWUP_SPARKOV_046,B_dense,93c5f226-8398-4d06-961e-43c6f37e30fd,completed,generated_released,True,9613.346,9597.718,5.606,0.014,1578.982,917504.0
Sparkov,FOLLOWUP_SPARKOV_042,C_lexical,97062966-59f4-44e1-8fb7-e48001457e09,suppressed,pre_generation_suppressed,False,19.207,,9.616,,0.0,0.0
Sparkov,FOLLOWUP_SPARKOV_048,A_direct,98d7f31b-8622-4df0-a29c-0ec1c62fe354,completed,generated_released,True,52777.466,52768.418,0.0,0.015,8545.563,-6963200.0
Sparkov,FOLLOWUP_SPARKOV_046,B_lexical,9d997439-11c9-43d6-9b2f-6cd7cf70e710,completed,generated_released,True,11040.312,11019.095,9.631,0.017,1851.274,5160960.0
Sparkov,FOLLOWUP_SPARKOV_043,D_hybrid,abc6117b-a78b-4f54-927f-ac381ca30954,suppressed,pre_generation_suppressed,False,23.283,,14.664,,0.0,0.0
Sparkov,FOLLOWUP_SPARKOV_044,D_hybrid,accf10c5-d586-4967-8df7-5bfd261faf17,suppressed,pre_generation_suppressed,False,26.999,,17.976,,0.0,0.0
Sparkov,FOLLOWUP_SPARKOV_042,B_dense,af240f85-ef14-4f22-8bf9-1f17a935dc85,completed,generated_released,True,8183.195,8168.562,5.399,0.019,1311.563,737280.0
Sparkov,FOLLOWUP_SPARKOV_047,D_hybrid,b4eb895e-e283-4d6c-9150-ceda0ce3195f,suppressed,pre_generation_suppressed,False,26.642,,17.707,,0.0,0.0
Sparkov,FOLLOWUP_SPARKOV_043,C_dense,c54c764c-83cb-4d55-af27-b3f5b8f12771,suppressed,pre_generation_suppressed,False,14.857,,5.335,,0.0,0.0
Sparkov,FOLLOWUP_SPARKOV_043,B_lexical,c5f16012-d465-45bd-834c-226ab40012fa,completed,generated_released,True,12301.63,12279.561,9.905,0.016,1903.913,2768896.0
Sparkov,FOLLOWUP_SPARKOV_045,B_dense,d103adb1-9359-4513-81a9-57bb3f5cc154,completed,generated_released,True,6663.58,6644.982,8.638,0.018,1058.259,737280.0
Sparkov,FOLLOWUP_SPARKOV_042,C_dense,d2596924-7d04-4e5a-bc7f-9689264ff4ef,suppressed,pre_generation_suppressed,False,14.635,,5.576,,0.0,0.0
Sparkov,FOLLOWUP_SPARKOV_042,B_lexical,d82a10db-6765-4532-acea-aeb46cfbcb3a,completed,generated_released,True,7821.19,7802.236,9.652,0.014,1233.926,933888.0
Sparkov,FOLLOWUP_SPARKOV_045,C_lexical,dba709d6-177f-4690-81d0-04d83dd40bfc,suppressed,pre_generation_suppressed,False,19.424,,9.803,,0.0,0.0
Sparkov,FOLLOWUP_SPARKOV_047,B_dense,e226d5b3-05ee-4dbf-affd-e30744ecec03,completed,generated_released,True,9158.514,9131.177,14.44,0.015,1503.314,4866048.0
Sparkov,FOLLOWUP_SPARKOV_043,A_direct,e91e7271-16dd-44b2-aab3-c881f52c16df,completed,generated_released,True,56941.284,56932.702,0.0,0.015,8209.848,-17350656.0
Sparkov,FOLLOWUP_SPARKOV_048,C_dense,eecbc272-57b7-40bf-987b-dcee75a207b0,suppressed,pre_generation_suppressed,False,14.184,,5.313,,0.0,0.0
Sparkov,FOLLOWUP_SPARKOV_044,B_lexical,efc4fdd9-a332-4c03-986e-ee90fc982ee1,completed,generated_released,True,9177.115,9155.743,9.702,0.014,1481.772,4341760.0
Sparkov,FOLLOWUP_SPARKOV_048,C_lexical,efd47917-81df-4771-a905-b109202810a2,suppressed,pre_generation_suppressed,False,19.525,,10.013,,0.0,0.0
Sparkov,FOLLOWUP_SPARKOV_050,C_dense,f252a06d-c44d-4972-b51b-ea2adb4a6566,suppressed,pre_generation_suppressed,False,15.557,,6.208,,0.0,0.0
Sparkov,FOLLOWUP_SPARKOV_047,B_lexical,fbed333b-d406-4423-b837-c3c4aab6d7a1,completed,generated_released,True,12212.165,12190.333,9.647,0.059,2033.926,4603904.0
Sparkov,FOLLOWUP_SPARKOV_057,C_lexical,032bb917-10fa-4b06-a465-4d5b7aa5edc0,suppressed,pre_generation_suppressed,False,19.111,,9.727,,0.0,0.0
Sparkov,FOLLOWUP_SPARKOV_051,C_dense,03a6dfe0-bbd9-47d7-b68f-cbd4268ca1dc,suppressed,pre_generation_suppressed,False,20.065,,10.949,,0.0,0.0
Sparkov,FOLLOWUP_SPARKOV_056,B_dense,05b9c1d4-600a-4783-9fc0-f07794c886e9,completed,generated_released,True,11738.87,11723.721,5.098,0.361,1944.637,1753088.0
Sparkov,FOLLOWUP_SPARKOV_058,A_direct,07c98864-a249-40fa-a2f0-7b635b8992d9,completed,generated_released,True,5501.664,5492.687,0.0,0.014,1180.279,-2686976.0
Sparkov,FOLLOWUP_SPARKOV_055,D_hybrid,08a41096-50c6-4826-9aad-acad0ae4ebb1,suppressed,pre_generation_suppressed,False,24.139,,15.236,,0.0,0.0
Sparkov,FOLLOWUP_SPARKOV_053,C_dense,1161fd8e-e88d-4699-9448-7d8139bc5249,suppressed,pre_generation_suppressed,False,20.968,,11.764,,0.0,0.0
Sparkov,FOLLOWUP_SPARKOV_055,C_lexical,11e0bd33-20c6-4f4c-9179-1e926dfeb59d,suppressed,pre_generation_suppressed,False,18.533,,9.531,,0.0,0.0
Sparkov,FOLLOWUP_SPARKOV_052,B_dense,1c3868eb-a711-4523-8a7d-9bbd8b688414,completed,generated_released,True,9057.466,9043.097,5.079,0.013,1480.389,-1802240.0
Sparkov,FOLLOWUP_SPARKOV_060,C_lexical,1c5211f1-c290-493f-aee5-246a5e1388d6,suppressed,pre_generation_suppressed,False,18.927,,9.571,,0.0,0.0
Sparkov,FOLLOWUP_SPARKOV_058,C_lexical,1ca915ed-0112-40be-92f1-fad2a0ded196,suppressed,pre_generation_suppressed,False,18.629,,9.552,,0.0,0.0
Sparkov,FOLLOWUP_SPARKOV_057,B_lexical,1ffffd7c-a631-405c-91b2-048df258574c,completed,generated_released,True,8643.284,8624.093,9.637,0.021,1340.865,327680.0
Sparkov,FOLLOWUP_SPARKOV_052,A_direct,23bd1697-32f4-4172-85b9-e7475a9ec551,completed,generated_released,True,6261.408,6252.652,0.0,0.022,1356.228,589824.0
Sparkov,FOLLOWUP_SPARKOV_054,B_lexical,25bafd73-bc3f-47ba-be56-0e792a078b0d,completed,generated_released,True,10151.524,10132.289,9.607,0.015,1590.229,-1785856.0
Sparkov,FOLLOWUP_SPARKOV_058,B_lexical,2b6c3e5d-5323-4cc8-b140-198ed0f51b4f,completed,generated_released,True,9843.245,9824.146,9.531,0.021,1565.063,2801664.0
Sparkov,FOLLOWUP_SPARKOV_060,B_lexical,2f17770e-684b-4bf8-8c17-9d7504eb1e09,completed,generated_released,True,10600.443,10581.964,9.586,0.014,1690.038,1146880.0
Sparkov,FOLLOWUP_SPARKOV_058,B_dense,30a9e87b-cf97-421b-b8b3-7db8f83603b0,completed,generated_released,True,9344.728,9324.269,10.912,0.022,1504.879,-2703360.0
Sparkov,FOLLOWUP_SPARKOV_052,D_hybrid,3443d06b-9635-4383-ae66-4d28df2da365,suppressed,pre_generation_suppressed,False,26.951,,17.994,,0.0,0.0
Sparkov,FOLLOWUP_SPARKOV_059,C_lexical,51a84d28-b0b9-4448-8d47-62afb0579514,suppressed,pre_generation_suppressed,False,147.108,,59.372,,0.0,0.0
Sparkov,FOLLOWUP_SPARKOV_059,B_lexical,5464daf6-b69d-438f-8f8e-656454a536f3,completed,generated_released,True,9276.184,9256.319,9.615,0.013,1469.027,5505024.0
Sparkov,FOLLOWUP_SPARKOV_055,B_dense,55114655-03af-4e92-9e22-2f0bab1ab9fa,completed,generated_released,True,7882.201,7861.705,10.89,0.019,1247.871,999424.0
Sparkov,FOLLOWUP_SPARKOV_057,D_hybrid,5d15e901-b942-474a-a84c-f3972d527298,suppressed,pre_generation_suppressed,False,23.943,,14.767,,0.0,0.0
Sparkov,FOLLOWUP_SPARKOV_056,C_lexical,5da56acd-6e72-4f37-8c09-d2e784f0f443,suppressed,pre_generation_suppressed,False,19.038,,9.651,,0.0,0.0
Sparkov,FOLLOWUP_SPARKOV_058,D_hybrid,5f4658a7-378a-498a-bcab-7e3e31c78d60,suppressed,pre_generation_suppressed,False,29.413,,20.788,,0.0,0.0
Sparkov,FOLLOWUP_SPARKOV_060,D_hybrid,65603fb4-fb0c-487e-8504-8bc07d31b7f3,suppressed,pre_generation_suppressed,False,23.887,,14.719,,0.0,0.0
Sparkov,FOLLOWUP_SPARKOV_060,B_dense,6648f43c-efde-468d-96a9-2001425b0098,completed,generated_released,True,8950.039,8934.138,6.274,0.013,1435.468,802816.0
Sparkov,FOLLOWUP_SPARKOV_053,C_lexical,6b865313-a8be-48b1-8273-368a64c9e59d,suppressed,pre_generation_suppressed,False,19.615,,9.694,,0.0,0.0
Sparkov,FOLLOWUP_SPARKOV_056,D_hybrid,6ee8d995-f336-4f42-8643-309af4bd9d51,suppressed,pre_generation_suppressed,False,24.808,,15.906,,0.0,0.0
Sparkov,FOLLOWUP_SPARKOV_056,B_lexical,792074c4-73be-4174-aa05-e1486dc8446a,completed,generated_released,True,9851.56,9832.232,9.684,0.017,1554.831,1851392.0
Sparkov,FOLLOWUP_SPARKOV_052,C_dense,8041a664-3b15-48a6-8d44-34884d95e523,suppressed,pre_generation_suppressed,False,15.855,,6.108,,0.0,0.0
Sparkov,FOLLOWUP_SPARKOV_052,C_lexical,8145522e-a11d-46b1-a415-81854b6e49a3,suppressed,pre_generation_suppressed,False,19.172,,9.622,,0.0,0.0
Sparkov,FOLLOWUP_SPARKOV_053,B_dense,89b2e90a-2e62-4c3b-b28c-aa37b181f995,completed,generated_released,True,8735.547,8714.093,11.504,0.014,1380.444,-1114112.0
Sparkov,FOLLOWUP_SPARKOV_052,B_lexical,8b288e29-21e2-4f04-8ae8-ef1d8f223067,completed,generated_released,True,9274.569,9255.301,9.672,0.012,1449.224,1245184.0
Sparkov,FOLLOWUP_SPARKOV_055,A_direct,94846106-16f9-43f7-904f-86d94163e71e,completed,generated_released,True,6557.132,6548.016,0.0,0.012,1434.296,851968.0
Sparkov,FOLLOWUP_SPARKOV_058,C_dense,9666196e-6fbc-4034-aaf8-8dc203a8371b,suppressed,pre_generation_suppressed,False,21.321,,12.433,,0.0,0.0
Sparkov,FOLLOWUP_SPARKOV_057,A_direct,969ca53a-4f72-41e6-9134-f5652f6f2d6d,completed,generated_released,True,6516.682,6508.057,0.0,0.013,1408.444,2621440.0
Sparkov,FOLLOWUP_SPARKOV_056,A_direct,9bdd39b6-1c45-42fe-8ad6-c8ca3e5fc8cf,completed,generated_released,True,6427.146,6418.121,0.0,0.013,1398.127,3932160.0
Sparkov,FOLLOWUP_SPARKOV_051,D_hybrid,a66e3171-3e33-44b0-a9cc-cabd980f1333,suppressed,pre_generation_suppressed,False,23.726,,14.935,,0.0,0.0
Sparkov,FOLLOWUP_SPARKOV_051,B_dense,a7b92781-59c2-46ad-aaa3-0bc7d778844f,completed,generated_released,True,9990.483,9970.54,10.73,0.012,1629.995,573440.0
Sparkov,FOLLOWUP_SPARKOV_057,C_dense,ae28b09d-36e8-44b1-a6b7-12eb15454432,suppressed,pre_generation_suppressed,False,13.797,,5.215,,0.0,0.0
Sparkov,FOLLOWUP_SPARKOV_053,D_hybrid,aeb05e04-fa28-42a3-92e8-3712888f9f5c,suppressed,pre_generation_suppressed,False,24.409,,15.369,,0.0,0.0
Sparkov,FOLLOWUP_SPARKOV_054,C_dense,b4b3e463-85f2-42de-a516-4806624ca62d,suppressed,pre_generation_suppressed,False,19.546,,10.562,,0.0,0.0
Sparkov,FOLLOWUP_SPARKOV_053,B_lexical,bb738d82-d094-4e5e-9065-f0a64c3118fa,completed,generated_released,True,10144.459,10125.199,9.638,0.014,1620.521,933888.0
Sparkov,FOLLOWUP_SPARKOV_053,A_direct,bf569843-9d0a-43ee-be26-56d218b361e6,completed,generated_released,True,6857.778,6848.928,0.0,0.013,1505.966,3244032.0
Sparkov,FOLLOWUP_SPARKOV_054,D_hybrid,c58258e2-96dd-4720-a88a-e1ed9b61f1a0,suppressed,pre_generation_suppressed,False,24.684,,15.918,,0.0,0.0
Sparkov,FOLLOWUP_SPARKOV_060,A_direct,c7da9cbe-ea41-4775-b64c-e6301830fe24,completed,generated_released,True,6743.633,6734.854,0.0,0.014,1425.514,1015808.0
Sparkov,FOLLOWUP_SPARKOV_055,C_dense,d7b2d082-db94-4db5-8eff-4b96b3525237,suppressed,pre_generation_suppressed,False,21.406,,12.659,,0.0,0.0
Sparkov,FOLLOWUP_SPARKOV_059,C_dense,db8b913b-263d-4742-8298-2f2d6146d424,suppressed,pre_generation_suppressed,False,72.811,,63.6,,0.0,0.0
Sparkov,FOLLOWUP_SPARKOV_051,C_lexical,dcf6c730-e28b-499e-a8ab-adcad875db95,suppressed,pre_generation_suppressed,False,18.615,,9.55,,0.0,0.0
Sparkov,FOLLOWUP_SPARKOV_060,C_dense,de0dbece-0ab2-4fde-b868-b7dc43c7f32e,suppressed,pre_generation_suppressed,False,20.129,,11.365,,0.0,0.0
Sparkov,FOLLOWUP_SPARKOV_054,C_lexical,e2fe0eaf-66df-49fb-977f-0ad7ae0ed848,suppressed,pre_generation_suppressed,False,18.791,,9.575,,0.0,0.0
Sparkov,FOLLOWUP_SPARKOV_055,B_lexical,e5380958-1128-4253-be86-c24e09f59594,completed,generated_released,True,7475.936,7457.122,9.54,0.017,1146.343,770048.0
Sparkov,FOLLOWUP_SPARKOV_054,A_direct,e57c45d2-9324-4e5a-87a1-1c9fa5627b61,completed,generated_released,True,7449.566,7440.789,0.0,0.028,1623.503,753664.0
Sparkov,FOLLOWUP_SPARKOV_056,C_dense,e6c2650c-ff6c-4391-9e3c-e4d813f41968,suppressed,pre_generation_suppressed,False,19.972,,11.403,,0.0,0.0
Sparkov,FOLLOWUP_SPARKOV_059,B_dense,e9bf0ad4-f968-4043-acab-6d6028be21b3,completed,generated_released,True,99992.309,99616.879,358.368,2.516,17415.802,-645677056.0
Sparkov,FOLLOWUP_SPARKOV_051,B_lexical,ecc72fe9-494c-426c-8dc0-2401581d207b,completed,generated_released,True,9490.084,9470.953,9.557,0.014,1507.715,425984.0
Sparkov,FOLLOWUP_SPARKOV_059,D_hybrid,ecca7088-0a39-418e-93b4-212871afea35,suppressed,pre_generation_suppressed,False,29.803,,20.363,,0.0,0.0
Sparkov,FOLLOWUP_SPARKOV_059,A_direct,efd366f2-aa9b-4782-a9ea-a40d0b59193b,completed,generated_released,True,6992.847,6983.533,0.0,0.015,1530.699,18055168.0
Sparkov,FOLLOWUP_SPARKOV_057,B_dense,f3c288a7-4bc3-4796-bf5a-000a567d96a5,completed,generated_released,True,9120.695,9106.343,5.21,0.013,1462.938,245760.0
Sparkov,FOLLOWUP_SPARKOV_054,B_dense,f6824356-701e-4edb-9a07-af57f2044328,completed,generated_released,True,7397.136,7381.988,4.993,0.012,1160.46,3571712.0
Sparkov,FOLLOWUP_SPARKOV_051,A_direct,ff019714-e1d1-4dd9-bc95-95bc3df421d9,completed,generated_released,True,6093.103,6083.989,0.0,0.014,1323.758,-81920.0
Sparkov,FOLLOWUP_SPARKOV_061,D_hybrid,0b09ebb7-e9fa-4d39-aa1f-3b3ded1ed112,suppressed,pre_generation_suppressed,False,28.686,,19.181,,0.0,0.0
Sparkov,FOLLOWUP_SPARKOV_069,B_dense,1487e347-05cf-4611-8373-4ef70ca643bb,completed,generated_released,True,9276.064,8945.925,320.024,0.012,1477.274,2834432.0
Sparkov,FOLLOWUP_SPARKOV_064,C_dense,1719b8cd-418e-4f7a-b9e2-ed79483bbfe5,suppressed,pre_generation_suppressed,False,14.162,,5.105,,0.0,0.0
Sparkov,FOLLOWUP_SPARKOV_070,D_hybrid,1a655ae4-0bb3-4aba-969d-4203a63d29b4,suppressed,pre_generation_suppressed,False,26.638,,16.37,,0.0,0.0
Sparkov,FOLLOWUP_SPARKOV_062,C_lexical,1c38c34d-4ae0-4b10-891a-b8f179b26ea5,suppressed,pre_generation_suppressed,False,19.109,,9.652,,0.0,0.0
Sparkov,FOLLOWUP_SPARKOV_067,B_dense,254cb757-6b09-4200-b556-5e54ccc06fe9,completed,generated_released,True,10018.958,10000.925,7.354,0.013,1488.4,1589248.0
Sparkov,FOLLOWUP_SPARKOV_063,D_hybrid,2b7e2408-9cc2-4d0f-bfb4-c04bd7dff70b,suppressed,pre_generation_suppressed,False,26.102,,17.415,,0.0,0.0
Sparkov,FOLLOWUP_SPARKOV_064,B_lexical,315948bd-3b08-4c28-b17f-c8c30b629bf9,completed,generated_released,True,14029.807,14006.063,10.168,0.031,2096.018,3244032.0
Sparkov,FOLLOWUP_SPARKOV_066,B_dense,365d7a65-67ac-484f-a247-0454c7108edf,completed,generated_released,True,9767.113,9747.573,10.305,0.02,1622.646,1114112.0
Sparkov,FOLLOWUP_SPARKOV_065,C_dense,3702e2c0-30ac-43f1-8b15-2cfc994dd2b0,suppressed,pre_generation_suppressed,False,13.625,,5.12,,0.0,0.0
Sparkov,FOLLOWUP_SPARKOV_063,B_dense,3dfdf8fd-a765-4072-90ee-352cf17c1e2b,completed,generated_released,True,9781.593,9766.625,5.27,0.013,1465.197,-2064384.0
Sparkov,FOLLOWUP_SPARKOV_068,B_dense,459436b3-02b6-4d24-8722-d06c5f1e6377,completed,generated_released,True,9027.917,9012.192,5.439,0.012,1516.831,393216.0
Sparkov,FOLLOWUP_SPARKOV_069,B_lexical,470a8129-0082-4214-881d-cf2cbe06d15c,completed,generated_released,True,10184.379,10080.765,88.702,0.013,1648.123,5341184.0
Sparkov,FOLLOWUP_SPARKOV_066,B_lexical,4bad3ba1-9457-46cc-93fa-cea422365a6f,completed,generated_released,True,8853.922,8835.424,9.576,0.013,1415.904,-1835008.0
Sparkov,FOLLOWUP_SPARKOV_067,A_direct,4dc7090c-e7c1-4a00-bcd3-90b730206d29,completed,generated_released,True,55004.305,54993.984,0.0,0.015,8712.882,-58638336.0
Sparkov,FOLLOWUP_SPARKOV_068,C_lexical,4ede0ad5-b8c1-4ce1-bf62-aa45c941d0a8,suppressed,pre_generation_suppressed,False,18.775,,9.604,,0.0,0.0
Sparkov,FOLLOWUP_SPARKOV_062,A_direct,557e94f0-158d-43ea-8b6e-f1265bce1880,completed,generated_released,True,53351.445,53342.392,0.0,0.016,8079.036,-100696064.0
Sparkov,FOLLOWUP_SPARKOV_069,C_dense,6256fdac-ee4d-4b59-a2d9-1c156806e4e2,suppressed,pre_generation_suppressed,False,14.083,,5.586,,0.0,0.0
Sparkov,FOLLOWUP_SPARKOV_062,C_dense,641f29cb-3d7d-4f73-8395-febdb4d20876,suppressed,pre_generation_suppressed,False,15.219,,6.66,,0.0,0.0
Sparkov,FOLLOWUP_SPARKOV_064,D_hybrid,69f2c761-4fe7-4ceb-a3f0-6f3500c315d9,suppressed,pre_generation_suppressed,False,26.948,,17.851,,0.0,0.0
Sparkov,FOLLOWUP_SPARKOV_061,B_lexical,6b48a86f-8992-45f3-b36e-cd34c0497627,completed,generated_released,True,11413.87,11391.354,10.174,0.014,1900.438,3145728.0
Sparkov,FOLLOWUP_SPARKOV_066,C_dense,6c51e2ad-6896-4c51-9219-536485cc9482,suppressed,pre_generation_suppressed,False,13.918,,5.516,,0.0,0.0
Sparkov,FOLLOWUP_SPARKOV_062,B_lexical,7310d7a4-3b27-44d8-972a-0bdab9f5ddde,completed,generated_released,True,13921.95,13900.197,9.814,0.023,2168.605,4538368.0
Sparkov,FOLLOWUP_SPARKOV_067,C_lexical,740a6bdd-6388-40bb-ba3c-fbb7f865ee74,suppressed,pre_generation_suppressed,False,21.322,,10.504,,0.0,0.0
Sparkov,FOLLOWUP_SPARKOV_067,B_lexical,799a7db7-585a-4d9a-b258-7130a1f385d8,completed,generated_released,True,16799.455,16776.475,9.846,0.032,2583.775,3719168.0
Sparkov,FOLLOWUP_SPARKOV_070,C_dense,79d0085b-6f34-4967-a912-70d4933173d8,suppressed,pre_generation_suppressed,False,14.774,,6.073,,0.0,0.0
Sparkov,FOLLOWUP_SPARKOV_069,C_lexical,87a8bc67-d370-469b-b9a8-762ea6f5432b,suppressed,pre_generation_suppressed,False,18.786,,9.578,,0.0,0.0
Sparkov,FOLLOWUP_SPARKOV_068,D_hybrid,899c74cb-697d-4fba-866e-c4e295ee71bd,suppressed,pre_generation_suppressed,False,27.361,,18.599,,0.0,0.0
Sparkov,FOLLOWUP_SPARKOV_063,B_lexical,91fc8351-cbe6-43a3-93fa-e332691be127,completed,generated_released,True,9551.685,9530.059,9.8,0.011,1341.774,3866624.0
Sparkov,FOLLOWUP_SPARKOV_068,C_dense,93bc26a7-012a-4b2f-b798-a50b75a42c60,suppressed,pre_generation_suppressed,False,15.051,,5.796,,0.0,0.0
Sparkov,FOLLOWUP_SPARKOV_061,B_dense,98e60d25-9581-4f5a-afd5-2b632d8098e6,completed,generated_released,True,17196.029,12263.605,4919.735,0.018,2153.873,5324800.0
Sparkov,FOLLOWUP_SPARKOV_066,D_hybrid,9d7ee775-42e5-4ae7-a721-a845b98e114c,suppressed,pre_generation_suppressed,False,23.29,,14.645,,0.0,0.0
Sparkov,FOLLOWUP_SPARKOV_065,B_dense,a34c9ace-8b33-48a6-b74e-948628db25d6,completed,generated_released,True,12345.703,12331.096,5.415,0.013,1893.036,3620864.0
Sparkov,FOLLOWUP_SPARKOV_070,B_lexical,a516393d-e9e5-4303-b476-cec0e0ba0683,completed,generated_released,True,8397.882,8375.3,10.076,0.02,1194.299,4177920.0
Sparkov,FOLLOWUP_SPARKOV_067,D_hybrid,a57f8292-f477-4386-9ada-a31b87954446,suppressed,pre_generation_suppressed,False,25.177,,15.126,,0.0,0.0
Sparkov,FOLLOWUP_SPARKOV_067,C_dense,a58a0adf-3f08-4856-9790-12b72ee0cf49,suppressed,pre_generation_suppressed,False,21.178,,11.083,,0.0,0.0
Sparkov,FOLLOWUP_SPARKOV_065,B_lexical,aa916dd4-8d71-4b75-98f4-4c062396106a,completed,generated_released,True,9923.464,9903.99,9.848,0.013,1450.185,638976.0
Sparkov,FOLLOWUP_SPARKOV_070,A_direct,af7d22dc-697e-4940-9db4-c87205c93a7e,completed,generated_released,True,68990.35,68979.718,0.0,0.015,10372.698,-31834112.0
Sparkov,FOLLOWUP_SPARKOV_063,C_lexical,b2195779-bb75-481f-88b4-07d6ec8330f0,suppressed,pre_generation_suppressed,False,18.902,,9.631,,0.0,0.0
Sparkov,FOLLOWUP_SPARKOV_061,C_lexical,b2d13d89-ce16-499d-8777-33915958dfe7,suppressed,pre_generation_suppressed,False,19.921,,9.869,,0.0,0.0
Sparkov,FOLLOWUP_SPARKOV_061,A_direct,b8ebc53d-ebd9-4f7d-be46-0ef111c3d62d,completed,generated_released,True,67372.437,67361.638,0.0,0.018,10086.453,-3342336.0
Sparkov,FOLLOWUP_SPARKOV_069,A_direct,bc6bcb76-7b37-44e3-ada6-afdbe7fd605d,completed,generated_released,True,7536.764,7525.096,0.0,2.008,1985.561,-214433792.0
Sparkov,FOLLOWUP_SPARKOV_065,C_lexical,bf93788a-6fa9-4d0e-8eff-c69e4e9bb964,suppressed,pre_generation_suppressed,False,19.444,,9.599,,0.0,0.0
Sparkov,FOLLOWUP_SPARKOV_070,B_dense,c5884ca5-119d-4fc4-a44a-b2c55372c79f,completed,generated_released,True,11021.436,11006.57,5.09,0.015,1647.254,901120.0
Sparkov,FOLLOWUP_SPARKOV_068,A_direct,c6c74778-b2b5-470a-873b-afc3a74a43d0,completed,generated_released,True,61133.292,61124.513,0.0,0.022,9052.078,-4014080.0
Sparkov,FOLLOWUP_SPARKOV_064,A_direct,cc981568-4d9e-47e6-8d2f-9d31c38e60ca,completed,generated_released,True,66326.427,66316.715,0.0,0.031,9816.78,-5160960.0
Sparkov,FOLLOWUP_SPARKOV_064,B_dense,cefb8c1e-761e-4476-9afc-3007103b3ebd,completed,generated_released,True,12283.104,10032.472,2220.894,0.022,1464.844,4505600.0
Sparkov,FOLLOWUP_SPARKOV_064,C_lexical,d778f464-385b-4cb5-9e0a-037ca8dbbd6f,suppressed,pre_generation_suppressed,False,19.423,,9.638,,0.0,0.0
Sparkov,FOLLOWUP_SPARKOV_065,A_direct,dbdde755-23ee-4ed3-8c7b-e89e9c3bbce2,completed,generated_released,True,62686.646,62677.717,0.0,0.016,9347.92,-5357568.0
Sparkov,FOLLOWUP_SPARKOV_066,A_direct,dcc6b88e-3711-4101-b947-e0972bcecfd0,completed,generated_released,True,48457.104,48448.538,0.0,0.027,8021.765,-20201472.0
Sparkov,FOLLOWUP_SPARKOV_061,C_dense,de364115-0990-4cae-8dd7-1779665a2065,suppressed,pre_generation_suppressed,False,15.67,,6.145,,0.0,0.0
Sparkov,FOLLOWUP_SPARKOV_070,C_lexical,e9c02b55-1f1f-4814-bcc6-0de36f5c5729,suppressed,pre_generation_suppressed,False,19.121,,9.777,,0.0,0.0
Sparkov,FOLLOWUP_SPARKOV_066,C_lexical,ea5f564f-0743-4dcd-9194-faabca816c16,suppressed,pre_generation_suppressed,False,18.699,,9.543,,0.0,0.0
Sparkov,FOLLOWUP_SPARKOV_063,A_direct,ed3372dc-db2d-4b66-a113-f9cd58fa5ca8,completed,generated_released,True,66770.092,66761.057,0.0,0.014,10371.756,-4210688.0
Sparkov,FOLLOWUP_SPARKOV_068,B_lexical,eeb42703-f048-4a80-811a-62057b38e8fa,completed,generated_released,True,12060.924,12038.863,9.945,0.023,1892.442,3424256.0
Sparkov,FOLLOWUP_SPARKOV_062,B_dense,eec890e5-b778-4019-bc13-83483df13968,completed,generated_released,True,10129.619,10114.133,5.996,0.015,1612.19,884736.0
Sparkov,FOLLOWUP_SPARKOV_069,D_hybrid,f372a3df-bd9d-4e44-9a37-cdb43c417ecd,suppressed,pre_generation_suppressed,False,23.305,,14.642,,0.0,0.0
Sparkov,FOLLOWUP_SPARKOV_063,C_dense,fbb49ada-a4d7-4001-a858-87f04ec87db9,suppressed,pre_generation_suppressed,False,13.818,,5.208,,0.0,0.0
Sparkov,FOLLOWUP_SPARKOV_065,D_hybrid,fbfd4a0a-ff44-43b1-b2c3-689e6c9c93ce,suppressed,pre_generation_suppressed,False,23.917,,15.3,,0.0,0.0
Sparkov,FOLLOWUP_SPARKOV_062,D_hybrid,fde7c9ad-6ed4-446e-a6c9-250e90c074c9,suppressed,pre_generation_suppressed,False,24.921,,16.178,,0.0,0.0
Sparkov,FOLLOWUP_SPARKOV_071,A_direct,011e4dae-7f60-427e-9fce-1001a9bd1f26,completed,generated_released,True,64460.434,64451.287,0.0,0.015,9606.255,-11567104.0
Sparkov,FOLLOWUP_SPARKOV_080,C_dense,03abad35-b958-4d40-a20b-956a93d62e66,suppressed,pre_generation_suppressed,False,15.442,,6.46,,0.0,0.0
Sparkov,FOLLOWUP_SPARKOV_077,B_lexical,04093e61-3f6e-4b18-a1d4-dd444a577427,completed,generated_released,True,11276.844,11253.906,10.34,0.023,1699.66,12189696.0
Sparkov,FOLLOWUP_SPARKOV_073,C_lexical,05055b17-a174-437b-b25a-38d53b58a15a,suppressed,pre_generation_suppressed,False,19.528,,9.603,,0.0,0.0
Sparkov,FOLLOWUP_SPARKOV_076,C_lexical,06d83986-9e08-494c-b49d-76a33979f55e,suppressed,pre_generation_suppressed,False,19.801,,9.877,,0.0,0.0
Sparkov,FOLLOWUP_SPARKOV_076,B_lexical,08dce4d5-4b65-42ab-9fae-dd5c53aeb36b,completed,generated_released,True,9228.602,9206.293,9.855,0.35,1487.067,5357568.0
Sparkov,FOLLOWUP_SPARKOV_079,C_lexical,0be96c2e-76e2-4048-bff2-868a0f8c2bec,suppressed,pre_generation_suppressed,False,18.788,,9.66,,0.0,0.0
Sparkov,FOLLOWUP_SPARKOV_079,D_hybrid,0bf1e7b6-6933-43ae-9588-7d5763af108c,suppressed,pre_generation_suppressed,False,28.499,,19.55,,0.0,0.0
Sparkov,FOLLOWUP_SPARKOV_074,C_lexical,0df77c21-0f14-40ec-9453-37bc27f4d1ff,suppressed,pre_generation_suppressed,False,19.798,,9.884,,0.0,0.0
Sparkov,FOLLOWUP_SPARKOV_074,B_dense,0ea33891-4664-4176-a67d-7311ecff91b1,completed,generated_released,True,8211.102,8195.623,5.443,0.012,1347.924,1130496.0
Sparkov,FOLLOWUP_SPARKOV_079,B_lexical,1048dc22-3721-40cb-a188-67353e408346,completed,generated_released,True,8528.945,8499.968,11.166,0.013,1374.466,9699328.0
Sparkov,FOLLOWUP_SPARKOV_073,D_hybrid,132a8e2a-6597-4a59-bde9-9f3e84f9ccb4,suppressed,pre_generation_suppressed,False,24.384,,15.173,,0.0,0.0
Sparkov,FOLLOWUP_SPARKOV_075,B_lexical,158859a9-3cf9-4771-9961-2152852b1134,completed,generated_released,True,9988.72,9962.109,12.249,0.013,1676.902,14319616.0
Sparkov,FOLLOWUP_SPARKOV_080,B_dense,240fcd65-cba7-4c8c-ad24-13b7df895759,completed,generated_released,True,10312.042,10295.364,5.965,0.013,1783.984,-1081344.0
Sparkov,FOLLOWUP_SPARKOV_075,D_hybrid,3a956b56-280f-4c73-8433-4b3446471a37,suppressed,pre_generation_suppressed,False,29.312,,20.429,,0.0,0.0
Sparkov,FOLLOWUP_SPARKOV_076,A_direct,4468bc17-8706-457e-8ee4-7d061c212f46,completed,generated_released,True,47663.582,47654.239,0.0,0.013,7470.754,-7421952.0
Sparkov,FOLLOWUP_SPARKOV_072,C_lexical,4d0336a1-b8d4-42c2-8622-e2db9af0576a,suppressed,pre_generation_suppressed,False,18.963,,9.535,,0.0,0.0
Sparkov,FOLLOWUP_SPARKOV_076,B_dense,563fa492-ae95-4a98-9cc3-3fb296e7deec,completed,generated_released,True,9163.842,9148.044,5.899,0.015,1509.586,-1966080.0
Sparkov,FOLLOWUP_SPARKOV_077,C_lexical,58ffd328-1a71-41cf-ad0d-2eb8ab5e5eb4,suppressed,pre_generation_suppressed,False,19.493,,9.646,,0.0,0.0
Sparkov,FOLLOWUP_SPARKOV_072,D_hybrid,60b60df5-66d7-4623-bb39-0ae591440e5c,suppressed,pre_generation_suppressed,False,23.945,,14.977,,0.0,0.0
Sparkov,FOLLOWUP_SPARKOV_073,C_dense,68c05595-7f02-48fe-a93e-74c82472b330,suppressed,pre_generation_suppressed,False,14.467,,5.346,,0.0,0.0
Sparkov,FOLLOWUP_SPARKOV_079,B_dense,6ace65e1-2f92-4e16-924d-c640c9e72147,completed,generated_released,True,8501.503,8484.707,7.283,0.011,1379.417,3932160.0
Sparkov,FOLLOWUP_SPARKOV_076,D_hybrid,6b3dd8e0-6464-4fc7-bac2-918dd5a6b7b1,suppressed,pre_generation_suppressed,False,29.583,,20.998,,0.0,0.0
Sparkov,FOLLOWUP_SPARKOV_079,A_direct,6cd62a01-7416-4e67-b8ed-84c4f61885fc,completed,generated_released,True,7188.645,7179.622,0.0,0.085,1806.092,-446791680.0
Sparkov,FOLLOWUP_SPARKOV_080,D_hybrid,7fa03505-e210-4822-9400-fbd22bcf015b,suppressed,pre_generation_suppressed,False,24.568,,15.197,,0.0,0.0
Sparkov,FOLLOWUP_SPARKOV_078,A_direct,857d3e02-8680-4960-a64a-8df513cca378,completed,generated_released,True,65878.4,65869.686,0.0,0.021,9970.602,-8519680.0
Sparkov,FOLLOWUP_SPARKOV_075,C_dense,86e4ad1e-77c2-4c1a-bf22-c83f1d36f71e,suppressed,pre_generation_suppressed,False,14.197,,5.243,,0.0,0.0
Sparkov,FOLLOWUP_SPARKOV_071,C_dense,88c11aa7-6963-4f9f-b63e-8a09f94d31f2,suppressed,pre_generation_suppressed,False,14.608,,5.658,,0.0,0.0
Sparkov,FOLLOWUP_SPARKOV_076,C_dense,8e3a7580-cd04-4143-9a60-6000d5fba537,suppressed,pre_generation_suppressed,False,15.723,,6.617,,0.0,0.0
Sparkov,FOLLOWUP_SPARKOV_075,B_dense,92f296ab-db84-4543-b071-2f5d04f9b3b5,completed,generated_released,True,11027.415,11010.968,6.193,0.021,1912.771,1114112.0
Sparkov,FOLLOWUP_SPARKOV_077,B_dense,9c4e0d74-226f-4999-8e7d-139ab12ea2d0,completed,generated_released,True,9236.487,9207.144,10.874,0.012,1600.238,2916352.0
Sparkov,FOLLOWUP_SPARKOV_079,C_dense,a5bc1976-cf85-45c7-ada0-03ac73300c97,suppressed,pre_generation_suppressed,False,302.84,,293.319,,0.0,0.0
Sparkov,FOLLOWUP_SPARKOV_077,C_dense,a68dcfaa-e533-4688-add0-b72b3b4cc50d,suppressed,pre_generation_suppressed,False,13.759,,5.219,,0.0,0.0
Sparkov,FOLLOWUP_SPARKOV_072,B_lexical,a8fe9514-2e41-484d-a063-b2c7bc54fb19,completed,generated_released,True,10791.859,10772.246,9.862,0.013,1768.108,753664.0
Sparkov,FOLLOWUP_SPARKOV_078,D_hybrid,ad483ae9-e0ef-4dac-8777-681882e64985,suppressed,pre_generation_suppressed,False,24.126,,15.315,,0.0,0.0
Sparkov,FOLLOWUP_SPARKOV_080,B_lexical,af65a668-bdc8-41e9-b966-848210ac4133,completed,generated_released,True,9673.442,9651.695,9.879,0.013,1713.373,1654784.0
Sparkov,FOLLOWUP_SPARKOV_074,D_hybrid,b2c6b645-892f-4c1c-b8f0-e856287e676e,suppressed,pre_generation_suppressed,False,25.245,,16.144,,0.0,0.0
Sparkov,FOLLOWUP_SPARKOV_073,A_direct,bb97e737-033d-4122-9a86-3ad39f8262fd,completed,generated_released,True,64613.49,64602.166,0.0,0.711,9981.417,-56541184.0
Sparkov,FOLLOWUP_SPARKOV_078,B_dense,be380395-af63-47d3-9737-a5e3982ab4c7,completed,generated_released,True,10732.256,10716.429,6.558,0.028,1839.1,98304.0
Sparkov,FOLLOWUP_SPARKOV_071,D_hybrid,c6c98b7b-f683-40da-bcd5-82ecc2dcc9f7,suppressed,pre_generation_suppressed,False,26.762,,17.827,,0.0,0.0
Sparkov,FOLLOWUP_SPARKOV_072,B_dense,d03128b9-77ce-4813-8b92-cdc11b7d2030,completed,generated_released,True,9120.595,9105.247,5.326,0.013,1520.271,-2228224.0
Sparkov,FOLLOWUP_SPARKOV_077,A_direct,d3dbcc59-5b92-40df-a6e8-532dd232f24e,completed,generated_released,True,46322.64,46313.847,0.0,0.038,7772.547,-77250560.0
Sparkov,FOLLOWUP_SPARKOV_078,C_dense,d4cde32d-568b-440d-b4c3-688215ffc72e,suppressed,pre_generation_suppressed,False,14.503,,5.378,,0.0,0.0
Sparkov,FOLLOWUP_SPARKOV_074,B_lexical,dd3a0d9e-acaf-418c-ac62-ff16547d8cb7,completed,generated_released,True,7057.921,7035.92,9.904,0.02,1098.477,4259840.0
Sparkov,FOLLOWUP_SPARKOV_071,C_lexical,dd9f6f4c-2975-4768-8d5e-f9b63b685917,suppressed,pre_generation_suppressed,False,20.425,,9.583,,0.0,0.0
Sparkov,FOLLOWUP_SPARKOV_074,A_direct,e125fcbf-b090-4a9b-8400-3431426852c6,completed,generated_released,True,63136.97,63127.129,0.0,0.022,9126.758,-2392064.0
Sparkov,FOLLOWUP_SPARKOV_080,A_direct,e1cfba5c-efd0-4128-9224-233c313c2e3a,completed,generated_released,True,61865.472,61856.885,0.0,0.013,9412.37,-2555904.0
Sparkov,FOLLOWUP_SPARKOV_075,A_direct,e411d0cb-d3e1-4016-8b58-775921fc84d9,completed,generated_released,True,64865.236,64855.73,0.0,0.19,9976.095,-23527424.0
Sparkov,FOLLOWUP_SPARKOV_072,C_dense,ea6a417c-de71-4325-bd9d-f26293f7527a,suppressed,pre_generation_suppressed,False,13.915,,5.377,,0.0,0.0
Sparkov,FOLLOWUP_SPARKOV_073,B_lexical,ee622464-b698-4080-ab33-a0303b1d0839,completed,generated_released,True,9804.839,9754.343,19.767,0.013,1748.218,9682944.0
Sparkov,FOLLOWUP_SPARKOV_071,B_dense,f006c7db-172b-4141-a54f-3e452c5410b2,completed,generated_released,True,9020.618,9004.236,5.971,0.013,1514.086,1048576.0
Sparkov,FOLLOWUP_SPARKOV_074,C_dense,f01bb624-05b9-481c-952c-000e2c08f245,suppressed,pre_generation_suppressed,False,14.195,,5.134,,0.0,0.0
Sparkov,FOLLOWUP_SPARKOV_073,B_dense,f772ee0f-80df-438f-b65f-b3b50530b46a,completed,generated_released,True,11830.893,11803.475,17.26,0.013,2066.401,3473408.0
Sparkov,FOLLOWUP_SPARKOV_078,C_lexical,f8e9d1a4-1eab-4c85-b62a-ca2b12da96d5,suppressed,pre_generation_suppressed,False,19.291,,9.668,,0.0,0.0
Sparkov,FOLLOWUP_SPARKOV_078,B_lexical,f963a0f0-b18b-4025-bcd6-712ae9d540ac,completed,generated_released,True,10649.838,10631.039,9.597,0.274,1774.764,557056.0
Sparkov,FOLLOWUP_SPARKOV_077,D_hybrid,fa75fd40-9b8c-42d5-94a4-236d427ff6e4,suppressed,pre_generation_suppressed,False,23.698,,14.614,,0.0,0.0
Sparkov,FOLLOWUP_SPARKOV_075,C_lexical,fbf598dc-704c-400d-a83a-ba7060b68f24,suppressed,pre_generation_suppressed,False,20.194,,9.868,,0.0,0.0
Sparkov,FOLLOWUP_SPARKOV_072,A_direct,fc0f02bf-3438-4214-9a4e-d35eaed36042,completed,generated_released,True,26410.942,26402.198,0.0,0.022,3901.972,-622592.0
Sparkov,FOLLOWUP_SPARKOV_080,C_lexical,fda24043-a0e8-4ee5-bd1c-15d68d3d1c99,suppressed,pre_generation_suppressed,False,19.88,,10.053,,0.0,0.0
Sparkov,FOLLOWUP_SPARKOV_071,B_lexical,fe743483-789e-4817-bfc7-f857e6788be0,completed,generated_released,True,10252.424,10230.296,9.612,0.018,1715.159,4947968.0
Sparkov,FOLLOWUP_SPARKOV_084,B_lexical,0568b9c4-6cd7-420e-a2c9-c03687b88238,completed,generated_released,True,11586.848,11568.095,9.575,0.013,1884.822,950272.0
Sparkov,FOLLOWUP_SPARKOV_087,D_hybrid,07e27141-e68f-4db9-b5e1-0ca0541ebf7a,suppressed,pre_generation_suppressed,False,24.551,,15.483,,0.0,0.0
Sparkov,FOLLOWUP_SPARKOV_083,B_dense,08a0d1be-715c-49ce-ad4a-0fef76fe2640,completed,generated_released,True,11087.788,11072.669,5.647,0.014,1814.876,720896.0
Sparkov,FOLLOWUP_SPARKOV_089,D_hybrid,0e461ef8-22b9-43a9-87cd-2d9341488ff2,suppressed,pre_generation_suppressed,False,29.036,,20.006,,0.0,0.0
Sparkov,FOLLOWUP_SPARKOV_085,C_dense,10d9a8ac-1466-4c92-8458-797037bbd105,suppressed,pre_generation_suppressed,False,13.996,,5.543,,0.0,0.0
Sparkov,FOLLOWUP_SPARKOV_089,C_dense,1100b5c6-0526-401c-a3b0-742a57176747,suppressed,pre_generation_suppressed,False,68.842,,59.34,,0.0,0.0
Sparkov,FOLLOWUP_SPARKOV_090,D_hybrid,14a597b0-044f-433e-9220-445893dea100,suppressed,pre_generation_suppressed,False,24.274,,15.758,,0.0,0.0
Sparkov,FOLLOWUP_SPARKOV_086,C_dense,17c5b35f-05ce-49dd-b697-952697d3299b,suppressed,pre_generation_suppressed,False,21.349,,12.81,,0.0,0.0
Sparkov,FOLLOWUP_SPARKOV_087,C_dense,19830390-6ef5-462e-8fb0-363f2519e73b,suppressed,pre_generation_suppressed,False,14.934,,6.105,,0.0,0.0
Sparkov,FOLLOWUP_SPARKOV_088,A_direct,1cdf77de-9f51-4d8e-bb9a-2f1154361968,completed,generated_released,True,6879.467,6870.139,0.0,0.021,1497.995,32768.0
Sparkov,FOLLOWUP_SPARKOV_090,C_dense,1e81057a-af0d-4552-86c3-d02e6ded5c53,suppressed,pre_generation_suppressed,False,13.718,,5.14,,0.0,0.0
Sparkov,FOLLOWUP_SPARKOV_089,A_direct,21486371-b077-4728-9bba-682cd87ca565,completed,generated_released,True,8219.033,8210.333,0.0,0.019,1811.485,19103744.0
Sparkov,FOLLOWUP_SPARKOV_089,B_dense,2c0be75d-c83d-46ea-ae44-5df5ae4d6f98,completed,generated_released,True,96807.05,96476.964,313.932,2.486,17113.665,-652984320.0
Sparkov,FOLLOWUP_SPARKOV_081,C_lexical,2c867a2a-49f5-4886-9041-8a1844bce8ba,suppressed,pre_generation_suppressed,False,18.893,,9.759,,0.0,0.0
Sparkov,FOLLOWUP_SPARKOV_087,A_direct,2d888776-7d9b-4896-b090-f38d6cbc8b06,completed,generated_released,True,6353.88,6345.247,0.0,0.015,1376.473,950272.0
Sparkov,FOLLOWUP_SPARKOV_085,D_hybrid,316a2fe1-38c5-42a3-a000-e21a46ac7625,suppressed,pre_generation_suppressed,False,24.233,,15.538,,0.0,0.0
Sparkov,FOLLOWUP_SPARKOV_085,A_direct,416165e6-606c-468e-a287-253920c9cdad,completed,generated_released,True,6339.936,6331.053,0.0,0.017,1389.873,49152.0
Sparkov,FOLLOWUP_SPARKOV_081,A_direct,47bb3b19-a554-4992-97bb-540193493396,completed,generated_released,True,6562.796,6554.076,0.0,0.013,1425.072,2932736.0
Sparkov,FOLLOWUP_SPARKOV_088,B_dense,4c27485e-9f0d-4172-9e3a-dfe33e959a08,completed,generated_released,True,7057.941,7042.979,5.151,0.013,1094.105,2883584.0
Sparkov,FOLLOWUP_SPARKOV_084,A_direct,5aa90516-ad69-47b4-bee1-447c178d0ceb,completed,generated_released,True,7406.053,7397.372,0.0,0.019,1625.75,720896.0
Sparkov,FOLLOWUP_SPARKOV_084,C_dense,7a8924d8-fd31-4e36-8fd8-ff93806b9bf7,suppressed,pre_generation_suppressed,False,14.994,,5.517,,0.0,0.0
Sparkov,FOLLOWUP_SPARKOV_084,C_lexical,7c36c60b-6a93-4f79-aa43-b5b5fde3b0c1,suppressed,pre_generation_suppressed,False,19.018,,9.685,,0.0,0.0
Sparkov,FOLLOWUP_SPARKOV_082,D_hybrid,800bdfca-98d7-44fe-ad22-7ff103308030,suppressed,pre_generation_suppressed,False,32.811,,24.237,,0.0,0.0
Sparkov,FOLLOWUP_SPARKOV_085,C_lexical,8143bfe1-b624-4057-94a4-8b8ad9d6cdff,suppressed,pre_generation_suppressed,False,18.938,,9.599,,0.0,0.0
Sparkov,FOLLOWUP_SPARKOV_086,A_direct,853160e5-1ab1-4051-9077-3b8ed884fc06,completed,generated_released,True,6336.201,6326.756,0.0,0.015,1375.626,4079616.0
Sparkov,FOLLOWUP_SPARKOV_088,B_lexical,8672bca0-b874-42c9-a360-ef863fde962c,completed,generated_released,True,9042.936,9024.022,9.703,0.02,1422.615,-2916352.0
Sparkov,FOLLOWUP_SPARKOV_083,C_lexical,8bb88d0f-674f-4980-8445-7861af128e39,suppressed,pre_generation_suppressed,False,19.141,,9.668,,0.0,0.0
Sparkov,FOLLOWUP_SPARKOV_084,D_hybrid,8d1dcdbf-cd8d-454e-823a-9c5fba478792,suppressed,pre_generation_suppressed,False,24.508,,16.024,,0.0,0.0
Sparkov,FOLLOWUP_SPARKOV_083,C_dense,92b9d0f2-c64b-4b03-9b84-a5079380947e,suppressed,pre_generation_suppressed,False,14.697,,5.41,,0.0,0.0
Sparkov,FOLLOWUP_SPARKOV_090,B_lexical,94f5d0bf-fdcd-42fb-bc34-d2fa24e88d7c,completed,generated_released,True,9285.492,9266.733,9.558,0.023,1461.694,884736.0
Sparkov,FOLLOWUP_SPARKOV_083,A_direct,a35178a4-a526-4587-8cfb-d485c3050408,completed,generated_released,True,6462.416,6453.702,0.0,0.012,1406.03,638976.0
Sparkov,FOLLOWUP_SPARKOV_086,B_dense,a9f4395a-5032-4a33-aa80-a763232ebbe5,completed,generated_released,True,11684.844,11669.055,6.471,0.038,1927.613,1474560.0
Sparkov,FOLLOWUP_SPARKOV_082,B_dense,abbf017a-eb5e-4af8-8de2-3bd9b511f72f,completed,generated_released,True,11110.382,11095.659,5.249,0.014,1810.631,819200.0
Sparkov,FOLLOWUP_SPARKOV_090,C_lexical,acc9bfb8-8ae5-4316-b1a6-5b68b838c128,suppressed,pre_generation_suppressed,False,18.89,,9.662,,0.0,0.0
Sparkov,FOLLOWUP_SPARKOV_083,B_lexical,b58c41cb-a138-404a-861e-88e2e17d6b81,completed,generated_released,True,10926.624,10907.768,9.641,0.022,1766.84,966656.0
Sparkov,FOLLOWUP_SPARKOV_089,C_lexical,c10a7181-fff5-44d3-8c22-c4e9cb2841ba,suppressed,pre_generation_suppressed,False,135.64,,51.625,,0.0,0.0
Sparkov,FOLLOWUP_SPARKOV_086,B_lexical,ca012975-d1df-4d01-8c41-20939492dd34,completed,generated_released,True,7990.432,7971.615,9.658,0.014,1217.95,1720320.0
Sparkov,FOLLOWUP_SPARKOV_088,D_hybrid,cbe5173b-1cb6-4779-b59a-79962700593a,suppressed,pre_generation_suppressed,False,26.789,,17.892,,0.0,0.0
Sparkov,FOLLOWUP_SPARKOV_087,C_lexical,d144adec-8892-4201-9814-d6c8e7d54280,suppressed,pre_generation_suppressed,False,21.182,,9.636,,0.0,0.0
Sparkov,FOLLOWUP_SPARKOV_086,C_lexical,d306d204-12f5-4c5b-a08e-984aab842881,suppressed,pre_generation_suppressed,False,19.459,,9.637,,0.0,0.0
Sparkov,FOLLOWUP_SPARKOV_085,B_dense,d6e80cf2-eebc-4712-9fee-c1a8e6b39379,completed,generated_released,True,8796.092,8781.562,5.308,0.012,1414.04,-3031040.0
Sparkov,FOLLOWUP_SPARKOV_082,B_lexical,d75c27bd-cc97-4e9b-9066-3f83e609766c,completed,generated_released,True,11881.77,11863.019,9.635,0.021,1910.546,1294336.0
Sparkov,FOLLOWUP_SPARKOV_082,C_dense,d9394224-a103-45b0-ad5a-27a547b5b2e8,suppressed,pre_generation_suppressed,False,13.708,,5.282,,0.0,0.0
Sparkov,FOLLOWUP_SPARKOV_086,D_hybrid,dd9d913d-f56b-459e-a33b-63bffc484210,suppressed,pre_generation_suppressed,False,24.907,,15.665,,0.0,0.0
Sparkov,FOLLOWUP_SPARKOV_090,A_direct,e0b2a753-4424-4a66-a98e-5af70d8832c8,completed,generated_released,True,6641.072,6632.216,0.0,0.012,1443.576,32768.0
Sparkov,FOLLOWUP_SPARKOV_087,B_lexical,e29e6590-0845-4373-ba7b-bf89c7947545,completed,generated_released,True,9769.217,9750.518,9.569,0.012,1544.145,950272.0
Sparkov,FOLLOWUP_SPARKOV_087,B_dense,e42927b4-424c-40fd-bf0e-0ca3f349d9bf,completed,generated_released,True,8448.488,8429.382,9.626,0.017,1350.81,1589248.0
Sparkov,FOLLOWUP_SPARKOV_084,B_dense,e48494ec-359f-43d5-8b54-7594343de96c,completed,generated_released,True,9206.238,9190.966,6.092,0.016,1474.104,1114112.0
Sparkov,FOLLOWUP_SPARKOV_082,A_direct,e711cfff-5adf-4943-83a8-cd5746368128,completed,generated_released,True,6754.164,6745.225,0.0,0.016,1471.852,786432.0
Sparkov,FOLLOWUP_SPARKOV_082,C_lexical,eb303129-9019-4c9c-9e0f-d4183e72b55b,suppressed,pre_generation_suppressed,False,18.961,,9.656,,0.0,0.0
Sparkov,FOLLOWUP_SPARKOV_090,B_dense,eb50bdcb-9fe8-4581-8c18-f5c48c10aeca,completed,generated_released,True,9809.369,9793.46,5.845,0.012,1586.559,688128.0
Sparkov,FOLLOWUP_SPARKOV_081,D_hybrid,eeaed0cf-25c5-4359-aa2f-518f672561a8,suppressed,pre_generation_suppressed,False,23.55,,14.703,,0.0,0.0
Sparkov,FOLLOWUP_SPARKOV_085,B_lexical,ef4146a4-b4be-4f7a-914f-533e5667d9f8,completed,generated_released,True,8692.019,8672.814,9.702,0.019,1351.102,163840.0
Sparkov,FOLLOWUP_SPARKOV_081,C_dense,ef455f02-eb98-4d64-8af8-e23ee2622e53,suppressed,pre_generation_suppressed,False,14.796,,5.05,,0.0,0.0
Sparkov,FOLLOWUP_SPARKOV_081,B_dense,f15b36fa-2d5f-435d-b154-bcc15a7ecbfd,completed,generated_released,True,8371.537,8357.014,5.153,0.02,1326.563,16384.0
Sparkov,FOLLOWUP_SPARKOV_081,B_lexical,f1d32df9-d20f-4469-87d5-d5e7a83640e9,completed,generated_released,True,6936.652,6917.324,9.593,0.014,1037.013,-16384.0
Sparkov,FOLLOWUP_SPARKOV_088,C_lexical,f44d513e-a0e9-4edf-8b4f-99a32d2cfa44,suppressed,pre_generation_suppressed,False,18.77,,9.677,,0.0,0.0
Sparkov,FOLLOWUP_SPARKOV_089,B_lexical,f5e16682-91eb-4ed0-aa6a-4401304f925c,completed,generated_released,True,11905.015,11885.659,9.64,0.032,1931.35,3784704.0
Sparkov,FOLLOWUP_SPARKOV_083,D_hybrid,f906b6fd-5bff-438d-943e-29c0cc8e875c,suppressed,pre_generation_suppressed,False,23.66,,15.187,,0.0,0.0
Sparkov,FOLLOWUP_SPARKOV_088,C_dense,fd0037bd-8e2f-49f0-90a9-5ff173c81420,suppressed,pre_generation_suppressed,False,13.768,,5.164,,0.0,0.0
Sparkov,FOLLOWUP_SPARKOV_092,B_lexical,06fa51a1-e08c-4ecb-a7b3-154ce0ed0bbe,completed,generated_released,True,9186.867,9164.382,10.04,0.012,1475.731,1310720.0
Sparkov,FOLLOWUP_SPARKOV_098,C_lexical,09bea5a3-4799-4fcb-81eb-b26041489a29,suppressed,pre_generation_suppressed,False,19.512,,9.944,,0.0,0.0
Sparkov,FOLLOWUP_SPARKOV_092,D_hybrid,156d7dee-8596-4c9e-8a19-3789d7408bef,suppressed,pre_generation_suppressed,False,23.935,,14.586,,0.0,0.0
Sparkov,FOLLOWUP_SPARKOV_099,B_dense,1827e1d6-5be8-4d9b-b51a-2433e55b4bca,completed,generated_released,True,9539.747,9165.268,364.514,0.013,1739.788,2359296.0
Sparkov,FOLLOWUP_SPARKOV_094,B_dense,1b3e192c-fccf-48af-9110-48171218f8a3,completed,generated_released,True,12389.874,9407.492,2969.991,0.033,1582.645,4571136.0
Sparkov,FOLLOWUP_SPARKOV_096,A_direct,31b6db93-16ae-47c4-89b3-ef6d8a55a544,completed,generated_released,True,53478.361,53469.314,0.0,0.014,8657.352,-20217856.0
Sparkov,FOLLOWUP_SPARKOV_096,C_lexical,31e1872b-f907-415a-852e-a64a7fe81c92,suppressed,pre_generation_suppressed,False,19.022,,9.741,,0.0,0.0
Sparkov,FOLLOWUP_SPARKOV_100,C_lexical,3a96f52a-74e8-4d32-a769-ad9629e7c9f1,suppressed,pre_generation_suppressed,False,18.89,,9.708,,0.0,0.0
Sparkov,FOLLOWUP_SPARKOV_094,B_lexical,4190a1f2-62d4-48f4-a1b1-0de95ee10e66,completed,generated_released,True,11857.399,11835.568,10.165,0.015,2004.494,1294336.0
Sparkov,FOLLOWUP_SPARKOV_095,B_dense,42f0a5f4-d25e-41f6-b8d7-a331ee4cbde2,completed,generated_released,True,10338.672,10322.834,5.995,0.022,1760.891,360448.0
Sparkov,FOLLOWUP_SPARKOV_095,B_lexical,4708423d-7bda-4efe-819c-f92474702b11,completed,generated_released,True,11483.465,11464.685,9.674,0.024,1912.033,737280.0
Sparkov,FOLLOWUP_SPARKOV_096,D_hybrid,50288f9d-cd4f-43ed-98f8-c51a73efefe4,suppressed,pre_generation_suppressed,False,24.673,,15.795,,0.0,0.0
Sparkov,FOLLOWUP_SPARKOV_093,C_lexical,5ed272bc-ccbc-4776-9412-01698f0bb110,suppressed,pre_generation_suppressed,False,18.917,,9.663,,0.0,0.0
Sparkov,FOLLOWUP_SPARKOV_098,B_lexical,66799a6b-6e72-43f5-946e-f9cd9e246361,completed,generated_released,True,14420.093,14398.275,9.72,0.013,2263.261,4276224.0
Sparkov,FOLLOWUP_SPARKOV_097,B_dense,677b140a-23f7-431b-86e0-349fd3dd2782,completed,generated_released,True,9079.961,9063.671,6.352,0.012,1505.43,1081344.0
Sparkov,FOLLOWUP_SPARKOV_091,B_dense,6ae08246-fb70-430e-89cb-21d9ef0ade55,completed,generated_released,True,14623.111,9155.576,5455.662,0.013,1549.214,10403840.0
Sparkov,FOLLOWUP_SPARKOV_097,D_hybrid,6c2543b4-1822-4cbb-b523-2f9108dea2ed,suppressed,pre_generation_suppressed,False,23.582,,14.593,,0.0,0.0
Sparkov,FOLLOWUP_SPARKOV_093,D_hybrid,6d1dbeaf-9e02-4146-882f-0e0045b8c052,suppressed,pre_generation_suppressed,False,24.61,,15.839,,0.0,0.0
Sparkov,FOLLOWUP_SPARKOV_091,A_direct,6ddedf2f-bfb5-4a4d-9121-eaa23ea5f971,completed,generated_released,True,61560.095,61550.779,0.0,0.015,9205.481,-31326208.0
Sparkov,FOLLOWUP_SPARKOV_092,C_dense,6f58c4c4-f0b4-4343-9beb-c5ca4085b91a,suppressed,pre_generation_suppressed,False,20.857,,12.381,,0.0,0.0
Sparkov,FOLLOWUP_SPARKOV_095,C_dense,70030f37-3e6b-43ff-a840-f0af8ee42dfd,suppressed,pre_generation_suppressed,False,16.32,,6.93,,0.0,0.0
Sparkov,FOLLOWUP_SPARKOV_098,B_dense,734744f9-c607-436d-800a-3ca6b0edb9e9,completed,generated_released,True,8634.774,8618.715,5.957,0.013,1425.039,917504.0
Sparkov,FOLLOWUP_SPARKOV_098,A_direct,7783ca39-2ce1-4c72-b60a-ea4b947fb84b,completed,generated_released,True,65520.562,65510.962,0.0,0.025,9791.001,-3358720.0
Sparkov,FOLLOWUP_SPARKOV_096,C_dense,787b69ea-c945-4b1d-98be-150310e93006,suppressed,pre_generation_suppressed,False,14.03,,5.098,,0.0,0.0
Sparkov,FOLLOWUP_SPARKOV_093,B_dense,7a65b35c-d694-491f-96d6-e38564cc77d0,completed,generated_released,True,9199.891,9175.041,12.357,2.384,1512.743,720896.0
Sparkov,FOLLOWUP_SPARKOV_099,D_hybrid,7b97ed89-d56e-4178-b445-383a9b7af61f,suppressed,pre_generation_suppressed,False,26.927,,18.062,,0.0,0.0
Sparkov,FOLLOWUP_SPARKOV_094,D_hybrid,8027c3ae-e835-45f1-a8fa-f98940c465fa,suppressed,pre_generation_suppressed,False,24.104,,15.188,,0.0,0.0
Sparkov,FOLLOWUP_SPARKOV_092,A_direct,89f75bed-642b-4a50-8a6e-c9f5af0a466a,completed,generated_released,True,73504.201,73494.822,0.0,0.037,10944.375,-4751360.0
Sparkov,FOLLOWUP_SPARKOV_091,B_lexical,90ce57d2-c33e-4128-a617-596369fb6fd9,completed,generated_released,True,11715.192,11693.201,9.69,0.02,1948.983,4308992.0
Sparkov,FOLLOWUP_SPARKOV_097,B_lexical,91078d77-b0b6-451c-98e5-77de68b5d5b8,completed,generated_released,True,16838.88,16780.806,16.831,0.013,2716.938,-5242880.0
Sparkov,FOLLOWUP_SPARKOV_093,A_direct,928778ce-b89d-4033-9769-7311607cdd96,completed,generated_released,True,70432.928,70424.08,0.0,0.014,10667.745,-4849664.0
Sparkov,FOLLOWUP_SPARKOV_094,C_dense,96766516-1405-482f-be0f-5a114c58c376,suppressed,pre_generation_suppressed,False,14.034,,5.343,,0.0,0.0
Sparkov,FOLLOWUP_SPARKOV_099,A_direct,9e737ac1-8c21-4428-8968-7b96cd6bab7e,completed,generated_released,True,8168.108,8158.039,0.0,0.443,2110.164,-216875008.0
Sparkov,FOLLOWUP_SPARKOV_094,A_direct,9f65f7a9-a8ca-4b3a-aa87-7698702447c0,completed,generated_released,True,70474.457,70465.578,0.0,0.022,10756.296,-4194304.0
Sparkov,FOLLOWUP_SPARKOV_091,C_lexical,a10296ad-7476-4db4-96a2-45c490169c92,suppressed,pre_generation_suppressed,False,20.342,,10.042,,0.0,0.0
Sparkov,FOLLOWUP_SPARKOV_097,C_dense,a741c856-67a7-49e8-a51e-85fde2b6e921,suppressed,pre_generation_suppressed,False,14.507,,5.239,,0.0,0.0
Sparkov,FOLLOWUP_SPARKOV_098,D_hybrid,a978c065-ae41-4e5d-a80f-3d8de23f22a3,suppressed,pre_generation_suppressed,False,27.069,,17.249,,0.0,0.0
Sparkov,FOLLOWUP_SPARKOV_095,A_direct,ac8b2fdc-0f22-407b-87d3-7f4aed83a78c,completed,generated_released,True,60110.82,60101.766,0.0,0.015,9047.769,-9289728.0
Sparkov,FOLLOWUP_SPARKOV_095,D_hybrid,ad302b22-8f93-4c61-b9ec-c95b72e4b491,suppressed,pre_generation_suppressed,False,26.059,,17.244,,0.0,0.0
Sparkov,FOLLOWUP_SPARKOV_100,B_lexical,b3ad57c0-a78f-4832-9ce0-fb119a1ad7c9,completed,generated_released,True,11167.187,11145.342,9.674,0.015,1841.553,1671168.0
Sparkov,FOLLOWUP_SPARKOV_100,C_dense,b7e66c73-1c93-4d34-a7f3-ee657088d22f,suppressed,pre_generation_suppressed,False,14.082,,5.331,,0.0,0.0
Sparkov,FOLLOWUP_SPARKOV_094,C_lexical,bd305421-85f3-413b-9e34-955c60add4a8,suppressed,pre_generation_suppressed,False,19.359,,9.678,,0.0,0.0
Sparkov,FOLLOWUP_SPARKOV_100,D_hybrid,c012dc61-4e2a-427a-9d4c-d4ac717bd9b4,suppressed,pre_generation_suppressed,False,27.946,,18.58,,0.0,0.0
Sparkov,FOLLOWUP_SPARKOV_100,A_direct,c01c94c5-4842-406d-b8c9-ef8a11aeee21,completed,generated_released,True,60802.398,60792.761,0.0,0.013,8903.911,-9961472.0
Sparkov,FOLLOWUP_SPARKOV_096,B_dense,c3c6c79c-0c61-46f2-88ff-d9c3238c8560,completed,generated_released,True,9611.551,9596.428,5.566,0.014,1664.1,3588096.0
Sparkov,FOLLOWUP_SPARKOV_096,B_lexical,cc76455a-9b44-46f2-be6d-8b1d58a228b2,completed,generated_released,True,10264.851,10246.379,9.5,0.014,1764.413,81920.0
Sparkov,FOLLOWUP_SPARKOV_097,C_lexical,ccf799b4-520f-40d1-98cd-a7db2df8e130,suppressed,pre_generation_suppressed,False,19.723,,10.023,,0.0,0.0
Sparkov,FOLLOWUP_SPARKOV_099,C_lexical,ced1ebe6-620e-4068-bf80-67cd6686553f,suppressed,pre_generation_suppressed,False,18.884,,9.698,,0.0,0.0
Sparkov,FOLLOWUP_SPARKOV_097,A_direct,cf1d76f8-769a-459e-8ea9-447282254ddd,completed,generated_released,True,63130.008,63121.017,0.0,0.041,9616.255,-158842880.0
Sparkov,FOLLOWUP_SPARKOV_091,C_dense,d36c05e2-785f-456a-a54f-538bc8c2949e,suppressed,pre_generation_suppressed,False,15.154,,6.041,,0.0,0.0
Sparkov,FOLLOWUP_SPARKOV_091,D_hybrid,d593864c-fb06-4955-9562-82772a30a49b,suppressed,pre_generation_suppressed,False,23.883,,14.674,,0.0,0.0
Sparkov,FOLLOWUP_SPARKOV_093,C_dense,dd335433-899c-456b-b344-574c38b90b86,suppressed,pre_generation_suppressed,False,14.555,,5.148,,0.0,0.0
Sparkov,FOLLOWUP_SPARKOV_100,B_dense,e0028f01-6536-4ec2-9ba4-6eeb6c9bef7a,completed,generated_released,True,10210.737,10194.348,5.631,0.019,1702.447,3555328.0
Sparkov,FOLLOWUP_SPARKOV_093,B_lexical,e0ed9c7e-09c3-4388-bcf3-bd999db338f9,completed,generated_released,True,9871.036,9848.2,9.936,0.012,1594.616,4325376.0
Sparkov,FOLLOWUP_SPARKOV_098,C_dense,e1170c54-e508-4a10-9b0e-000d9a2a9148,suppressed,pre_generation_suppressed,False,15.481,,6.211,,0.0,0.0
Sparkov,FOLLOWUP_SPARKOV_099,C_dense,e1b721c4-8aa4-43c9-9fec-3f6d29c28dc9,suppressed,pre_generation_suppressed,False,14.017,,5.312,,0.0,0.0
Sparkov,FOLLOWUP_SPARKOV_095,C_lexical,e5f205ba-41c3-4405-847b-ea94f06b6335,suppressed,pre_generation_suppressed,False,18.817,,9.573,,0.0,0.0
Sparkov,FOLLOWUP_SPARKOV_099,B_lexical,e65bbe4d-03dd-4a9f-a12c-5f3fc0c14102,completed,generated_released,True,12378.36,12343.288,22.257,0.016,2193.891,6340608.0
Sparkov,FOLLOWUP_SPARKOV_092,B_dense,eab2c59e-e9b0-4246-907e-e0cafc6c6e29,completed,generated_released,True,9659.838,9643.497,6.849,0.011,1604.911,3506176.0
Sparkov,FOLLOWUP_SPARKOV_092,C_lexical,f2ec67c5-de39-4a2e-ab1e-92cd4b2122a7,suppressed,pre_generation_suppressed,False,19.857,,9.673,,0.0,0.0
Sparkov,FOLLOWUP_SPARKOV_102,A_direct,00778097-05b4-4990-9dbb-46800fa7a49e,completed,generated_released,True,62517.114,62508.425,0.0,0.013,9670.186,-4816896.0
Sparkov,FOLLOWUP_SPARKOV_102,C_dense,01f4d5d0-bad3-43fe-b3a1-695bb6b6fdaf,suppressed,pre_generation_suppressed,False,14.504,,5.535,,0.0,0.0
Sparkov,FOLLOWUP_SPARKOV_108,B_lexical,091d86e5-5f3e-4121-9214-94925066248f,completed,generated_released,True,3210.839,3190.899,10.16,0.015,391.967,688128.0
Sparkov,FOLLOWUP_SPARKOV_108,A_direct,0b9b08c3-5115-4bec-991e-9b66088d15d1,completed,generated_released,True,15249.133,15239.672,0.0,0.033,3758.698,-13598720.0
Sparkov,FOLLOWUP_SPARKOV_107,D_hybrid,19cd0c73-7135-475d-bd5f-774c2fb42166,suppressed,pre_generation_suppressed,False,27.754,,18.101,,0.0,0.0
Sparkov,FOLLOWUP_SPARKOV_104,A_direct,20ad155d-5e1f-4912-a251-e3de1979752f,completed,generated_released,True,29189.788,29180.46,0.0,0.023,6072.346,-4734976.0
Sparkov,FOLLOWUP_SPARKOV_104,C_dense,2110dccd-071f-42d2-a4a8-e5f5ea4750b5,suppressed,pre_generation_suppressed,False,14.772,,5.184,,0.0,0.0
Sparkov,FOLLOWUP_SPARKOV_107,B_lexical,225e98f9-e9ab-4f86-8cd3-481d15082f24,completed,generated_released,True,9113.255,9092.125,9.405,0.012,1490.956,2015232.0
Sparkov,FOLLOWUP_SPARKOV_103,B_dense,2522ae75-3399-431c-97e9-9ece3b337e7d,completed,generated_released,True,10823.664,10808.13,5.497,0.014,1778.526,344064.0
Sparkov,FOLLOWUP_SPARKOV_106,B_dense,25336ed7-1072-4300-8f85-ecc071b18bc0,completed,generated_released,True,9621.566,9606.216,5.736,0.015,1558.718,851968.0
Sparkov,FOLLOWUP_SPARKOV_103,A_direct,2a62b65d-a0c5-44e5-ba3f-619a9d33395b,completed,generated_released,True,45828.791,45819.47,0.0,0.011,7573.35,-3784704.0
Sparkov,FOLLOWUP_SPARKOV_106,A_direct,2a9edc1f-a127-41af-94d7-e88f9888f7c3,completed,generated_released,True,31757.801,31748.702,0.0,0.344,5458.866,-5652480.0
Sparkov,FOLLOWUP_SPARKOV_110,B_lexical,2bc2260e-1810-424e-b856-2682c431c1f1,completed,generated_released,True,9733.72,9712.982,9.63,0.012,1569.442,-56410112.0
Sparkov,FOLLOWUP_SPARKOV_106,C_lexical,2f930331-acb0-43cb-8865-48accfc255b2,suppressed,pre_generation_suppressed,False,18.967,,9.621,,0.0,0.0
Sparkov,FOLLOWUP_SPARKOV_108,C_lexical,349e9858-bbca-4097-9b57-35c6f895789d,suppressed,pre_generation_suppressed,False,19.969,,9.924,,0.0,0.0
Sparkov,FOLLOWUP_SPARKOV_101,B_dense,39da95b1-b211-4d4f-bd14-f1b799a63eaf,completed,generated_released,True,11103.949,11087.856,6.11,0.012,1869.857,786432.0
Sparkov,FOLLOWUP_SPARKOV_106,C_dense,45b57c93-9b0f-4ad5-beec-c4f21ae03557,suppressed,pre_generation_suppressed,False,13.717,,5.24,,0.0,0.0
Sparkov,FOLLOWUP_SPARKOV_102,C_lexical,4daa924e-bdc7-45a2-9f62-cd6344468d95,suppressed,pre_generation_suppressed,False,19.573,,9.647,,0.0,0.0
Sparkov,FOLLOWUP_SPARKOV_105,C_dense,502dcd6f-fd13-4749-89fe-e2a4a354d903,suppressed,pre_generation_suppressed,False,14.777,,5.749,,0.0,0.0
Sparkov,FOLLOWUP_SPARKOV_103,C_lexical,50d1122d-2085-4c98-aa68-4325a74a51c8,suppressed,pre_generation_suppressed,False,20.555,,10.187,,0.0,0.0
Sparkov,FOLLOWUP_SPARKOV_110,C_dense,5d50c039-c733-4ffe-b4b9-c46a68ab2de4,suppressed,pre_generation_suppressed,False,13.972,,5.032,,0.0,0.0
Sparkov,FOLLOWUP_SPARKOV_102,D_hybrid,619e274e-c0ca-4717-ba0d-84ceb15b041e,suppressed,pre_generation_suppressed,False,24.855,,15.771,,0.0,0.0
Sparkov,FOLLOWUP_SPARKOV_108,B_dense,71da7f23-7bed-4bb3-ba2a-c1e673c02210,completed,generated_released,True,9562.997,9545.899,7.002,0.023,1604.342,3244032.0
Sparkov,FOLLOWUP_SPARKOV_108,D_hybrid,73bf1e09-c759-4f5a-a5e6-e00d1e348e3e,suppressed,pre_generation_suppressed,False,24.771,,15.399,,0.0,0.0
Sparkov,FOLLOWUP_SPARKOV_104,B_dense,7766a704-8d7e-45d8-88ec-bc90316a04f2,completed,generated_released,True,8077.492,8053.555,7.117,0.013,1382.788,1605632.0
Sparkov,FOLLOWUP_SPARKOV_104,D_hybrid,78ade7e9-cd54-4bdb-8855-1a726e2d4509,suppressed,pre_generation_suppressed,False,25.076,,16.199,,0.0,0.0
Sparkov,FOLLOWUP_SPARKOV_109,C_lexical,797ec629-23cd-4d89-ad4f-56ae5ed091db,suppressed,pre_generation_suppressed,False,18.599,,9.621,,0.0,0.0
Sparkov,FOLLOWUP_SPARKOV_106,B_lexical,7e1458a2-4c34-466e-816f-119b313a2582,completed,generated_released,True,9559.895,9510.729,27.363,0.012,1543.94,5259264.0
Sparkov,FOLLOWUP_SPARKOV_105,B_lexical,859d7190-c1d7-4e3e-8d52-d788a1f45c33,completed,generated_released,True,7686.591,7663.189,10.111,0.013,1198.195,1687552.0
Sparkov,FOLLOWUP_SPARKOV_101,C_dense,8aa0b8e4-5343-4837-8b3a-620e37c67db3,suppressed,pre_generation_suppressed,False,17.223,,7.839,,0.0,0.0
Sparkov,FOLLOWUP_SPARKOV_103,C_dense,8ed7b8a2-4fe0-4982-bf55-3844c518ffef,suppressed,pre_generation_suppressed,False,14.65,,4.918,,0.0,0.0
Sparkov,FOLLOWUP_SPARKOV_103,B_lexical,8fa65fb0-5817-4700-9111-473f989d63c6,completed,generated_released,True,11545.076,11524.528,9.618,0.013,1905.408,4653056.0
Sparkov,FOLLOWUP_SPARKOV_105,C_lexical,981cd67f-5514-46be-a465-4ce9fa3c0edb,suppressed,pre_generation_suppressed,False,19.331,,9.666,,0.0,0.0
Sparkov,FOLLOWUP_SPARKOV_109,B_dense,9b839548-fc7a-4543-885a-69bf9cdd8a8c,completed,generated_released,True,9524.587,9508.928,6.076,0.012,1555.985,3325952.0
Sparkov,FOLLOWUP_SPARKOV_109,D_hybrid,9cc940cb-4f20-477b-9f37-fdf6a39de0d5,suppressed,pre_generation_suppressed,False,28.214,,19.133,,0.0,0.0
Sparkov,FOLLOWUP_SPARKOV_109,A_direct,9fd701e5-28c1-44c5-83a2-ea07ca490f9f,completed,generated_released,True,7667.523,7658.501,0.0,0.084,1956.391,-440418304.0
Sparkov,FOLLOWUP_SPARKOV_101,B_lexical,a2b822b7-f9e6-4b9f-acec-f07fdcf9c96d,completed,generated_released,True,12007.031,11985.583,9.327,0.013,2016.891,4898816.0
Sparkov,FOLLOWUP_SPARKOV_105,B_dense,a36abab0-d1f5-4d4c-a25f-4df6ab428faa,completed,generated_released,True,10159.863,10144.183,6.344,0.013,1717.678,1327104.0
Sparkov,FOLLOWUP_SPARKOV_105,A_direct,a5784b10-9149-4819-b88c-dcab490a0887,completed,generated_released,True,67767.135,67757.47,0.0,0.033,10231.722,-6946816.0
Sparkov,FOLLOWUP_SPARKOV_106,D_hybrid,a8cf8d93-d787-47d3-a9e6-205adc924462,suppressed,pre_generation_suppressed,False,23.222,,14.72,,0.0,0.0
Sparkov,FOLLOWUP_SPARKOV_104,C_lexical,aa686512-d661-474b-8f7b-8f1b81db2902,suppressed,pre_generation_suppressed,False,20.339,,10.111,,0.0,0.0
Sparkov,FOLLOWUP_SPARKOV_109,C_dense,ad1b5d1f-aa80-4130-986f-887c7b95647d,suppressed,pre_generation_suppressed,False,300.391,,290.883,,0.0,0.0
Sparkov,FOLLOWUP_SPARKOV_101,A_direct,b3002fd7-8106-4eb5-9e08-d7742428616d,completed,generated_released,True,49623.954,49614.193,0.0,0.015,7187.505,-3620864.0
Sparkov,FOLLOWUP_SPARKOV_104,B_lexical,b47d9c15-fa96-4a47-91f1-bf3eaf4aad26,completed,generated_released,True,8898.526,8877.799,9.523,0.019,1461.315,1064960.0
Sparkov,FOLLOWUP_SPARKOV_109,B_lexical,b742e435-b56f-4f2b-93d9-a8ab112dd7b4,completed,generated_released,True,10647.292,10614.082,10.757,0.013,1695.31,8568832.0
Sparkov,FOLLOWUP_SPARKOV_101,C_lexical,bd4742d1-e7c6-4799-a970-231752f7d453,suppressed,pre_generation_suppressed,False,19.401,,9.815,,0.0,0.0
Sparkov,FOLLOWUP_SPARKOV_110,A_direct,bd773131-26aa-4c11-a329-c7233c877d91,completed,generated_released,True,58273.034,58264.279,0.0,0.033,8735.019,-3538944.0
Sparkov,FOLLOWUP_SPARKOV_107,A_direct,c0c5681d-4595-4a90-bac4-da34143247c2,completed,generated_released,True,62843.307,62833.699,0.0,0.016,8915.597,-5390336.0
Sparkov,FOLLOWUP_SPARKOV_105,D_hybrid,c3c7602d-c5b6-4ae4-930e-430e8a194c9e,suppressed,pre_generation_suppressed,False,32.463,,22.064,,0.0,0.0
Sparkov,FOLLOWUP_SPARKOV_107,C_lexical,cc55438c-05f2-4069-9245-9f212f2df876,suppressed,pre_generation_suppressed,False,19.391,,9.905,,0.0,0.0
Sparkov,FOLLOWUP_SPARKOV_103,D_hybrid,d30187d5-d20d-4556-9971-68e8cb3912a4,suppressed,pre_generation_suppressed,False,23.933,,14.663,,0.0,0.0
Sparkov,FOLLOWUP_SPARKOV_102,B_dense,d4bfb4d6-7799-4d11-9a55-b223597c96d2,completed,generated_released,True,8550.401,8522.86,16.122,0.02,1555.838,-1654784.0
Sparkov,FOLLOWUP_SPARKOV_101,D_hybrid,d76878ed-58e6-4de7-9efd-e3ac1873757b,suppressed,pre_generation_suppressed,False,27.41,,17.847,,0.0,0.0
Sparkov,FOLLOWUP_SPARKOV_107,C_dense,dbfacbfb-c9e9-4dd1-8142-8d47d1e605d1,suppressed,pre_generation_suppressed,False,14.865,,5.446,,0.0,0.0
Sparkov,FOLLOWUP_SPARKOV_110,D_hybrid,e25a5829-b20b-4e22-ae38-4781ce3af7ea,suppressed,pre_generation_suppressed,False,23.257,,14.727,,0.0,0.0
Sparkov,FOLLOWUP_SPARKOV_110,B_dense,e5cc2a8b-109b-47cd-9c65-d8dd8ad676d3,completed,generated_released,True,10488.787,10473.19,6.368,0.013,1711.686,835584.0
Sparkov,FOLLOWUP_SPARKOV_107,B_dense,e7d09db8-512c-426c-817e-5f94aad96479,completed,generated_released,True,11680.095,11662.418,5.275,0.013,1950.716,3915776.0
Sparkov,FOLLOWUP_SPARKOV_102,B_lexical,ec5ab142-1848-4437-b5ff-dc638fbf94d2,completed,generated_released,True,9557.563,9538.043,9.749,0.077,1698.842,3751936.0
Sparkov,FOLLOWUP_SPARKOV_108,C_dense,f1e415ff-ca98-4770-8488-2085f0716341,suppressed,pre_generation_suppressed,False,14.278,,5.123,,0.0,0.0
Sparkov,FOLLOWUP_SPARKOV_110,C_lexical,f5331a59-9e07-4712-9dbe-abce13546ee1,suppressed,pre_generation_suppressed,False,18.509,,9.517,,0.0,0.0
Sparkov,FOLLOWUP_SPARKOV_115,B_dense,020b53dd-0531-476b-aeb3-1ff6b8fcd3d4,completed,generated_released,True,11290.204,11275.372,5.128,0.015,1871.221,786432.0
Sparkov,FOLLOWUP_SPARKOV_116,B_dense,021d2277-7d89-49f0-86bb-56458545c0fb,completed,generated_released,True,8887.1,8871.864,5.774,0.013,1414.532,1458176.0
Sparkov,FOLLOWUP_SPARKOV_113,B_lexical,03353348-ea82-44e3-9384-a82728f9e1e7,completed,generated_released,True,9533.178,9514.208,9.623,0.013,1523.192,802816.0
Sparkov,FOLLOWUP_SPARKOV_116,B_lexical,05662a88-504f-46aa-8aa8-448c8a55db40,completed,generated_released,True,11882.904,11863.483,9.618,0.02,1899.03,4472832.0
Sparkov,FOLLOWUP_SPARKOV_120,D_hybrid,06cc6f4a-1ad5-49f8-b5ee-8a8a28cd2f84,suppressed,pre_generation_suppressed,False,24.182,,15.302,,0.0,0.0
Sparkov,FOLLOWUP_SPARKOV_111,C_dense,0b87ed20-3d93-40f5-9b98-581542aa0b24,suppressed,pre_generation_suppressed,False,14.73,,5.129,,0.0,0.0
Sparkov,FOLLOWUP_SPARKOV_111,B_dense,0c43c5aa-6f31-45c7-b1ab-2c3fa7ff8110,completed,generated_released,True,10047.801,10032.215,5.025,0.015,1629.1,0.0
Sparkov,FOLLOWUP_SPARKOV_112,A_direct,180764a3-bced-442a-840f-c1744ddcc7fa,completed,generated_released,True,6800.938,6792.028,0.0,0.022,1486.526,-2064384.0
Sparkov,FOLLOWUP_SPARKOV_117,B_lexical,1c7b6da3-d9be-4cb8-bb3c-1b31bebb0663,completed,generated_released,True,9942.522,9923.718,9.654,0.015,1585.795,1048576.0
Sparkov,FOLLOWUP_SPARKOV_114,B_lexical,1e5fe7b8-2abb-48a6-a6b5-539d7fd1b55f,completed,generated_released,True,9856.907,9837.544,9.57,0.013,1567.471,983040.0
Sparkov,FOLLOWUP_SPARKOV_118,C_lexical,219903aa-819c-4061-b509-f1fcf12e4414,suppressed,pre_generation_suppressed,False,18.784,,9.67,,0.0,0.0
Sparkov,FOLLOWUP_SPARKOV_112,C_lexical,2454c18e-bcbc-4be3-9cdd-b50508a87005,suppressed,pre_generation_suppressed,False,18.651,,9.586,,0.0,0.0
Sparkov,FOLLOWUP_SPARKOV_114,B_dense,25968551-4ed2-4013-b8dd-27b74feccb94,completed,generated_released,True,9526.667,9511.61,5.927,0.016,1542.194,3964928.0
Sparkov,FOLLOWUP_SPARKOV_116,C_dense,2860f7ec-29e5-437b-a8ea-2c9eaf45ac30,suppressed,pre_generation_suppressed,False,15.571,,6.394,,0.0,0.0
Sparkov,FOLLOWUP_SPARKOV_112,C_dense,2897aba8-4645-4ac1-bcae-bbf5718a7122,suppressed,pre_generation_suppressed,False,15.076,,5.871,,0.0,0.0
Sparkov,FOLLOWUP_SPARKOV_115,B_lexical,2a0ec8a2-8137-42d0-964a-57397effb93b,completed,generated_released,True,10468.036,10449.0,9.632,0.019,1706.238,884736.0
Sparkov,FOLLOWUP_SPARKOV_114,C_lexical,2ebab73d-449c-48a5-8fc6-92b6c9c2ebda,suppressed,pre_generation_suppressed,False,19.922,,10.29,,0.0,0.0
Sparkov,FOLLOWUP_SPARKOV_120,C_lexical,31a3ae11-94b3-4b5f-b48d-af56fb634351,suppressed,pre_generation_suppressed,False,19.083,,9.572,,0.0,0.0
Sparkov,FOLLOWUP_SPARKOV_119,C_dense,34f9487b-cba3-4876-b4f6-db7538a20e14,suppressed,pre_generation_suppressed,False,60.272,,50.624,,0.0,0.0
Sparkov,FOLLOWUP_SPARKOV_118,C_dense,350a1a7f-43b6-4680-9899-48208062176e,suppressed,pre_generation_suppressed,False,14.051,,5.488,,0.0,0.0
Sparkov,FOLLOWUP_SPARKOV_119,C_lexical,36d54f07-3a8c-4334-9310-8f2fe240f1e3,suppressed,pre_generation_suppressed,False,126.321,,48.948,,0.0,0.0
Sparkov,FOLLOWUP_SPARKOV_112,B_dense,41cfd182-98b5-49ea-917a-53a61ad354d1,completed,generated_released,True,8403.275,8388.96,5.065,0.017,1327.786,3899392.0
Sparkov,FOLLOWUP_SPARKOV_120,A_direct,43f9b223-d50e-4837-9659-674b0bb2c40b,completed,generated_released,True,6238.868,6229.629,0.0,0.02,1346.365,3227648.0
Sparkov,FOLLOWUP_SPARKOV_115,C_dense,44d21408-9022-4cb6-80a5-34e1359199ed,suppressed,pre_generation_suppressed,False,17.716,,8.874,,0.0,0.0
Sparkov,FOLLOWUP_SPARKOV_113,B_dense,4b7ad5c6-06e5-462f-bffe-7e2b4af42272,completed,generated_released,True,8935.882,8920.148,6.149,0.016,1422.803,1179648.0
Sparkov,FOLLOWUP_SPARKOV_119,B_lexical,505eb1ea-3d4c-4d26-a90e-5e4b1b89ad77,completed,generated_released,True,11855.501,11836.4,9.661,0.031,1883.393,6733824.0
Sparkov,FOLLOWUP_SPARKOV_114,D_hybrid,519a22df-bfe4-405b-bae5-77b28bcbe943,suppressed,pre_generation_suppressed,False,23.426,,14.553,,0.0,0.0
Sparkov,FOLLOWUP_SPARKOV_111,D_hybrid,51bbfbb5-3a22-4cc7-bc90-21655bc2e5b8,suppressed,pre_generation_suppressed,False,25.015,,14.93,,0.0,0.0
Sparkov,FOLLOWUP_SPARKOV_114,C_dense,545ceefa-4ebf-49bc-b549-b9b4ad638047,suppressed,pre_generation_suppressed,False,15.165,,5.933,,0.0,0.0
Sparkov,FOLLOWUP_SPARKOV_117,D_hybrid,5b662e62-5b53-45ab-8fef-37ae00ae9e90,suppressed,pre_generation_suppressed,False,24.337,,15.697,,0.0,0.0
Sparkov,FOLLOWUP_SPARKOV_113,C_dense,61b63811-5bb6-4003-8365-a68e094879ae,suppressed,pre_generation_suppressed,False,14.273,,5.203,,0.0,0.0
Sparkov,FOLLOWUP_SPARKOV_114,A_direct,63712453-6b3e-4e73-85e5-c97c4d0d654e,completed,generated_released,True,6385.024,6376.114,0.0,0.017,1387.509,-2048000.0
Sparkov,FOLLOWUP_SPARKOV_115,A_direct,63a3204a-fb38-497b-b323-881bbc1da643,completed,generated_released,True,7615.775,7606.509,0.0,0.015,1666.175,606208.0
Sparkov,FOLLOWUP_SPARKOV_111,C_lexical,6922d757-8813-42e1-8cda-700c82bd6499,suppressed,pre_generation_suppressed,False,18.8,,9.586,,0.0,0.0
Sparkov,FOLLOWUP_SPARKOV_116,A_direct,6bd87dea-0c0f-468f-a381-126c21dc8bef,completed,generated_released,True,5911.256,5902.397,0.0,0.02,1263.132,983040.0
Sparkov,FOLLOWUP_SPARKOV_117,A_direct,7017e60a-ae24-4972-8a5f-e1ea9e20e249,completed,generated_released,True,7761.838,7752.689,0.0,0.025,1714.584,-2359296.0
Sparkov,FOLLOWUP_SPARKOV_112,D_hybrid,70b95b5f-b80f-489f-862a-1c20ce9e7ce2,suppressed,pre_generation_suppressed,False,32.046,,22.98,,0.0,0.0
Sparkov,FOLLOWUP_SPARKOV_113,A_direct,71f8c791-fe78-4d0c-8b72-3b691742405f,completed,generated_released,True,6876.665,6867.519,0.0,0.016,1514.719,622592.0
Sparkov,FOLLOWUP_SPARKOV_119,D_hybrid,77272892-c7f9-4072-8665-8346895a1c6f,suppressed,pre_generation_suppressed,False,29.023,,19.819,,0.0,0.0
Sparkov,FOLLOWUP_SPARKOV_117,C_lexical,81d3dea3-55de-411a-8554-8e8e9a01cc9c,suppressed,pre_generation_suppressed,False,19.975,,9.937,,0.0,0.0
Sparkov,FOLLOWUP_SPARKOV_116,D_hybrid,8ea5173c-3265-4f87-8b78-77dfca3ea07e,suppressed,pre_generation_suppressed,False,23.89,,14.844,,0.0,0.0
Sparkov,FOLLOWUP_SPARKOV_111,A_direct,9a272611-695a-43f4-ad39-29d892aa0879,completed,generated_released,True,5993.929,5985.101,0.0,0.013,1292.071,32768.0
Sparkov,FOLLOWUP_SPARKOV_120,C_dense,9fb0aa1b-5862-4d64-9011-427231288375,suppressed,pre_generation_suppressed,False,14.424,,5.764,,0.0,0.0
Sparkov,FOLLOWUP_SPARKOV_117,C_dense,a2138f4f-fc22-4d42-b9b7-99d620b6c741,suppressed,pre_generation_suppressed,False,14.485,,6.016,,0.0,0.0
Sparkov,FOLLOWUP_SPARKOV_119,A_direct,abd8ef18-101b-45fc-b38e-c51b9217844b,completed,generated_released,True,6404.55,6395.967,0.0,0.014,1363.358,17072128.0
Sparkov,FOLLOWUP_SPARKOV_113,C_lexical,b2d8feb1-acf7-4c5f-88c5-7a7a575ba575,suppressed,pre_generation_suppressed,False,19.286,,10.17,,0.0,0.0
Sparkov,FOLLOWUP_SPARKOV_116,C_lexical,b3d3ca9d-cb33-478a-97ec-c039466cb82c,suppressed,pre_generation_suppressed,False,19.032,,9.56,,0.0,0.0
Sparkov,FOLLOWUP_SPARKOV_118,B_lexical,b73831ee-2a1a-4042-b994-bbcf9cb879bd,completed,generated_released,True,9552.291,9533.143,9.943,0.018,1528.377,-2932736.0
Sparkov,FOLLOWUP_SPARKOV_120,B_dense,be9a6d7a-54be-46cd-bc75-c793494ded54,completed,generated_released,True,9429.766,9411.88,5.508,0.015,1530.712,770048.0
Sparkov,FOLLOWUP_SPARKOV_119,B_dense,befd0589-3e6a-426a-a8b4-e1da8c0d8a38,completed,generated_released,True,90719.202,90409.132,293.47,2.131,16128.707,-544096256.0
Sparkov,FOLLOWUP_SPARKOV_120,B_lexical,c335fd6e-c0a1-4f17-883e-6159482f8660,completed,generated_released,True,9332.836,9314.634,9.552,0.013,1474.007,835584.0
Sparkov,FOLLOWUP_SPARKOV_112,B_lexical,c9049fa2-3fe5-4065-a678-236bcca74538,completed,generated_released,True,9454.263,9435.286,9.593,0.015,1497.829,983040.0
Sparkov,FOLLOWUP_SPARKOV_115,C_lexical,cecc0863-8eac-486b-acac-f14b6f882222,suppressed,pre_generation_suppressed,False,18.798,,9.626,,0.0,0.0
Sparkov,FOLLOWUP_SPARKOV_118,A_direct,d4af379f-2b1a-482b-a6f2-9b0d007c6faf,completed,generated_released,True,1794.011,1785.249,0.0,0.017,319.191,2965504.0
Sparkov,FOLLOWUP_SPARKOV_118,B_dense,d54d0351-30a5-4002-b134-9bc29143a6a3,completed,generated_released,True,8435.322,8420.708,5.202,0.032,1343.685,65536.0
Sparkov,FOLLOWUP_SPARKOV_117,B_dense,dcc12403-3bdc-4461-a1fa-c3c34ce3c815,completed,generated_released,True,10125.701,10105.559,10.281,0.031,1640.583,1146880.0
Sparkov,FOLLOWUP_SPARKOV_115,D_hybrid,e2974e97-9fd3-4b22-bdbb-03e5c7419a4f,suppressed,pre_generation_suppressed,False,27.046,,17.811,,0.0,0.0
Sparkov,FOLLOWUP_SPARKOV_111,B_lexical,f3707bbe-d6bf-43cc-b117-1b55054a888c,completed,generated_released,True,8310.758,8291.757,9.657,0.013,1292.409,-2834432.0
Sparkov,FOLLOWUP_SPARKOV_113,D_hybrid,f900b542-d39c-4489-be02-528ccc957c83,suppressed,pre_generation_suppressed,False,26.859,,18.078,,0.0,0.0
Sparkov,FOLLOWUP_SPARKOV_118,D_hybrid,fab9011e-eb95-4d71-a081-453f16fea6c1,suppressed,pre_generation_suppressed,False,25.315,,16.209,,0.0,0.0
Sparkov,FOLLOWUP_SPARKOV_124,A_direct,043b2e7d-68f4-4b40-af41-b8ea6e2cf11c,completed,generated_released,True,73658.195,73648.286,0.0,0.013,11426.551,-76316672.0
Sparkov,FOLLOWUP_SPARKOV_128,C_lexical,069cc8ad-8b1b-460d-814f-193fa8700a03,suppressed,pre_generation_suppressed,False,20.623,,9.78,,0.0,0.0
Sparkov,FOLLOWUP_SPARKOV_123,A_direct,082a43b8-6739-4842-920f-d477f8f696c5,completed,generated_released,True,59132.793,59123.374,0.0,0.013,9216.125,-5046272.0
Sparkov,FOLLOWUP_SPARKOV_130,B_dense,0dfcbc35-71a9-4356-9e25-a67f642434c6,completed,generated_released,True,9444.761,9428.607,5.235,0.012,1577.138,835584.0
Sparkov,FOLLOWUP_SPARKOV_125,C_dense,0fe86d3d-bdae-42a1-a261-4219bcda418d,suppressed,pre_generation_suppressed,False,14.152,,5.068,,0.0,0.0
Sparkov,FOLLOWUP_SPARKOV_123,B_lexical,14f5af45-8adb-4452-aed9-ad5c63ab2900,completed,generated_released,True,12842.131,12821.351,9.722,0.014,2112.375,2965504.0
Sparkov,FOLLOWUP_SPARKOV_125,B_lexical,1bcbad25-5194-4fc1-bff2-9357cf17c1c1,completed,generated_released,True,8650.1,8630.838,9.882,0.012,1394.25,1245184.0
Sparkov,FOLLOWUP_SPARKOV_124,B_dense,1c97d3ab-8e1c-475c-97ad-76aa874293c0,completed,generated_released,True,15660.711,11286.898,4360.754,0.045,2047.25,5537792.0
Sparkov,FOLLOWUP_SPARKOV_128,B_dense,1d456fbd-188e-4424-a7f5-427ca8f7e75e,completed,generated_released,True,9610.077,9592.752,7.014,0.013,1590.219,917504.0
Sparkov,FOLLOWUP_SPARKOV_130,B_lexical,2107435b-43b7-453c-bf1c-424667d01953,completed,generated_released,True,13235.155,13214.152,9.716,0.017,2083.394,4521984.0
Sparkov,FOLLOWUP_SPARKOV_125,B_dense,27caed77-ad8a-4e2f-bb2a-06f84f7676c0,completed,generated_released,True,11863.496,11848.548,5.057,0.017,2050.953,770048.0
Sparkov,FOLLOWUP_SPARKOV_121,B_dense,32067851-0b64-48c7-b434-54c3c98cd6cf,completed,generated_released,True,12279.564,12014.665,253.265,0.013,2039.665,819200.0
Sparkov,FOLLOWUP_SPARKOV_124,C_dense,35755508-a10e-40f1-bc92-d63d2e4faa52,suppressed,pre_generation_suppressed,False,14.453,,4.797,,0.0,0.0
Sparkov,FOLLOWUP_SPARKOV_129,A_direct,40427835-e786-4132-a7df-9b4ae3cb822a,completed,generated_released,True,8421.088,8411.121,0.0,0.456,2220.756,-248463360.0
Sparkov,FOLLOWUP_SPARKOV_129,C_lexical,4073be78-34bd-4322-a597-9cb81861bcdd,suppressed,pre_generation_suppressed,False,18.964,,9.933,,0.0,0.0
Sparkov,FOLLOWUP_SPARKOV_129,C_dense,407d0a7c-bea0-4a4b-8669-6cc8e375a0ea,suppressed,pre_generation_suppressed,False,14.345,,5.603,,0.0,0.0
Sparkov,FOLLOWUP_SPARKOV_122,C_dense,4425c12b-82e4-40ee-8b4b-3841e8a859ff,suppressed,pre_generation_suppressed,False,19.223,,9.807,,0.0,0.0
Sparkov,FOLLOWUP_SPARKOV_122,B_lexical,46df8f55-c1e1-42fc-a797-2101343b285d,completed,generated_released,True,11805.847,11780.822,10.86,0.013,2071.331,8224768.0
Sparkov,FOLLOWUP_SPARKOV_123,B_dense,4b6fd3c4-0712-43d0-9ee8-58fb25c26744,completed,generated_released,True,9540.108,9521.454,8.531,0.012,1581.109,0.0
Sparkov,FOLLOWUP_SPARKOV_125,D_hybrid,4dd8b73d-a5c9-471c-8e34-780c94549341,suppressed,pre_generation_suppressed,False,24.923,,15.771,,0.0,0.0
Sparkov,FOLLOWUP_SPARKOV_130,C_dense,4e5b56d8-9a36-41c9-ad4e-fedeafd80de6,suppressed,pre_generation_suppressed,False,15.312,,5.918,,0.0,0.0
Sparkov,FOLLOWUP_SPARKOV_126,B_lexical,5655928e-a4a4-4a4b-be28-bb0fa06409db,completed,generated_released,True,8140.439,8121.72,9.631,0.012,1302.963,851968.0
Sparkov,FOLLOWUP_SPARKOV_121,C_dense,5d5e0a1e-442e-4b7a-9a16-9270f105a161,suppressed,pre_generation_suppressed,False,14.244,,5.493,,0.0,0.0
Sparkov,FOLLOWUP_SPARKOV_123,C_dense,62a03d3a-e721-4b81-9957-217bd59957a0,suppressed,pre_generation_suppressed,False,14.734,,5.524,,0.0,0.0
Sparkov,FOLLOWUP_SPARKOV_128,B_lexical,62b6b4e1-63c0-4f3f-b1ee-58b3d83c23f0,completed,generated_released,True,12341.703,12320.674,9.708,0.021,2031.227,6406144.0
Sparkov,FOLLOWUP_SPARKOV_128,D_hybrid,6565a666-a0f8-4007-8c8f-3e787426dd5c,suppressed,pre_generation_suppressed,False,23.382,,14.84,,0.0,0.0
Sparkov,FOLLOWUP_SPARKOV_130,C_lexical,6711a991-77cc-4beb-afa1-928e7ebe3494,suppressed,pre_generation_suppressed,False,19.597,,9.996,,0.0,0.0
Sparkov,FOLLOWUP_SPARKOV_121,A_direct,6ce29729-6249-4b42-a90b-f9bdc0917864,completed,generated_released,True,35663.748,35654.7,0.0,0.013,6334.226,-1507328.0
Sparkov,FOLLOWUP_SPARKOV_123,D_hybrid,6ef13359-33b5-4918-ab15-a4f75e2b2767,suppressed,pre_generation_suppressed,False,28.267,,18.63,,0.0,0.0
Sparkov,FOLLOWUP_SPARKOV_128,C_dense,765c77a2-3b7b-4094-8ef7-ca6e569c7728,suppressed,pre_generation_suppressed,False,14.644,,6.049,,0.0,0.0
Sparkov,FOLLOWUP_SPARKOV_126,C_lexical,792ff1ad-9dfc-480f-890b-580ea0362fee,suppressed,pre_generation_suppressed,False,18.637,,9.608,,0.0,0.0
Sparkov,FOLLOWUP_SPARKOV_121,D_hybrid,7b56bc67-0070-4949-957f-4a565f183286,suppressed,pre_generation_suppressed,False,23.807,,15.243,,0.0,0.0
Sparkov,FOLLOWUP_SPARKOV_127,D_hybrid,80564d15-76ae-4d3c-9c0e-0c47cb12b22f,suppressed,pre_generation_suppressed,False,25.439,,15.854,,0.0,0.0
Sparkov,FOLLOWUP_SPARKOV_127,B_dense,87daf683-6399-44d8-802a-8986143e5dc3,completed,generated_released,True,12055.767,12036.352,8.067,0.019,2048.061,884736.0
Sparkov,FOLLOWUP_SPARKOV_124,D_hybrid,8a8310c8-bfbd-4d36-a944-33196322051c,suppressed,pre_generation_suppressed,False,26.42,,16.166,,0.0,0.0
Sparkov,FOLLOWUP_SPARKOV_125,C_lexical,926c7d57-79ae-4901-bf11-3aa59e5eb1a3,suppressed,pre_generation_suppressed,False,19.913,,9.975,,0.0,0.0
Sparkov,FOLLOWUP_SPARKOV_122,D_hybrid,95156e44-88bc-46bc-b01f-13a6a619ee98,suppressed,pre_generation_suppressed,False,25.102,,16.189,,0.0,0.0
Sparkov,FOLLOWUP_SPARKOV_129,B_dense,a5fe475e-b937-4ffc-854c-1eb6b6d91eeb,completed,generated_released,True,9034.854,8667.412,357.451,0.014,1429.778,-114688.0
Sparkov,FOLLOWUP_SPARKOV_127,B_lexical,ac42609c-b032-43ed-9d06-a69a4c76cdd9,completed,generated_released,True,14843.318,14821.788,9.72,0.014,2395.314,5275648.0
Sparkov,FOLLOWUP_SPARKOV_121,C_lexical,adb99da5-54d4-4812-be95-bd4f6a3eaec0,suppressed,pre_generation_suppressed,False,18.962,,9.624,,0.0,0.0
Sparkov,FOLLOWUP_SPARKOV_123,C_lexical,b48ebeb1-4e92-4066-80ce-1d13ec474637,suppressed,pre_generation_suppressed,False,19.994,,10.315,,0.0,0.0
Sparkov,FOLLOWUP_SPARKOV_130,A_direct,b7f343db-3a4b-44ec-81e6-6aa22e6de35e,completed,generated_released,True,45371.133,45361.906,0.0,0.014,8084.21,-4784128.0
Sparkov,FOLLOWUP_SPARKOV_127,C_lexical,c1de3c03-0970-4079-bdb1-746ad953d829,suppressed,pre_generation_suppressed,False,19.812,,9.801,,0.0,0.0
Sparkov,FOLLOWUP_SPARKOV_122,C_lexical,c4ac75d0-36a3-4cc5-a9bc-9be285c52212,suppressed,pre_generation_suppressed,False,19.765,,9.874,,0.0,0.0
Sparkov,FOLLOWUP_SPARKOV_129,B_lexical,c6f72c72-a699-4010-8041-87bea00066cb,completed,generated_released,True,12519.32,12458.942,48.68,0.026,2098.049,8306688.0
Sparkov,FOLLOWUP_SPARKOV_122,B_dense,ca44838c-f054-46e6-94df-155a3d725f2b,completed,generated_released,True,10182.406,10164.948,6.514,0.018,1711.297,7831552.0
Sparkov,FOLLOWUP_SPARKOV_129,D_hybrid,cbb2d60f-efa0-49bd-a5be-e31ad07b5f71,suppressed,pre_generation_suppressed,False,23.367,,14.919,,0.0,0.0
Sparkov,FOLLOWUP_SPARKOV_124,C_lexical,ce92ddde-24c7-4de4-a536-fbfaa56640cd,suppressed,pre_generation_suppressed,False,21.049,,10.452,,0.0,0.0
Sparkov,FOLLOWUP_SPARKOV_126,D_hybrid,cefd04d6-327c-43c6-b702-da9af1dbc4dd,suppressed,pre_generation_suppressed,False,23.503,,14.811,,0.0,0.0
Sparkov,FOLLOWUP_SPARKOV_126,C_dense,d20ad169-b823-44ef-a8c7-0a2d9e5e8500,suppressed,pre_generation_suppressed,False,13.962,,5.132,,0.0,0.0
Sparkov,FOLLOWUP_SPARKOV_128,A_direct,d50e9990-ae82-4906-9791-5accd67f116c,completed,generated_released,True,53732.462,53723.432,0.0,0.022,8063.271,-48250880.0
Sparkov,FOLLOWUP_SPARKOV_126,B_dense,d8429d7e-54cb-42f7-9de7-9586cc38fe06,completed,generated_released,True,9953.683,9933.435,11.07,0.013,1665.675,1245184.0
Sparkov,FOLLOWUP_SPARKOV_126,A_direct,d89722c3-fd00-4352-8021-be2a1c81b984,completed,generated_released,True,57747.871,57738.953,0.0,0.015,9266.674,-21954560.0
Sparkov,FOLLOWUP_SPARKOV_122,A_direct,db62ad99-e4ae-4ea4-ab57-9cd3635add48,completed,generated_released,True,57589.393,57579.809,0.0,0.02,8642.802,-53968896.0
Sparkov,FOLLOWUP_SPARKOV_125,A_direct,e9469d1c-76ca-432c-9f26-62967746c57d,completed,generated_released,True,47501.869,47492.073,0.0,0.314,7044.588,-8159232.0
Sparkov,FOLLOWUP_SPARKOV_130,D_hybrid,f8f59acd-515b-4549-a939-fe015b62f766,suppressed,pre_generation_suppressed,False,25.207,,16.709,,0.0,0.0
Sparkov,FOLLOWUP_SPARKOV_124,B_lexical,f9139f0f-ac39-4ec8-babf-bb05ed7bb31c,completed,generated_released,True,10896.039,10873.348,10.233,0.025,1853.66,3293184.0
Sparkov,FOLLOWUP_SPARKOV_121,B_lexical,fad02f3d-9679-4a1b-a9c1-266890fe2e2b,completed,generated_released,True,15697.639,15675.064,10.028,0.014,2506.85,868352.0
Sparkov,FOLLOWUP_SPARKOV_127,A_direct,fb779222-8e9c-42d3-af21-b79c9dd1057e,completed,generated_released,True,54624.927,54616.072,0.0,0.015,8156.099,-15433728.0
Sparkov,FOLLOWUP_SPARKOV_127,C_dense,ff0179eb-bab5-415e-875a-be508d6edb00,suppressed,pre_generation_suppressed,False,21.741,,11.635,,0.0,0.0
Sparkov,FOLLOWUP_SPARKOV_131,D_hybrid,025191a2-4d54-4a0b-8007-7fb8fd6f200e,suppressed,pre_generation_suppressed,False,25.881,,17.156,,0.0,0.0
Sparkov,FOLLOWUP_SPARKOV_134,A_direct,039b6061-24c1-49f9-a169-77ddc7f28c31,completed,generated_released,True,41979.477,41970.643,0.0,0.273,7708.212,-3604480.0
Sparkov,FOLLOWUP_SPARKOV_140,A_direct,06d8be37-7846-4518-b5ff-45b966ab4208,completed,generated_released,True,72149.565,72140.361,0.0,0.061,10830.821,-1179648.0
Sparkov,FOLLOWUP_SPARKOV_139,B_lexical,0bae203d-3c8b-4c88-82c8-e081771f2cf5,completed,generated_released,True,11629.514,11577.675,20.607,0.015,1890.307,10993664.0
Sparkov,FOLLOWUP_SPARKOV_132,A_direct,160aba27-715f-44d1-a526-4fb6042e1413,completed,generated_released,True,58702.944,58694.119,0.0,0.016,8644.126,-9420800.0
Sparkov,FOLLOWUP_SPARKOV_137,C_lexical,1b9a3d75-23ae-40b7-8abf-0ab9176feb65,suppressed,pre_generation_suppressed,False,20.666,,9.882,,0.0,0.0
Sparkov,FOLLOWUP_SPARKOV_134,D_hybrid,1bb8d5fe-dc63-40bf-b9bf-82b7a0f10458,suppressed,pre_generation_suppressed,False,30.959,,19.206,,0.0,0.0
Sparkov,FOLLOWUP_SPARKOV_140,C_dense,1c33522c-1eea-4170-ab43-b8341bfcf2df,suppressed,pre_generation_suppressed,False,14.423,,5.247,,0.0,0.0
Sparkov,FOLLOWUP_SPARKOV_136,D_hybrid,20536ba3-a2e0-4278-9a72-7339279286c4,suppressed,pre_generation_suppressed,False,31.573,,23.068,,0.0,0.0
Sparkov,FOLLOWUP_SPARKOV_137,C_dense,27adcb3f-53ec-41d2-a5ba-331cf1cfe45e,suppressed,pre_generation_suppressed,False,14.997,,6.025,,0.0,0.0
Sparkov,FOLLOWUP_SPARKOV_136,C_lexical,293b1b90-df5e-4889-902d-b23f64839ae6,suppressed,pre_generation_suppressed,False,19.794,,9.633,,0.0,0.0
Sparkov,FOLLOWUP_SPARKOV_133,A_direct,2b4b4e98-fea9-4f4f-837d-2dd147f9c8bc,completed,generated_released,True,62842.997,62834.384,0.0,0.016,9499.355,-6471680.0
Sparkov,FOLLOWUP_SPARKOV_138,D_hybrid,2d9d3caf-824d-4c2d-8542-1380550ea3c5,suppressed,pre_generation_suppressed,False,23.329,,14.763,,0.0,0.0
Sparkov,FOLLOWUP_SPARKOV_135,A_direct,31524261-1009-4e21-99f8-e3e4bea5982a,completed,generated_released,True,52029.183,52020.492,0.0,0.014,8488.69,-5242880.0
Sparkov,FOLLOWUP_SPARKOV_131,B_dense,3661bf3e-9f1e-4d24-82bc-d8618deb44ca,completed,generated_released,True,8669.563,8648.253,11.911,0.014,1401.344,589824.0
Sparkov,FOLLOWUP_SPARKOV_132,C_lexical,39c90607-bf67-486f-abd8-b807b755a1ce,suppressed,pre_generation_suppressed,False,19.121,,9.483,,0.0,0.0
Sparkov,FOLLOWUP_SPARKOV_136,B_dense,42ba23fa-2f28-4e92-b27d-a224c45f4f16,completed,generated_released,True,9794.165,9777.76,6.456,0.014,1603.327,770048.0
Sparkov,FOLLOWUP_SPARKOV_138,A_direct,4380fd6c-e0b3-4fca-a715-66b7f1fec24b,completed,generated_released,True,60879.222,60870.519,0.0,0.024,8914.661,-4276224.0
Sparkov,FOLLOWUP_SPARKOV_140,D_hybrid,483c6baf-d423-41d2-af22-77ca185fa8d1,suppressed,pre_generation_suppressed,False,24.294,,15.311,,0.0,0.0
Sparkov,FOLLOWUP_SPARKOV_135,B_lexical,48696b71-915d-4a51-9600-04fac9d24933,completed,generated_released,True,10361.311,10339.079,10.127,0.015,1687.196,3653632.0
Sparkov,FOLLOWUP_SPARKOV_136,A_direct,494e3b19-0545-46ca-8a9d-87aaf3eb57fb,completed,generated_released,True,31706.444,31697.495,0.0,0.013,5014.243,-4243456.0
Sparkov,FOLLOWUP_SPARKOV_132,D_hybrid,5675ff6d-9b38-455f-9993-ba8e7399d058,suppressed,pre_generation_suppressed,False,23.405,,14.9,,0.0,0.0
Sparkov,FOLLOWUP_SPARKOV_133,C_dense,599faa9a-9c72-4a4c-b141-7ca6f1917651,suppressed,pre_generation_suppressed,False,20.599,,11.684,,0.0,0.0
Sparkov,FOLLOWUP_SPARKOV_131,C_lexical,59ae496d-e864-4c86-915e-3acb55ebc07a,suppressed,pre_generation_suppressed,False,19.186,,9.712,,0.0,0.0
Sparkov,FOLLOWUP_SPARKOV_140,C_lexical,6666c79e-d207-494e-81c7-d4a163bf3fb5,suppressed,pre_generation_suppressed,False,19.709,,10.007,,0.0,0.0
Sparkov,FOLLOWUP_SPARKOV_137,B_lexical,68575a75-ef47-4272-b886-b94ff18ecdc8,completed,generated_released,True,10512.65,10490.808,9.968,0.013,1746.471,835584.0
Sparkov,FOLLOWUP_SPARKOV_138,B_dense,6b6d1ca5-e8cc-49bd-b401-bea6810d2663,completed,generated_released,True,8659.556,8645.29,5.243,0.014,1425.117,163840.0
Sparkov,FOLLOWUP_SPARKOV_133,B_lexical,714f4be9-63ab-4522-9f7d-f6d290190982,completed,generated_released,True,11328.626,11305.94,10.141,0.013,1897.761,4653056.0
Sparkov,FOLLOWUP_SPARKOV_131,A_direct,7179512f-e9e4-4913-85a1-f272a8e5173b,completed,generated_released,True,56187.933,56178.708,0.0,0.016,8968.7,-4898816.0
Sparkov,FOLLOWUP_SPARKOV_132,C_dense,738d22ee-d216-4d77-bb24-2267fee2b41d,suppressed,pre_generation_suppressed,False,14.467,,5.481,,0.0,0.0
Sparkov,FOLLOWUP_SPARKOV_137,A_direct,7e1ca937-f9b5-4a52-8587-726adf1c37e2,completed,generated_released,True,68322.936,68313.655,0.0,0.013,9909.307,-57098240.0
Sparkov,FOLLOWUP_SPARKOV_135,D_hybrid,83291916-16a3-4355-a531-24b66c895f12,suppressed,pre_generation_suppressed,False,28.159,,19.096,,0.0,0.0
Sparkov,FOLLOWUP_SPARKOV_140,B_lexical,8bd7d962-e312-4560-b67e-75ca5256ad3e,completed,generated_released,True,9449.629,9427.648,9.664,0.014,1520.937,4210688.0
Sparkov,FOLLOWUP_SPARKOV_132,B_lexical,9084ea03-d9e8-494a-8e5a-22b4958571f0,completed,generated_released,True,9272.65,9250.259,10.959,0.013,1588.124,1048576.0
Sparkov,FOLLOWUP_SPARKOV_135,B_dense,91275109-e585-49eb-806f-f3e8c775ad22,completed,generated_released,True,9619.934,9604.625,5.083,0.017,1584.046,1114112.0
Sparkov,FOLLOWUP_SPARKOV_133,B_dense,924e6cb8-260b-4c97-8a34-1627df6308d1,completed,generated_released,True,9644.446,9628.885,5.245,0.017,1555.595,5308416.0
Sparkov,FOLLOWUP_SPARKOV_136,C_dense,941724c6-58c6-4a73-be9d-fe5da746a2df,suppressed,pre_generation_suppressed,False,14.335,,5.169,,0.0,0.0
Sparkov,FOLLOWUP_SPARKOV_138,B_lexical,9734f034-5f45-428a-84ea-c11fbdc5eb2a,completed,generated_released,True,4795.081,4776.553,9.646,0.019,679.612,212992.0
Sparkov,FOLLOWUP_SPARKOV_135,C_dense,9b2e3111-05e8-4e74-8690-f7fc12f33f1c,suppressed,pre_generation_suppressed,False,14.98,,5.311,,0.0,0.0
Sparkov,FOLLOWUP_SPARKOV_138,C_lexical,9c374819-43e1-4f23-9b37-262f39c616c6,suppressed,pre_generation_suppressed,False,18.907,,9.583,,0.0,0.0
Sparkov,FOLLOWUP_SPARKOV_135,C_lexical,a37a1072-ceec-4229-8640-62b930dffd44,suppressed,pre_generation_suppressed,False,20.257,,9.92,,0.0,0.0
Sparkov,FOLLOWUP_SPARKOV_134,B_lexical,a987cc96-9094-4fcf-96e7-56cbd404721f,completed,generated_released,True,12446.293,12424.86,9.758,0.014,2140.396,3309568.0
Sparkov,FOLLOWUP_SPARKOV_132,B_dense,b225a892-48d8-4241-ac63-1b3c39863766,completed,generated_released,True,8855.547,8835.241,10.885,0.013,1478.523,1130496.0
Sparkov,FOLLOWUP_SPARKOV_139,B_dense,b35a5a69-c3f9-4b83-891b-ffe4ef5a2ffd,completed,generated_released,True,9794.874,9777.468,7.809,0.014,1610.367,1622016.0
Sparkov,FOLLOWUP_SPARKOV_139,D_hybrid,c1aefc3f-0afe-47a7-8ee2-20b7b6f08b57,suppressed,pre_generation_suppressed,False,29.314,,20.456,,0.0,0.0
Sparkov,FOLLOWUP_SPARKOV_139,C_lexical,cfeb4708-7472-4507-8f33-e2a4d56596de,suppressed,pre_generation_suppressed,False,18.672,,9.619,,0.0,0.0
Sparkov,FOLLOWUP_SPARKOV_134,C_lexical,d444563e-0c79-447b-a34a-e4948c1a2743,suppressed,pre_generation_suppressed,False,20.739,,10.818,,0.0,0.0
Sparkov,FOLLOWUP_SPARKOV_131,C_dense,d74f85da-3fbe-4a92-bacb-3820d23cb4d6,suppressed,pre_generation_suppressed,False,13.759,,5.109,,0.0,0.0
Sparkov,FOLLOWUP_SPARKOV_139,A_direct,d79265f3-e1d6-4d33-9c56-7c1eba4afec5,completed,generated_released,True,7940.178,7931.268,0.0,0.106,2015.735,-449806336.0
Sparkov,FOLLOWUP_SPARKOV_137,B_dense,d9ffb05f-9ae1-4324-b7c9-863bee2e6519,completed,generated_released,True,12075.522,12053.728,9.049,0.017,2025.665,4554752.0
Sparkov,FOLLOWUP_SPARKOV_133,C_lexical,db709e84-788f-4ced-836b-50c04955102b,suppressed,pre_generation_suppressed,False,20.407,,9.541,,0.0,0.0
Sparkov,FOLLOWUP_SPARKOV_139,C_dense,e35b16b1-4209-4569-8020-b9cb5f349394,suppressed,pre_generation_suppressed,False,301.226,,291.825,,0.0,0.0
Sparkov,FOLLOWUP_SPARKOV_133,D_hybrid,e5d8177a-5987-4aa0-b933-efe613135764,suppressed,pre_generation_suppressed,False,23.756,,14.495,,0.0,0.0
Sparkov,FOLLOWUP_SPARKOV_140,B_dense,e5f94203-6a24-4345-911b-413b65b67d9f,completed,generated_released,True,9186.706,9171.853,5.89,0.012,1500.027,770048.0
Sparkov,FOLLOWUP_SPARKOV_134,C_dense,e86082ef-7ffd-427f-8dde-a3702835cb03,suppressed,pre_generation_suppressed,False,16.029,,6.431,,0.0,0.0
Sparkov,FOLLOWUP_SPARKOV_134,B_dense,ee0f36ae-d8f1-4b73-95d5-27d64f23a1fa,completed,generated_released,True,10266.197,10250.871,6.085,0.015,1928.756,753664.0
Sparkov,FOLLOWUP_SPARKOV_131,B_lexical,f121094b-4db7-4735-bd23-4d136fba6cd5,completed,generated_released,True,9644.637,9622.653,9.973,0.021,1569.812,4145152.0
Sparkov,FOLLOWUP_SPARKOV_137,D_hybrid,f2e72371-2270-4b79-ad9a-d21053bdb778,suppressed,pre_generation_suppressed,False,25.83,,15.71,,0.0,0.0
Sparkov,FOLLOWUP_SPARKOV_138,C_dense,f397a29c-817b-4467-a55f-f50502866143,suppressed,pre_generation_suppressed,False,13.75,,5.175,,0.0,0.0
Sparkov,FOLLOWUP_SPARKOV_136,B_lexical,fdb78bab-570c-4a01-83e7-2f87d1aba06a,completed,generated_released,True,11101.551,11080.869,9.706,0.014,1841.573,5046272.0
Sparkov,FOLLOWUP_SPARKOV_148,B_lexical,01e50ec7-3cfe-4603-a3ab-4adcf81796d5,completed,generated_released,True,9719.924,9701.104,9.658,0.013,1539.32,950272.0
Sparkov,FOLLOWUP_SPARKOV_145,C_lexical,037b830d-0ad1-48c9-981b-4d045e83b13c,suppressed,pre_generation_suppressed,False,19.529,,9.662,,0.0,0.0
Sparkov,FOLLOWUP_SPARKOV_142,A_direct,18a52bec-b61f-4734-a5ff-8cefff98cb8c,completed,generated_released,True,6829.029,6820.274,0.0,0.023,1476.26,704512.0
Sparkov,FOLLOWUP_SPARKOV_150,A_direct,1b0115f6-2acd-4f1e-9507-031495432514,completed,generated_released,True,6017.339,6007.742,0.0,0.013,1289.026,2981888.0
Sparkov,FOLLOWUP_SPARKOV_146,D_hybrid,23b0fadd-e917-4194-8137-330f8956eb63,suppressed,pre_generation_suppressed,False,27.812,,18.217,,0.0,0.0
Sparkov,FOLLOWUP_SPARKOV_149,D_hybrid,25bc3195-6964-49a6-862d-b87470426259,suppressed,pre_generation_suppressed,False,25.736,,17.035,,0.0,0.0
Sparkov,FOLLOWUP_SPARKOV_145,B_dense,2b55a8b1-633e-4a67-be55-cf2a7ce95f2a,completed,generated_released,True,7665.411,7650.923,5.268,0.012,1184.033,671744.0
Sparkov,FOLLOWUP_SPARKOV_145,C_dense,2d80b446-2f82-4fc9-924b-beec88f8aceb,suppressed,pre_generation_suppressed,False,14.382,,5.373,,0.0,0.0
Sparkov,FOLLOWUP_SPARKOV_147,B_dense,2e86f2e2-ee48-432b-ba1f-9e8f10736d53,completed,generated_released,True,9063.737,9048.064,5.966,0.016,1454.531,1523712.0
Sparkov,FOLLOWUP_SPARKOV_150,D_hybrid,30617ac1-ff2b-417c-9cf1-26d74dced122,suppressed,pre_generation_suppressed,False,27.682,,18.135,,0.0,0.0
Sparkov,FOLLOWUP_SPARKOV_149,A_direct,32517ba7-a92d-4f20-a81c-d5491991e6fe,completed,generated_released,True,6632.004,6623.086,0.0,0.013,1395.664,19054592.0
Sparkov,FOLLOWUP_SPARKOV_145,A_direct,39ac3c7e-0943-49f9-a890-8d4b7781020b,completed,generated_released,True,6248.461,6239.18,0.0,0.013,1349.499,704512.0
Sparkov,FOLLOWUP_SPARKOV_145,D_hybrid,3b7763a8-d173-4275-b9bc-04c715f80184,suppressed,pre_generation_suppressed,False,24.469,,15.796,,0.0,0.0
Sparkov,FOLLOWUP_SPARKOV_142,B_dense,3e235042-f540-4350-a6a1-5872ecec3534,completed,generated_released,True,6995.593,6980.222,5.615,0.011,1078.21,1294336.0
Sparkov,FOLLOWUP_SPARKOV_143,B_dense,4052884f-9e6b-4534-8984-cde35d0d2ffb,completed,generated_released,True,11733.814,11712.955,11.365,0.029,1909.418,753664.0
Sparkov,FOLLOWUP_SPARKOV_143,D_hybrid,4078faec-3a5f-4e19-873f-5cd6943adab7,suppressed,pre_generation_suppressed,False,27.26,,18.125,,0.0,0.0
Sparkov,FOLLOWUP_SPARKOV_148,A_direct,4b850fde-c07b-4349-95a5-679edd518a8b,completed,generated_released,True,6544.766,6535.427,0.0,0.012,1424.951,737280.0
Sparkov,FOLLOWUP_SPARKOV_143,B_lexical,4c050c16-0351-4f85-bfdc-cd25f3381e1e,completed,generated_released,True,7878.945,7859.957,9.608,0.013,1192.707,311296.0
Sparkov,FOLLOWUP_SPARKOV_149,C_lexical,4e7840e8-643f-4bd7-bea8-6ca2eff335f8,suppressed,pre_generation_suppressed,False,123.068,,50.833,,0.0,0.0
Sparkov,FOLLOWUP_SPARKOV_148,C_lexical,504bd9e9-6594-40fd-83c5-e4074ed943a7,suppressed,pre_generation_suppressed,False,18.861,,9.64,,0.0,0.0
Sparkov,FOLLOWUP_SPARKOV_144,B_lexical,5845a916-940b-434d-80d8-0ec43cfc8a54,completed,generated_released,True,9325.476,9306.666,9.632,0.02,1452.877,-1900544.0
Sparkov,FOLLOWUP_SPARKOV_150,B_lexical,5980f58c-e1a1-43df-bc28-5383a7efaedc,completed,generated_released,True,9671.064,9652.431,9.73,0.013,1521.05,360448.0
Sparkov,FOLLOWUP_SPARKOV_148,D_hybrid,6492554d-f09d-45f2-ab44-d985b30f9241,suppressed,pre_generation_suppressed,False,30.47,,21.799,,0.0,0.0
Sparkov,FOLLOWUP_SPARKOV_141,B_lexical,6764d2de-27f1-4154-8976-3a7e75ebc75f,completed,generated_released,True,7838.353,7819.131,9.628,0.018,1206.766,4079616.0
Sparkov,FOLLOWUP_SPARKOV_146,C_dense,67cb9176-248e-4913-ad45-ff6cca54d8b9,suppressed,pre_generation_suppressed,False,21.809,,11.852,,0.0,0.0
Sparkov,FOLLOWUP_SPARKOV_141,C_lexical,68e4ff9a-d217-4617-bfa4-a31f0fe21609,suppressed,pre_generation_suppressed,False,18.817,,9.637,,0.0,0.0
Sparkov,FOLLOWUP_SPARKOV_148,C_dense,6952a52e-d71a-4806-b920-7396d24657af,suppressed,pre_generation_suppressed,False,13.948,,5.254,,0.0,0.0
Sparkov,FOLLOWUP_SPARKOV_144,C_dense,7a75c862-870b-460f-9e4e-1fdcfae3620a,suppressed,pre_generation_suppressed,False,16.146,,6.033,,0.0,0.0
Sparkov,FOLLOWUP_SPARKOV_143,A_direct,7b66e3d6-1c35-4fc4-a5c1-ec5ffc4c4d2b,completed,generated_released,True,6467.068,6458.311,0.0,0.013,1399.687,114688.0
Sparkov,FOLLOWUP_SPARKOV_146,C_lexical,7d4aa1ae-d87f-403b-a905-95d117236e7e,suppressed,pre_generation_suppressed,False,23.394,,11.846,,0.0,0.0
Sparkov,FOLLOWUP_SPARKOV_147,B_lexical,7e291592-757b-4ca9-b03c-4c7faf766ab1,completed,generated_released,True,9575.501,9556.442,9.66,0.013,1512.931,-1884160.0
Sparkov,FOLLOWUP_SPARKOV_141,C_dense,81c14d24-b2a2-4394-b16c-ddd87d80676a,suppressed,pre_generation_suppressed,False,14.375,,5.195,,0.0,0.0
Sparkov,FOLLOWUP_SPARKOV_144,B_dense,82e299bc-01b3-4e0f-aebd-02edc24cc654,completed,generated_released,True,10008.794,9993.65,5.578,0.013,1606.993,966656.0
Sparkov,FOLLOWUP_SPARKOV_150,B_dense,84434a16-34e4-4eda-ac54-043e00d50780,completed,generated_released,True,9954.775,9938.371,6.19,0.013,1612.356,786432.0
Sparkov,FOLLOWUP_SPARKOV_142,D_hybrid,85982e23-d749-43d5-a9c1-a2db84429baa,suppressed,pre_generation_suppressed,False,24.382,,15.876,,0.0,0.0
Sparkov,FOLLOWUP_SPARKOV_145,B_lexical,87ab8e60-177f-4957-8b0d-459f949c55ea,completed,generated_released,True,9216.251,9197.328,9.696,0.013,1442.482,589824.0
Sparkov,FOLLOWUP_SPARKOV_142,C_dense,8816d208-b4cc-4ccf-9612-0367daaf8530,suppressed,pre_generation_suppressed,False,14.964,,5.919,,0.0,0.0
Sparkov,FOLLOWUP_SPARKOV_142,B_lexical,9e1ff724-5375-42c6-aa27-c55f113ca408,completed,generated_released,True,9045.912,9026.343,9.783,0.016,1409.636,1032192.0
Sparkov,FOLLOWUP_SPARKOV_149,B_dense,9f6d151e-1633-45f2-967b-0c2dd0fc45c8,completed,generated_released,True,85045.336,84737.798,291.581,2.264,14539.494,-518488064.0
Sparkov,FOLLOWUP_SPARKOV_146,B_dense,a1f1317c-5613-4f1f-9869-4119e2022cca,completed,generated_released,True,7990.012,7973.817,6.244,0.012,1224.394,4554752.0
Sparkov,FOLLOWUP_SPARKOV_150,C_dense,a51d89d3-4b42-493a-b900-12ffec33fad0,suppressed,pre_generation_suppressed,False,15.486,,6.028,,0.0,0.0
Sparkov,FOLLOWUP_SPARKOV_146,B_lexical,a5f160c4-c023-46e0-b44b-aac414101db4,completed,generated_released,True,8318.315,8298.968,9.62,0.019,1239.276,1523712.0
Sparkov,FOLLOWUP_SPARKOV_147,C_dense,a76a9ac7-cf02-4c7a-9e0b-9996d80cb91f,suppressed,pre_generation_suppressed,False,14.417,,5.25,,0.0,0.0
Sparkov,FOLLOWUP_SPARKOV_147,A_direct,a79bb01c-2af4-4485-8988-e7c15bcdc647,completed,generated_released,True,6822.868,6813.708,0.0,0.013,1490.26,3604480.0
Sparkov,FOLLOWUP_SPARKOV_142,C_lexical,ad13a285-a556-413d-b516-cdbdd4f6a583,suppressed,pre_generation_suppressed,False,19.878,,9.926,,0.0,0.0
Sparkov,FOLLOWUP_SPARKOV_148,B_dense,b348552c-8484-489d-a4e6-710e8740ac75,completed,generated_released,True,9362.605,9348.023,5.205,0.019,1498.417,737280.0
Sparkov,FOLLOWUP_SPARKOV_143,C_dense,b9d6722f-66f1-4263-9dc0-0a27900f2b9c,suppressed,pre_generation_suppressed,False,14.639,,6.05,,0.0,0.0
Sparkov,FOLLOWUP_SPARKOV_146,A_direct,c1f4c62e-c7a1-40d5-bb36-cafd87ddb434,completed,generated_released,True,6849.564,6839.979,0.0,0.024,1451.009,1081344.0
Sparkov,FOLLOWUP_SPARKOV_149,C_dense,c43e61c6-71ee-4b78-b8cf-9595be12d175,suppressed,pre_generation_suppressed,False,58.323,,48.669,,0.0,0.0
Sparkov,FOLLOWUP_SPARKOV_144,D_hybrid,d1db58de-7f81-4bef-ab11-a4d67d3927b0,suppressed,pre_generation_suppressed,False,23.551,,14.805,,0.0,0.0
Sparkov,FOLLOWUP_SPARKOV_144,A_direct,d2337571-aff8-4aef-86e8-2fa8e4bf1e3c,completed,generated_released,True,6271.089,6262.255,0.0,0.02,1320.692,933888.0
Sparkov,FOLLOWUP_SPARKOV_144,C_lexical,dc19f79c-5318-4bcb-8efa-8c8a676f7e9e,suppressed,pre_generation_suppressed,False,19.855,,9.645,,0.0,0.0
Sparkov,FOLLOWUP_SPARKOV_147,D_hybrid,ded6f880-609f-4d3a-bc34-7bad82112e4e,suppressed,pre_generation_suppressed,False,24.481,,15.839,,0.0,0.0
Sparkov,FOLLOWUP_SPARKOV_150,C_lexical,e5760acd-5ce8-4e4e-959f-27b1e3f2ea37,suppressed,pre_generation_suppressed,False,22.377,,10.671,,0.0,0.0
Sparkov,FOLLOWUP_SPARKOV_141,D_hybrid,e8901919-f2b4-419a-8256-6b6c45918fec,suppressed,pre_generation_suppressed,False,23.427,,14.597,,0.0,0.0
Sparkov,FOLLOWUP_SPARKOV_143,C_lexical,f62bbb9f-8e40-4405-9830-ddd8c13ffffc,suppressed,pre_generation_suppressed,False,18.881,,9.701,,0.0,0.0
Sparkov,FOLLOWUP_SPARKOV_149,B_lexical,f78ba9f7-dbc5-4ebb-b526-6da967a3dc23,completed,generated_released,True,10538.063,10517.831,9.578,0.016,1624.542,2048000.0
Sparkov,FOLLOWUP_SPARKOV_141,A_direct,f99052d6-f446-404d-8e64-d48aaca399cd,completed,generated_released,True,7588.245,7578.934,0.0,0.014,1563.118,294912.0
Sparkov,FOLLOWUP_SPARKOV_147,C_lexical,fbb7ce09-9537-46a8-b332-b2dee47310c4,suppressed,pre_generation_suppressed,False,19.384,,9.615,,0.0,0.0
Sparkov,FOLLOWUP_SPARKOV_141,B_dense,fef3fbc3-9221-45e3-a9d2-d88c6a73163c,completed,generated_released,True,9523.863,9508.509,5.974,0.011,1527.652,606208.0
Sparkov,FOLLOWUP_SPARKOV_157,D_hybrid,04a3ab64-1cf3-439a-a373-262a2d6da67f,suppressed,pre_generation_suppressed,False,23.596,,14.843,,0.0,0.0
Sparkov,FOLLOWUP_SPARKOV_151,D_hybrid,08a8cedb-b9b5-4901-88c8-9720923eff19,suppressed,pre_generation_suppressed,False,23.839,,14.914,,0.0,0.0
Sparkov,FOLLOWUP_SPARKOV_155,C_dense,0d437793-298f-4a5a-b136-fc5956951c31,suppressed,pre_generation_suppressed,False,14.566,,5.963,,0.0,0.0
Sparkov,FOLLOWUP_SPARKOV_159,C_lexical,14445ae2-7402-4ecf-a1b2-b947897cbd7d,suppressed,pre_generation_suppressed,False,19.423,,9.821,,0.0,0.0
Sparkov,FOLLOWUP_SPARKOV_154,A_direct,18073bff-f98d-4ebb-aa87-42ee07617aee,completed,generated_released,True,7062.263,7053.492,0.0,0.015,1732.839,770048.0
Sparkov,FOLLOWUP_SPARKOV_155,D_hybrid,19a36d9a-f6ad-4fae-ac86-6cdd54204e56,suppressed,pre_generation_suppressed,False,24.366,,15.588,,0.0,0.0
Sparkov,FOLLOWUP_SPARKOV_160,D_hybrid,1d6cb6d2-fa29-4330-957b-8b31ab7f7aae,suppressed,pre_generation_suppressed,False,24.235,,15.67,,0.0,0.0
Sparkov,FOLLOWUP_SPARKOV_156,D_hybrid,1f5ed53f-2f2b-4206-8b76-9dcec296af46,suppressed,pre_generation_suppressed,False,23.656,,14.898,,0.0,0.0
Sparkov,FOLLOWUP_SPARKOV_158,C_lexical,1fc05852-a1c6-401e-87e5-d42bf2eeaa6b,suppressed,pre_generation_suppressed,False,20.072,,10.359,,0.0,0.0
Sparkov,FOLLOWUP_SPARKOV_158,D_hybrid,238220db-955e-4ec1-a49e-daa788df47b4,suppressed,pre_generation_suppressed,False,24.935,,16.143,,0.0,0.0
Sparkov,FOLLOWUP_SPARKOV_159,B_lexical,26837859-245f-48d8-afd2-693285109926,completed,generated_released,True,10216.26,10175.502,26.505,0.015,1762.421,13533184.0
Sparkov,FOLLOWUP_SPARKOV_151,C_lexical,30d4d286-7809-4b5b-ba1c-8001c9a66380,suppressed,pre_generation_suppressed,False,18.602,,9.599,,0.0,0.0
Sparkov,FOLLOWUP_SPARKOV_159,D_hybrid,31f63f86-0b37-4325-9c78-c530e62feab3,suppressed,pre_generation_suppressed,False,23.285,,14.297,,0.0,0.0
Sparkov,FOLLOWUP_SPARKOV_158,C_dense,34228826-a56a-467c-ad7f-db7520278c12,suppressed,pre_generation_suppressed,False,15.02,,6.22,,0.0,0.0
Sparkov,FOLLOWUP_SPARKOV_152,C_dense,4241473c-a44d-4848-ad7f-a959c7ebe762,suppressed,pre_generation_suppressed,False,18.733,,10.227,,0.0,0.0
Sparkov,FOLLOWUP_SPARKOV_157,A_direct,469e3d7b-3bfc-4dd9-a742-c606d08db216,completed,generated_released,True,6653.002,6644.353,0.0,0.014,1559.548,376832.0
Sparkov,FOLLOWUP_SPARKOV_158,B_dense,4794d60d-fa9d-4de8-882e-c94837d4726d,completed,generated_released,True,10100.503,10085.153,6.093,0.021,1713.032,1015808.0
Sparkov,FOLLOWUP_SPARKOV_154,C_lexical,48c40be4-32c8-4a53-826c-0aca119d59c6,suppressed,pre_generation_suppressed,False,18.691,,9.654,,0.0,0.0
Sparkov,FOLLOWUP_SPARKOV_155,B_dense,4ecdbf06-52f1-402f-9364-d64b032a2ecb,completed,generated_released,True,10640.514,10625.316,5.717,0.015,1815.547,835584.0
Sparkov,FOLLOWUP_SPARKOV_154,D_hybrid,52faaf78-6b32-47a2-aa19-85ef892a0fce,suppressed,pre_generation_suppressed,False,23.429,,14.557,,0.0,0.0
Sparkov,FOLLOWUP_SPARKOV_157,B_lexical,5c6e656c-0a1e-4f0d-b286-f28f137f5398,completed,generated_released,True,9245.115,9226.259,9.629,0.014,1550.387,458752.0
Sparkov,FOLLOWUP_SPARKOV_157,C_dense,5d293b98-9ce0-45aa-b4fd-76870bbb0892,suppressed,pre_generation_suppressed,False,14.84,,5.876,,0.0,0.0
Sparkov,FOLLOWUP_SPARKOV_155,B_lexical,5d4bf2c8-feb6-4896-adff-8a2d5e83f9bf,completed,generated_released,True,12050.068,12031.452,9.554,0.015,2033.681,1310720.0
Sparkov,FOLLOWUP_SPARKOV_152,D_hybrid,5de41c61-684e-4086-a212-75c9bb2a83b4,suppressed,pre_generation_suppressed,False,23.721,,14.869,,0.0,0.0
Sparkov,FOLLOWUP_SPARKOV_151,B_dense,5fe526e8-7350-41fe-97f3-31862ce799f5,completed,generated_released,True,9414.625,9398.638,6.365,0.013,1587.096,950272.0
Sparkov,FOLLOWUP_SPARKOV_152,B_dense,66bc69d5-d9e3-4d41-ac87-3dc6f0f1f466,completed,generated_released,True,10029.508,10013.519,6.496,0.013,1652.689,950272.0
Sparkov,FOLLOWUP_SPARKOV_154,C_dense,6859de13-351c-4181-b628-e42d708e6c96,suppressed,pre_generation_suppressed,False,15.389,,6.784,,0.0,0.0
Sparkov,FOLLOWUP_SPARKOV_160,B_dense,739160cf-0e8b-4017-aa8d-fe1b24397f16,completed,generated_released,True,9703.516,9679.22,11.478,0.021,1669.831,4423680.0
Sparkov,FOLLOWUP_SPARKOV_154,B_dense,7988146b-dc6b-4270-a2ea-d706fb00fa77,completed,generated_released,True,7386.502,7359.608,17.641,0.018,1224.985,1146880.0
Sparkov,FOLLOWUP_SPARKOV_153,A_direct,81907fa3-8584-47a3-8418-8bda5bc3c211,completed,generated_released,True,7551.974,7543.032,0.0,0.013,2019.085,196608.0
Sparkov,FOLLOWUP_SPARKOV_160,C_lexical,856b5a48-2b8b-48e3-a7b8-b0668974c59a,suppressed,pre_generation_suppressed,False,18.552,,9.603,,0.0,0.0
Sparkov,FOLLOWUP_SPARKOV_155,A_direct,8e46c021-480b-4bec-99ff-ab54f24b94ef,completed,generated_released,True,7930.948,7922.116,0.0,0.015,1863.193,999424.0
Sparkov,FOLLOWUP_SPARKOV_160,C_dense,96029bf4-15f2-4164-8078-c320c261e441,suppressed,pre_generation_suppressed,False,14.256,,5.869,,0.0,0.0
Sparkov,FOLLOWUP_SPARKOV_153,B_dense,99da2843-5c2e-4e78-8af4-5a97224c2ca5,completed,generated_released,True,10647.064,10631.372,6.468,0.012,1860.548,540672.0
Sparkov,FOLLOWUP_SPARKOV_159,C_dense,a0202ff6-49bb-403e-8749-5529da61ec8c,suppressed,pre_generation_suppressed,False,17.771,,8.914,,0.0,0.0
Sparkov,FOLLOWUP_SPARKOV_160,B_lexical,aa7a5114-6e77-4425-a21b-d92da8d3bfb7,completed,generated_released,True,12666.602,12647.229,9.724,0.019,2157.633,-23265280.0
Sparkov,FOLLOWUP_SPARKOV_156,B_dense,ae9ec833-9df1-4410-934a-3f7d220ba889,completed,generated_released,True,11817.694,11798.165,10.224,0.022,2040.53,1507328.0
Sparkov,FOLLOWUP_SPARKOV_158,B_lexical,b0e25847-7171-45f5-94ba-b258c5360f12,completed,generated_released,True,9602.165,9582.548,10.186,0.014,1597.087,196608.0
Sparkov,FOLLOWUP_SPARKOV_153,D_hybrid,b208dc0f-4366-48a6-a958-95a26e853259,suppressed,pre_generation_suppressed,False,23.444,,14.629,,0.0,0.0
Sparkov,FOLLOWUP_SPARKOV_151,B_lexical,b2766b21-57e7-44e3-bf36-d17dcbd865f3,completed,generated_released,True,9267.267,9248.423,9.61,0.025,1528.55,950272.0
Sparkov,FOLLOWUP_SPARKOV_158,A_direct,b6ebe434-cb16-49a2-bc89-c2bbae6c2358,completed,generated_released,True,6107.052,6097.913,0.0,0.021,1394.499,262144.0
Sparkov,FOLLOWUP_SPARKOV_159,A_direct,ba729b16-e1aa-41bb-903c-b918d0fa430e,completed,generated_released,True,9050.091,9040.354,0.0,0.085,2471.519,-330547200.0
Sparkov,FOLLOWUP_SPARKOV_152,B_lexical,c03ebb0a-4e85-4f05-8150-69952aac94c0,completed,generated_released,True,8177.046,8158.162,9.657,0.012,1349.304,1048576.0
Sparkov,FOLLOWUP_SPARKOV_157,B_dense,c0b20fd4-ca21-4f44-8721-44a8eda6de2f,completed,generated_released,True,9549.462,9534.129,6.089,0.012,1629.091,0.0
Sparkov,FOLLOWUP_SPARKOV_152,A_direct,c1c54bb0-20a5-4223-b903-0eb794ab9599,completed,generated_released,True,7909.232,7900.232,0.0,0.02,1886.826,819200.0
Sparkov,FOLLOWUP_SPARKOV_151,C_dense,c450a28f-316d-4219-b09c-6561a71ed345,suppressed,pre_generation_suppressed,False,14.541,,6.104,,0.0,0.0
Sparkov,FOLLOWUP_SPARKOV_153,C_dense,c6453bcd-f6e1-41e0-96d5-3561fd840e53,suppressed,pre_generation_suppressed,False,14.68,,6.188,,0.0,0.0
Sparkov,FOLLOWUP_SPARKOV_152,C_lexical,c853e737-c2f6-4b27-b673-74d2ef5b1ecf,suppressed,pre_generation_suppressed,False,18.554,,9.585,,0.0,0.0
Sparkov,FOLLOWUP_SPARKOV_156,B_lexical,cf78b137-15da-4de4-a2b0-456ec019c716,completed,generated_released,True,8152.887,8133.595,9.943,0.024,1322.964,4423680.0
Sparkov,FOLLOWUP_SPARKOV_159,B_dense,da15d961-3b5a-4264-9356-9a16aef4dd2a,completed,generated_released,True,10777.217,10242.116,525.241,0.026,1690.921,671744.0
Sparkov,FOLLOWUP_SPARKOV_153,B_lexical,dc6a17ac-de3c-4d65-acb7-72a2276c577f,completed,generated_released,True,7685.18,7666.375,9.662,0.013,1271.502,917504.0
Sparkov,FOLLOWUP_SPARKOV_160,A_direct,dccea67f-e9de-4f09-babf-01f1cfa1d46b,completed,generated_released,True,6366.829,6357.96,0.0,0.013,1491.927,688128.0
Sparkov,FOLLOWUP_SPARKOV_157,C_lexical,e1fa78c7-735c-4577-8ab9-22f0151c6c53,suppressed,pre_generation_suppressed,False,18.603,,9.559,,0.0,0.0
Sparkov,FOLLOWUP_SPARKOV_156,A_direct,e3109a0d-a881-40b8-89c6-848616e138d1,completed,generated_released,True,6985.376,6976.241,0.0,0.016,2117.869,1114112.0
Sparkov,FOLLOWUP_SPARKOV_155,C_lexical,e4580214-c63f-48fe-bfe7-3a4d2091f24e,suppressed,pre_generation_suppressed,False,18.896,,9.651,,0.0,0.0
Sparkov,FOLLOWUP_SPARKOV_156,C_lexical,e9eaab63-70fa-473d-8b4f-ef3f386202a3,suppressed,pre_generation_suppressed,False,18.6,,9.584,,0.0,0.0
Sparkov,FOLLOWUP_SPARKOV_153,C_lexical,f07d9c43-c3b8-4630-9259-d5d3375e0c68,suppressed,pre_generation_suppressed,False,19.049,,9.587,,0.0,0.0
Sparkov,FOLLOWUP_SPARKOV_151,A_direct,f8141851-d5f0-4a38-994b-67df4f89f8b4,completed,generated_released,True,7229.723,7220.181,0.0,0.015,1673.915,1081344.0
Sparkov,FOLLOWUP_SPARKOV_154,B_lexical,fb11b84f-3118-4266-9a4d-6be07b651647,completed,generated_released,True,10979.376,10960.363,9.652,0.013,1874.123,966656.0
Sparkov,FOLLOWUP_SPARKOV_156,C_dense,ff7c835c-6c9b-432d-8cb8-4a34491c9eee,suppressed,pre_generation_suppressed,False,14.746,,6.304,,0.0,0.0
Sparkov,FOLLOWUP_SPARKOV_161,B_lexical,000c5781-aafb-4e9b-a205-7215f8dab1fe,completed,generated_released,True,10428.845,10409.63,9.669,0.013,1848.199,425984.0
Sparkov,FOLLOWUP_SPARKOV_161,C_dense,0178d84b-08b6-4a0a-bef8-4b6581b9d90a,suppressed,pre_generation_suppressed,False,14.386,,5.862,,0.0,0.0
Sparkov,FOLLOWUP_SPARKOV_164,B_dense,0df65796-654f-4ed0-ab9a-920637512c5f,completed,generated_released,True,11909.786,11887.758,11.452,0.023,2137.419,1507328.0
Sparkov,FOLLOWUP_SPARKOV_169,C_dense,0ee0ff52-e050-451d-9a01-604c343d7a2a,suppressed,pre_generation_suppressed,False,301.231,,292.004,,0.0,0.0
Sparkov,FOLLOWUP_SPARKOV_167,D_hybrid,1128ce4b-7bb5-44cc-882b-d414927313c5,suppressed,pre_generation_suppressed,False,23.561,,14.867,,0.0,0.0
Sparkov,FOLLOWUP_SPARKOV_170,C_dense,1a671c35-351e-4f1b-a46b-d9ff1e89eb40,suppressed,pre_generation_suppressed,False,14.422,,5.838,,0.0,0.0
Sparkov,FOLLOWUP_SPARKOV_164,C_lexical,1e4c5b8f-d6aa-4af8-812b-4392769bf25a,suppressed,pre_generation_suppressed,False,19.777,,9.852,,0.0,0.0
Sparkov,FOLLOWUP_SPARKOV_161,B_dense,1f88c5ba-13db-4198-b624-49040354334c,completed,generated_released,True,9561.492,9546.674,5.146,0.024,1670.449,917504.0
Sparkov,FOLLOWUP_SPARKOV_163,B_lexical,24968df1-6c0d-4c5c-addd-d528f7b08a53,completed,generated_released,True,10349.268,10328.277,9.781,0.019,1849.563,5111808.0
Sparkov,FOLLOWUP_SPARKOV_166,A_direct,27a5d2bd-b4ff-4a01-8359-06a430bd58cb,completed,generated_released,True,48986.366,48977.429,0.0,0.015,6956.234,-7225344.0
Sparkov,FOLLOWUP_SPARKOV_163,D_hybrid,28d34ce1-c536-44ea-983d-7ff912e0747b,suppressed,pre_generation_suppressed,False,23.51,,14.585,,0.0,0.0
Sparkov,FOLLOWUP_SPARKOV_167,B_lexical,2af5cfbb-b43e-47e1-b2b2-bdfd5dafbc88,completed,generated_released,True,12074.792,12053.386,9.612,0.014,2154.236,5849088.0
Sparkov,FOLLOWUP_SPARKOV_162,A_direct,2c1e5b29-d552-4d2a-a055-4e2f4d0c6657,completed,generated_released,True,38239.053,38230.463,0.0,0.015,6116.262,-9404416.0
Sparkov,FOLLOWUP_SPARKOV_165,C_lexical,2c533967-6a75-4f5e-a0a3-349515bebe04,suppressed,pre_generation_suppressed,False,18.665,,9.648,,0.0,0.0
Sparkov,FOLLOWUP_SPARKOV_164,A_direct,34aa14cf-b92a-4538-a2ad-b3a82610941c,completed,generated_released,True,32043.164,32033.939,0.0,0.02,6324.214,-7438336.0
Sparkov,FOLLOWUP_SPARKOV_165,A_direct,35805879-de21-491e-8207-f5aa45ccd201,completed,generated_released,True,7741.013,7732.144,0.0,0.015,2812.109,-4456448.0
Sparkov,FOLLOWUP_SPARKOV_165,B_dense,37f69939-4b3d-4fb1-9d9b-c0a116c7e6ab,completed,generated_released,True,7887.184,7872.402,5.2,0.017,1354.861,3850240.0
Sparkov,FOLLOWUP_SPARKOV_166,C_lexical,4670604a-7e2a-4dfa-9685-4342a8f78480,suppressed,pre_generation_suppressed,False,18.511,,9.589,,0.0,0.0
Sparkov,FOLLOWUP_SPARKOV_168,C_lexical,4939eb4c-a95e-44e4-aa96-d52359516384,suppressed,pre_generation_suppressed,False,19.17,,9.692,,0.0,0.0
Sparkov,FOLLOWUP_SPARKOV_167,C_lexical,51ff0b4c-5e62-4125-bb24-1b2527a81d35,suppressed,pre_generation_suppressed,False,19.287,,9.589,,0.0,0.0
Sparkov,FOLLOWUP_SPARKOV_166,B_lexical,574544e2-d043-4c79-af4e-e79b4faf0c36,completed,generated_released,True,10193.142,10170.894,9.785,0.02,1766.332,5586944.0
Sparkov,FOLLOWUP_SPARKOV_169,B_dense,5e259124-f4a5-4fb2-80f9-13689339dad1,completed,generated_released,True,10093.051,10075.665,7.983,0.013,1768.805,2867200.0
Sparkov,FOLLOWUP_SPARKOV_166,C_dense,60a0004c-cf26-49b5-9803-6815003e6a75,suppressed,pre_generation_suppressed,False,14.044,,5.581,,0.0,0.0
Sparkov,FOLLOWUP_SPARKOV_162,B_dense,612ae0ca-bc0c-4ef9-ac7a-9e55f414b8b9,completed,generated_released,True,9779.226,9759.146,10.368,0.013,1712.063,1605632.0
Sparkov,FOLLOWUP_SPARKOV_167,C_dense,6249db13-6373-4933-a459-0b52687a2a75,suppressed,pre_generation_suppressed,False,14.635,,5.585,,0.0,0.0
Sparkov,FOLLOWUP_SPARKOV_164,C_dense,631eac48-9807-4c61-94de-2171bddbd4c6,suppressed,pre_generation_suppressed,False,16.264,,7.244,,0.0,0.0
Sparkov,FOLLOWUP_SPARKOV_162,C_lexical,63280a12-7957-4743-8c5e-e209e360af9d,suppressed,pre_generation_suppressed,False,18.814,,9.561,,0.0,0.0
Sparkov,FOLLOWUP_SPARKOV_163,B_dense,63967436-e006-4d9a-8664-6092fceeb420,completed,generated_released,True,10190.042,10175.535,5.191,0.013,1794.529,1409024.0
Sparkov,FOLLOWUP_SPARKOV_169,A_direct,63e11871-8d27-4180-a9e3-3dd22a36dda7,completed,generated_released,True,8771.848,8762.273,0.0,0.518,2304.928,-390086656.0
Sparkov,FOLLOWUP_SPARKOV_170,B_dense,64736892-29da-49f9-b43f-094cbab6bb79,completed,generated_released,True,11133.141,11118.277,5.146,0.018,1979.654,4079616.0
Sparkov,FOLLOWUP_SPARKOV_166,B_dense,6e50efe9-ed9f-4590-820f-86e603355571,completed,generated_released,True,8771.471,8755.416,6.537,0.022,1529.046,1703936.0
Sparkov,FOLLOWUP_SPARKOV_165,C_dense,72f8ea89-e9f9-4200-a908-a553a96aa6ee,suppressed,pre_generation_suppressed,False,14.562,,5.952,,0.0,0.0
Sparkov,FOLLOWUP_SPARKOV_164,B_lexical,731fcbff-67ac-4a4d-846b-85305d217aec,completed,generated_released,True,8800.091,8779.423,9.569,0.012,1515.833,327680.0
Sparkov,FOLLOWUP_SPARKOV_166,D_hybrid,75a0cd6f-67c9-4298-b40f-9172270e5543,suppressed,pre_generation_suppressed,False,28.486,,20.032,,0.0,0.0
Sparkov,FOLLOWUP_SPARKOV_163,C_lexical,78e73dfe-049c-40a7-b557-f2d30eaca0f2,suppressed,pre_generation_suppressed,False,19.947,,9.654,,0.0,0.0
Sparkov,FOLLOWUP_SPARKOV_170,B_lexical,832461ea-38b9-4153-880e-3f9233d26e04,completed,generated_released,True,8389.436,8367.333,10.344,0.013,1458.0,2490368.0
Sparkov,FOLLOWUP_SPARKOV_170,A_direct,8571c1ee-6a0d-49e7-907d-15e04134e8db,completed,generated_released,True,16449.073,16440.316,0.0,0.017,4231.592,-43073536.0
Sparkov,FOLLOWUP_SPARKOV_167,B_dense,89cb644d-b97d-475c-a810-4c8f73026376,completed,generated_released,True,10429.938,10413.579,5.008,0.016,1859.531,5292032.0
Sparkov,FOLLOWUP_SPARKOV_169,D_hybrid,8e782ed0-cdd6-41d9-8933-83ebc891a8c8,suppressed,pre_generation_suppressed,False,28.635,,19.614,,0.0,0.0
Sparkov,FOLLOWUP_SPARKOV_161,A_direct,94ef0eee-cfbe-4512-b953-1b5a373b09e0,completed,generated_released,True,8166.557,8157.332,0.0,0.015,2460.822,786432.0
Sparkov,FOLLOWUP_SPARKOV_168,B_lexical,9cb2e92a-be71-447c-a37a-610041d9f2a4,completed,generated_released,True,8571.822,8553.098,9.522,0.014,1475.242,-3489792.0
Sparkov,FOLLOWUP_SPARKOV_168,C_dense,a6389710-2739-4c23-82a9-ad5577278465,suppressed,pre_generation_suppressed,False,14.336,,5.786,,0.0,0.0
Sparkov,FOLLOWUP_SPARKOV_168,D_hybrid,b5514548-186d-474c-bbea-333c8dbfb955,suppressed,pre_generation_suppressed,False,23.893,,15.246,,0.0,0.0
Sparkov,FOLLOWUP_SPARKOV_162,D_hybrid,ba66f515-0887-4be3-87ae-4b03c9b44fb4,suppressed,pre_generation_suppressed,False,24.05,,15.403,,0.0,0.0
Sparkov,FOLLOWUP_SPARKOV_162,C_dense,c11bf754-1f17-4cc3-9917-d573579c6048,suppressed,pre_generation_suppressed,False,14.68,,5.589,,0.0,0.0
Sparkov,FOLLOWUP_SPARKOV_164,D_hybrid,c48b20e9-2fdb-46b4-8495-e6fbdc901f0f,suppressed,pre_generation_suppressed,False,27.545,,17.379,,0.0,0.0
Sparkov,FOLLOWUP_SPARKOV_168,B_dense,cba42763-e0ed-4ed8-a70b-d3039f935546,completed,generated_released,True,10405.375,10389.697,5.954,0.019,1852.26,163840.0
Sparkov,FOLLOWUP_SPARKOV_165,B_lexical,cd487e04-babf-4e5c-b250-251ec03750f9,completed,generated_released,True,9649.24,9630.047,9.593,0.016,1685.953,3751936.0
Sparkov,FOLLOWUP_SPARKOV_167,A_direct,cdaa2547-5ad5-4053-95a3-cb921296a1db,completed,generated_released,True,16517.919,16508.518,0.0,0.015,4381.448,-66224128.0
Sparkov,FOLLOWUP_SPARKOV_161,C_lexical,d1efb9fd-76a8-4c4a-aed7-d0abc9f20e75,suppressed,pre_generation_suppressed,False,18.706,,9.611,,0.0,0.0
Sparkov,FOLLOWUP_SPARKOV_170,D_hybrid,dd893f47-caef-473e-9d1f-90b43407da85,suppressed,pre_generation_suppressed,False,25.696,,16.278,,0.0,0.0
Sparkov,FOLLOWUP_SPARKOV_169,C_lexical,eaae5719-b5d1-493d-af6a-e2502d3784f7,suppressed,pre_generation_suppressed,False,18.5,,9.475,,0.0,0.0
Sparkov,FOLLOWUP_SPARKOV_168,A_direct,ec673d7e-6d94-40ff-a3ed-70808fb87020,completed,generated_released,True,11703.246,11694.084,0.0,0.022,3706.579,-1146880.0
Sparkov,FOLLOWUP_SPARKOV_162,B_lexical,ec6e5682-dd12-4f2b-934e-fb6faf8ad03b,completed,generated_released,True,10356.063,10336.726,9.878,0.013,1745.583,4456448.0
Sparkov,FOLLOWUP_SPARKOV_161,D_hybrid,f0bbcec3-fb79-490c-bd7d-ec85fc029abf,suppressed,pre_generation_suppressed,False,23.531,,14.826,,0.0,0.0
Sparkov,FOLLOWUP_SPARKOV_169,B_lexical,f584e3da-6ee0-4fab-90be-a7e2ff21caeb,completed,generated_released,True,12484.669,12456.346,11.575,0.038,2204.298,9764864.0
Sparkov,FOLLOWUP_SPARKOV_163,A_direct,f8017815-d032-4487-8ec2-5a56c2803ed5,completed,generated_released,True,10414.776,10405.929,0.0,0.014,3212.05,-5341184.0
Sparkov,FOLLOWUP_SPARKOV_170,C_lexical,fc200f01-e313-48e7-b31c-e1403f59627d,suppressed,pre_generation_suppressed,False,19.463,,9.787,,0.0,0.0
Sparkov,FOLLOWUP_SPARKOV_165,D_hybrid,fddc876a-fa61-4c38-8c6b-2f130773d990,suppressed,pre_generation_suppressed,False,26.239,,17.685,,0.0,0.0
Sparkov,FOLLOWUP_SPARKOV_163,C_dense,fde405c7-5a8b-42ac-a875-a62569861d53,suppressed,pre_generation_suppressed,False,18.114,,6.545,,0.0,0.0
Sparkov,FOLLOWUP_SPARKOV_178,C_lexical,02123edb-be38-4cf8-8b6c-0673cb25393f,suppressed,pre_generation_suppressed,False,19.822,,9.85,,0.0,0.0
Sparkov,FOLLOWUP_SPARKOV_177,C_lexical,0530d298-fbdf-4a5f-9f5c-1da7bc1b5976,suppressed,pre_generation_suppressed,False,19.639,,9.859,,0.0,0.0
Sparkov,FOLLOWUP_SPARKOV_178,C_dense,0b36af4b-df4a-4239-9ea6-77b7942364b7,suppressed,pre_generation_suppressed,False,15.321,,5.854,,0.0,0.0
Sparkov,FOLLOWUP_SPARKOV_173,A_direct,15c7234d-3818-4e4b-9ec8-2eb9933bcd51,completed,generated_released,True,6477.516,6468.382,0.0,0.013,1387.162,65536.0
Sparkov,FOLLOWUP_SPARKOV_171,B_lexical,1753cb06-9d29-4449-a6c1-be5874550efc,completed,generated_released,True,12717.157,12698.246,9.665,0.024,1897.007,-557056.0
Sparkov,FOLLOWUP_SPARKOV_175,C_lexical,28dea4a9-10fc-4832-8b6e-893bb38d5419,suppressed,pre_generation_suppressed,False,18.49,,9.548,,0.0,0.0
Sparkov,FOLLOWUP_SPARKOV_180,A_direct,3c35e070-50d5-45df-ab3a-4d8c09e67fd5,completed,generated_released,True,7052.196,7043.201,0.0,0.011,1368.521,1261568.0
Sparkov,FOLLOWUP_SPARKOV_180,B_lexical,3d869971-e62b-4489-a645-aff53c152b0b,completed,generated_released,True,9289.452,9270.781,9.61,0.015,1393.416,180224.0
Sparkov,FOLLOWUP_SPARKOV_176,C_dense,429ee8e1-d7c5-4278-b2ce-ddff77c1310e,suppressed,pre_generation_suppressed,False,21.686,,12.518,,0.0,0.0
Sparkov,FOLLOWUP_SPARKOV_171,A_direct,42c877cb-986d-482c-a98e-cbd7ab233d20,completed,generated_released,True,8587.642,8578.158,0.0,0.014,1742.043,720896.0
Sparkov,FOLLOWUP_SPARKOV_172,C_dense,43edd9a3-6599-4af9-aba4-542749ada8a6,suppressed,pre_generation_suppressed,False,14.727,,5.184,,0.0,0.0
Sparkov,FOLLOWUP_SPARKOV_175,B_dense,4743a665-bb0f-4b4a-8e29-772d07207848,completed,generated_released,True,11396.018,11381.489,4.946,0.031,1842.514,-2277376.0
Sparkov,FOLLOWUP_SPARKOV_177,D_hybrid,52199492-1098-4712-978a-a3115829a0fd,suppressed,pre_generation_suppressed,False,23.803,,15.058,,0.0,0.0
Sparkov,FOLLOWUP_SPARKOV_177,C_dense,53275c58-a8f8-48c2-a64e-81e4b6054b63,suppressed,pre_generation_suppressed,False,14.392,,5.157,,0.0,0.0
Sparkov,FOLLOWUP_SPARKOV_176,A_direct,58fdbcf7-f385-40b6-a175-296922667c66,completed,generated_released,True,6496.571,6486.685,0.0,0.012,1380.339,1064960.0
Sparkov,FOLLOWUP_SPARKOV_173,D_hybrid,5a05eb2a-59e1-427d-97bb-5a65195ef088,suppressed,pre_generation_suppressed,False,23.328,,14.611,,0.0,0.0
Sparkov,FOLLOWUP_SPARKOV_173,B_dense,5b9f9de7-c758-4264-987e-b125306bf5b7,completed,generated_released,True,8340.973,8324.808,5.459,0.021,1316.153,507904.0
Sparkov,FOLLOWUP_SPARKOV_177,A_direct,5bb92a7b-3187-40b5-99b8-47fb86a6be38,completed,generated_released,True,7772.696,7763.928,0.0,0.012,1510.543,819200.0
Sparkov,FOLLOWUP_SPARKOV_179,D_hybrid,5be029a7-aec8-4ea3-b199-9292f36db39c,suppressed,pre_generation_suppressed,False,29.019,,19.166,,0.0,0.0
Sparkov,FOLLOWUP_SPARKOV_179,C_lexical,639dd3db-295d-46e4-b247-f34180dea5b1,suppressed,pre_generation_suppressed,False,142.435,,54.948,,0.0,0.0
Sparkov,FOLLOWUP_SPARKOV_178,B_dense,67ae2a09-4c2e-4fbb-8f2f-df104dd4bc07,completed,generated_released,True,10443.162,10426.056,7.773,0.017,1578.529,622592.0
Sparkov,FOLLOWUP_SPARKOV_178,A_direct,6d5f2883-a053-4941-a2c3-7999849f1582,completed,generated_released,True,5523.357,5514.127,0.0,0.015,1099.004,81920.0
Sparkov,FOLLOWUP_SPARKOV_174,B_dense,73b4d3e2-3991-4a84-87a6-7aefc7a36405,completed,generated_released,True,10947.364,10930.823,5.198,0.015,1623.968,-950272.0
Sparkov,FOLLOWUP_SPARKOV_178,B_lexical,7468c0eb-c019-4b0e-baaa-4bbbac7783f5,completed,generated_released,True,11394.413,11374.683,9.678,0.022,1657.082,-2850816.0
Sparkov,FOLLOWUP_SPARKOV_173,C_dense,7714825f-ce93-4ce5-9a77-713333df32d5,suppressed,pre_generation_suppressed,False,14.063,,5.642,,0.0,0.0
Sparkov,FOLLOWUP_SPARKOV_177,B_lexical,78bbe5c4-7325-440f-9e3d-852288a2c601,completed,generated_released,True,12486.156,12467.438,9.567,0.019,1809.353,1228800.0
Sparkov,FOLLOWUP_SPARKOV_175,C_dense,791799f9-7c72-4602-92bc-8c53f77626ac,suppressed,pre_generation_suppressed,False,15.446,,6.673,,0.0,0.0
Sparkov,FOLLOWUP_SPARKOV_172,D_hybrid,7e686ccf-7fe0-41b6-af10-99fd20a21170,suppressed,pre_generation_suppressed,False,28.045,,18.385,,0.0,0.0
Sparkov,FOLLOWUP_SPARKOV_179,B_dense,85e1eb03-ce2b-45fe-8a94-43b678032d2b,completed,generated_released,True,90451.019,90137.978,296.697,2.388,15813.194,-643465216.0
Sparkov,FOLLOWUP_SPARKOV_176,B_dense,8807fa44-d952-479e-acf8-dcc58cc334cb,completed,generated_released,True,6870.934,6855.217,6.071,0.013,1050.498,1458176.0
Sparkov,FOLLOWUP_SPARKOV_174,C_dense,89e1f923-b170-445c-87c5-d61e716ae3b4,suppressed,pre_generation_suppressed,False,15.808,,6.088,,0.0,0.0
Sparkov,FOLLOWUP_SPARKOV_175,A_direct,8bef443f-4fb1-4012-b264-5cdee990c85a,completed,generated_released,True,6518.862,6510.041,0.0,0.013,1413.327,573440.0
Sparkov,FOLLOWUP_SPARKOV_174,A_direct,8db84629-ab58-4e08-be3d-b8d20950f753,completed,generated_released,True,6476.953,6468.089,0.0,0.031,1419.445,606208.0
Sparkov,FOLLOWUP_SPARKOV_175,B_lexical,95861c3d-e54f-40c6-9976-644ef57fc929,completed,generated_released,True,8699.032,8680.374,9.564,0.021,1253.118,704512.0
Sparkov,FOLLOWUP_SPARKOV_174,B_lexical,9b439ce7-41b2-40b9-91bc-52b6430e3b3c,completed,generated_released,True,9978.172,9958.969,9.718,0.02,1608.268,-2473984.0
Sparkov,FOLLOWUP_SPARKOV_178,D_hybrid,9d354afc-b285-4570-811a-07442e65adcd,suppressed,pre_generation_suppressed,False,27.48,,17.019,,0.0,0.0
Sparkov,FOLLOWUP_SPARKOV_176,D_hybrid,9f3d88aa-543b-4db2-9020-c5f263b9ca02,suppressed,pre_generation_suppressed,False,23.906,,15.012,,0.0,0.0
Sparkov,FOLLOWUP_SPARKOV_172,B_lexical,a00746e2-e0db-4bb3-aef1-e10c72f3d35a,completed,generated_released,True,13221.473,13201.725,9.837,0.022,1948.974,950272.0
Sparkov,FOLLOWUP_SPARKOV_180,C_dense,a29fe73d-71c6-43c9-b71f-5391bbec8c01,suppressed,pre_generation_suppressed,False,14.395,,5.658,,0.0,0.0
Sparkov,FOLLOWUP_SPARKOV_172,B_dense,a486a122-276e-464a-9029-a9a6f5c07541,completed,generated_released,True,10188.567,10170.579,7.067,0.014,1581.401,3588096.0
Sparkov,FOLLOWUP_SPARKOV_174,D_hybrid,a4a7b3f8-37c3-4d4a-8db1-2ba20cdef2bc,suppressed,pre_generation_suppressed,False,23.452,,14.513,,0.0,0.0
Sparkov,FOLLOWUP_SPARKOV_180,C_lexical,ae8e4ba8-e8e5-4549-9f57-46350650e28b,suppressed,pre_generation_suppressed,False,19.009,,9.55,,0.0,0.0
Sparkov,FOLLOWUP_SPARKOV_173,B_lexical,b05846cd-78df-48a2-bdc8-3dbf94f65585,completed,generated_released,True,8071.182,8052.431,9.53,0.014,1226.934,98304.0
Sparkov,FOLLOWUP_SPARKOV_171,B_dense,ba3a98f5-f20e-4d99-9b9f-34dc05445701,completed,generated_released,True,11356.477,11339.919,4.982,0.02,1691.122,3686400.0
Sparkov,FOLLOWUP_SPARKOV_172,C_lexical,bb907ae1-3148-4db6-b3f9-ec06ea071dfb,suppressed,pre_generation_suppressed,False,18.991,,9.713,,0.0,0.0
Sparkov,FOLLOWUP_SPARKOV_174,C_lexical,c7172455-520a-4902-846f-546b37bce206,suppressed,pre_generation_suppressed,False,19.583,,9.741,,0.0,0.0
Sparkov,FOLLOWUP_SPARKOV_172,A_direct,d28cc3a9-3223-448d-b2df-1546bff7cf4c,completed,generated_released,True,7910.118,7900.418,0.0,0.016,1499.987,737280.0
Sparkov,FOLLOWUP_SPARKOV_180,B_dense,d348ed57-0b02-44d3-af20-6bf78f4497f9,completed,generated_released,True,10487.94,10467.472,10.923,0.015,1492.396,1048576.0
Sparkov,FOLLOWUP_SPARKOV_171,D_hybrid,d40b9d27-9d9b-44a4-a9fc-629a0c025a6a,suppressed,pre_generation_suppressed,False,23.801,,14.869,,0.0,0.0
Sparkov,FOLLOWUP_SPARKOV_177,B_dense,d8fa6c61-daba-4e9d-a3c9-5a4dd2607b81,completed,generated_released,True,12097.872,12082.294,5.947,0.022,1781.577,933888.0
Sparkov,FOLLOWUP_SPARKOV_171,C_lexical,e03bffce-c2a3-4c37-b1d3-ef2b6f7d87b7,suppressed,pre_generation_suppressed,False,19.444,,9.846,,0.0,0.0
Sparkov,FOLLOWUP_SPARKOV_179,A_direct,e0cb6067-1ad0-41c0-8e94-50be94b6f548,completed,generated_released,True,6327.313,6315.955,0.0,0.017,1329.27,15826944.0
Sparkov,FOLLOWUP_SPARKOV_179,B_lexical,e0e9bbb0-6ac1-41ce-87d1-ac1ae63c2cdb,completed,generated_released,True,9385.774,9363.59,9.563,0.013,1468.144,6815744.0
Sparkov,FOLLOWUP_SPARKOV_176,B_lexical,e5c0a4d3-ea7a-4d23-b38a-e7257ba5d7ac,completed,generated_released,True,11122.477,11103.153,9.683,0.013,1766.221,4145152.0
Sparkov,FOLLOWUP_SPARKOV_175,D_hybrid,e71af7ef-2cd9-4c59-b00d-34576158b70b,suppressed,pre_generation_suppressed,False,25.011,,16.065,,0.0,0.0
Sparkov,FOLLOWUP_SPARKOV_180,D_hybrid,e73ebd1e-1267-4b9c-bb3a-eceffb0524a4,suppressed,pre_generation_suppressed,False,23.314,,14.63,,0.0,0.0
Sparkov,FOLLOWUP_SPARKOV_179,C_dense,ee662c28-68c2-412f-b1ba-73a609ed9e99,suppressed,pre_generation_suppressed,False,75.043,,65.256,,0.0,0.0
Sparkov,FOLLOWUP_SPARKOV_173,C_lexical,f9944036-b7bb-4533-a471-84ccc1df85bf,suppressed,pre_generation_suppressed,False,19.574,,9.548,,0.0,0.0
Sparkov,FOLLOWUP_SPARKOV_176,C_lexical,fde39ef7-0050-4fa5-82c1-e2d33ce9d0a5,suppressed,pre_generation_suppressed,False,19.557,,9.529,,0.0,0.0
Sparkov,FOLLOWUP_SPARKOV_171,C_dense,ff6716cd-4d87-4f68-adbc-c896a6a1484c,suppressed,pre_generation_suppressed,False,19.035,,9.881,,0.0,0.0
Sparkov,FOLLOWUP_SPARKOV_184,B_lexical,03f53032-4dab-4842-b33a-2e325503ecc8,completed,generated_released,True,12219.756,12198.926,9.56,0.021,1996.799,3817472.0
Sparkov,FOLLOWUP_SPARKOV_181,B_lexical,0938ecb4-a553-4bb6-8bb5-9f67a06e657c,completed,generated_released,True,8231.824,8210.968,9.465,0.013,1319.047,-114688.0
Sparkov,FOLLOWUP_SPARKOV_188,B_dense,0d7b7293-31fa-45c4-a6be-1189dbabca61,completed,generated_released,True,10794.944,10779.608,5.573,0.014,1768.681,704512.0
Sparkov,FOLLOWUP_SPARKOV_181,D_hybrid,162799c7-0930-42ab-b340-484b607f6d51,suppressed,pre_generation_suppressed,False,24.619,,15.445,,0.0,0.0
Sparkov,FOLLOWUP_SPARKOV_185,A_direct,16ef4884-9e98-458e-8ea0-d535ff4c548a,completed,generated_released,True,68630.409,68621.155,0.0,0.02,9942.524,-3244032.0
Sparkov,FOLLOWUP_SPARKOV_185,C_dense,1a8fc604-269d-48b1-afed-8f8dd831c850,suppressed,pre_generation_suppressed,False,15.009,,6.543,,0.0,0.0
Sparkov,FOLLOWUP_SPARKOV_188,B_lexical,1d415446-01ab-48e5-b23e-af0219d947d2,completed,generated_released,True,10019.932,9996.619,9.614,0.019,1587.646,3014656.0
Sparkov,FOLLOWUP_SPARKOV_181,C_dense,227ad282-ffd3-4c21-bd32-57e3c1863837,suppressed,pre_generation_suppressed,False,14.399,,5.393,,0.0,0.0
Sparkov,FOLLOWUP_SPARKOV_183,D_hybrid,3607cbe3-57fa-4d1c-84e5-da419d75e2ad,suppressed,pre_generation_suppressed,False,26.671,,18.01,,0.0,0.0
Sparkov,FOLLOWUP_SPARKOV_187,A_direct,37001e54-037e-4afd-9910-a6037e937fb4,completed,generated_released,True,66534.276,66525.475,0.0,0.013,9641.042,-2834432.0
Sparkov,FOLLOWUP_SPARKOV_182,B_lexical,3fe80a32-daa0-41fa-bd68-c9b91e18151b,completed,generated_released,True,14252.988,14232.229,9.554,0.013,2440.262,4358144.0
Sparkov,FOLLOWUP_SPARKOV_184,C_lexical,41961bad-1ec7-42b9-8d7f-469137cc6d09,suppressed,pre_generation_suppressed,False,20.443,,10.019,,0.0,0.0
Sparkov,FOLLOWUP_SPARKOV_182,A_direct,4389bbac-b5af-45f6-9ef3-9977205112b1,completed,generated_released,True,39033.273,39024.499,0.0,0.024,6641.419,-3702784.0
Sparkov,FOLLOWUP_SPARKOV_189,C_lexical,4a810ae5-2833-4124-8ec2-45e8fc2c1279,suppressed,pre_generation_suppressed,False,18.944,,9.645,,0.0,0.0
Sparkov,FOLLOWUP_SPARKOV_186,A_direct,4cf339ae-363f-4416-b1ae-894fab7d6847,completed,generated_released,True,50398.692,50389.678,0.0,0.014,8130.468,-21413888.0
Sparkov,FOLLOWUP_SPARKOV_189,D_hybrid,4e9a7b6b-307e-4e6d-babe-20da3a83ef8b,suppressed,pre_generation_suppressed,False,26.81,,17.865,,0.0,0.0
Sparkov,FOLLOWUP_SPARKOV_186,C_lexical,514444a0-986a-4494-b5ee-3f5e723a4a1a,suppressed,pre_generation_suppressed,False,19.12,,9.736,,0.0,0.0
Sparkov,FOLLOWUP_SPARKOV_183,C_dense,52bdba09-55a5-4302-9b5f-e5b702162c58,suppressed,pre_generation_suppressed,False,15.052,,6.206,,0.0,0.0
Sparkov,FOLLOWUP_SPARKOV_182,C_dense,5559da9c-4260-4dcf-9031-2fd2acc64ece,suppressed,pre_generation_suppressed,False,14.3,,5.858,,0.0,0.0
Sparkov,FOLLOWUP_SPARKOV_189,B_lexical,5bb4c5a8-2f72-4b82-ace7-ca02c0104a0c,completed,generated_released,True,10330.42,10297.727,20.274,0.02,1543.796,-1605632.0
Sparkov,FOLLOWUP_SPARKOV_185,B_lexical,5cee33dc-3906-4205-8324-8776e19c978e,completed,generated_released,True,10335.187,10317.033,9.53,0.019,1658.47,819200.0
Sparkov,FOLLOWUP_SPARKOV_185,B_dense,5d7488f3-e5de-4bdc-892e-ba232d5ffc64,completed,generated_released,True,8525.857,8511.069,5.59,0.012,1384.837,737280.0
Sparkov,FOLLOWUP_SPARKOV_190,D_hybrid,5e0dc6b0-137d-4267-84d3-4ee2a95965fe,suppressed,pre_generation_suppressed,False,24.68,,16.038,,0.0,0.0
Sparkov,FOLLOWUP_SPARKOV_190,B_dense,698f30b3-fe1c-4604-99a9-a0c11c4cb967,completed,generated_released,True,9289.725,9274.71,5.42,0.013,1497.399,-2113536.0
Sparkov,FOLLOWUP_SPARKOV_188,A_direct,6f4c90e0-ab91-47d1-b55a-0fa2d7bb30fc,completed,generated_released,True,69282.576,69270.681,0.0,0.028,10150.9,147456.0
Sparkov,FOLLOWUP_SPARKOV_188,C_lexical,727f3654-7990-433a-aca0-d62513c9a879,suppressed,pre_generation_suppressed,False,20.241,,9.583,,0.0,0.0
Sparkov,FOLLOWUP_SPARKOV_182,D_hybrid,72eae820-8bf4-47ea-8f55-acfd5c5c5eec,suppressed,pre_generation_suppressed,False,26.596,,17.936,,0.0,0.0
Sparkov,FOLLOWUP_SPARKOV_181,A_direct,7342e99e-4310-4aae-8774-314fc013314f,completed,generated_released,True,66603.498,66594.088,0.0,0.013,9612.452,-4702208.0
Sparkov,FOLLOWUP_SPARKOV_184,A_direct,79cf3d24-1ab1-45c0-ae98-c252944e98c3,completed,generated_released,True,58709.603,58700.16,0.0,0.019,8900.46,-278528.0
Sparkov,FOLLOWUP_SPARKOV_183,C_lexical,7cde864b-3356-41fe-b10d-70d1c767fac0,suppressed,pre_generation_suppressed,False,19.347,,9.663,,0.0,0.0
Sparkov,FOLLOWUP_SPARKOV_190,B_lexical,86bd89d1-ef95-4d27-922c-20d47dd7c333,completed,generated_released,True,8159.2,8137.555,9.904,0.014,1265.795,4341760.0
Sparkov,FOLLOWUP_SPARKOV_190,C_lexical,8bb33397-4aaa-495e-b4c5-fad5d546049b,suppressed,pre_generation_suppressed,False,18.785,,9.621,,0.0,0.0
Sparkov,FOLLOWUP_SPARKOV_189,B_dense,8d5eb1ea-456f-4c29-8022-11bf0c1831ce,completed,generated_released,True,13371.122,13023.622,337.965,0.013,2016.898,-393216.0
Sparkov,FOLLOWUP_SPARKOV_187,B_dense,8e253d22-4429-4190-a97a-0083b7ef659e,completed,generated_released,True,8167.386,8150.724,7.238,0.011,1300.539,393216.0
Sparkov,FOLLOWUP_SPARKOV_185,C_lexical,9e03e366-2153-41f1-b614-7c306c24b58b,suppressed,pre_generation_suppressed,False,19.029,,9.615,,0.0,0.0
Sparkov,FOLLOWUP_SPARKOV_188,D_hybrid,9f144247-295b-4399-9415-94856156c95a,suppressed,pre_generation_suppressed,False,25.481,,16.138,,0.0,0.0
Sparkov,FOLLOWUP_SPARKOV_186,C_dense,a2a0d6bb-37d7-417d-b70d-9e94beff70a7,suppressed,pre_generation_suppressed,False,13.969,,5.235,,0.0,0.0
Sparkov,FOLLOWUP_SPARKOV_187,C_dense,a8e4e89d-069f-42f9-9dc1-92700121c7ca,suppressed,pre_generation_suppressed,False,20.283,,10.974,,0.0,0.0
Sparkov,FOLLOWUP_SPARKOV_186,B_lexical,af809f46-a78d-43e6-b7f0-f6181dcfceae,completed,generated_released,True,7296.29,7277.456,9.777,0.027,1049.561,950272.0
Sparkov,FOLLOWUP_SPARKOV_190,A_direct,afa65e76-e61b-44e9-a445-a8b5bc72a6cf,completed,generated_released,True,65446.577,65437.67,0.0,0.021,9650.098,-3948544.0
Sparkov,FOLLOWUP_SPARKOV_181,C_lexical,b81033e5-d18d-42d8-9e9d-7e416bfa683b,suppressed,pre_generation_suppressed,False,19.379,,9.803,,0.0,0.0
Sparkov,FOLLOWUP_SPARKOV_187,D_hybrid,b83e1125-5499-487f-915f-882905668d55,suppressed,pre_generation_suppressed,False,23.728,,14.755,,0.0,0.0
Sparkov,FOLLOWUP_SPARKOV_183,B_lexical,bfdfbd61-e999-4828-98f9-7eb1eb8e34d0,completed,generated_released,True,9322.595,9300.162,9.922,0.013,1468.221,4702208.0
Sparkov,FOLLOWUP_SPARKOV_184,B_dense,c23218fb-d089-4716-8d67-78fe08f6ece5,completed,generated_released,True,8962.842,8941.087,8.645,0.023,1479.816,1212416.0
Sparkov,FOLLOWUP_SPARKOV_187,B_lexical,c2bc1dac-b90f-43a4-b4f5-e3cd3a0b03eb,completed,generated_released,True,10970.137,10947.348,10.105,0.017,1735.365,4538368.0
Sparkov,FOLLOWUP_SPARKOV_186,B_dense,c371d73e-7fd3-4d61-8a48-252f0066fbc4,completed,generated_released,True,10391.934,10377.325,5.239,0.013,1611.097,835584.0
Sparkov,FOLLOWUP_SPARKOV_188,C_dense,c5a68cf8-7304-4d67-a6fc-4e17a24d14e3,suppressed,pre_generation_suppressed,False,14.481,,5.639,,0.0,0.0
Sparkov,FOLLOWUP_SPARKOV_184,C_dense,c64c1f80-5c5c-4b51-97e8-4b15e338d50f,suppressed,pre_generation_suppressed,False,14.006,,5.252,,0.0,0.0
Sparkov,FOLLOWUP_SPARKOV_189,A_direct,c78ea851-bd6f-4b13-85b2-a5d5d380fa0b,completed,generated_released,True,8066.047,8054.491,0.0,1.975,1968.478,-192102400.0
Sparkov,FOLLOWUP_SPARKOV_182,B_dense,c8a8c8cf-3b24-4f38-a8d4-53223c6d2349,completed,generated_released,True,10776.467,10761.481,5.258,0.014,1795.441,-1966080.0
Sparkov,FOLLOWUP_SPARKOV_185,D_hybrid,cd46f4f1-74f2-4f10-b19a-76a49d74d2c8,suppressed,pre_generation_suppressed,False,23.363,,14.722,,0.0,0.0
Sparkov,FOLLOWUP_SPARKOV_190,C_dense,ce5a6e63-dda2-44cc-a8d1-4fc1cfa7403e,suppressed,pre_generation_suppressed,False,13.859,,5.263,,0.0,0.0
Sparkov,FOLLOWUP_SPARKOV_184,D_hybrid,d04ba773-02e8-4b94-bae5-6b033baba6d1,suppressed,pre_generation_suppressed,False,24.171,,15.427,,0.0,0.0
Sparkov,FOLLOWUP_SPARKOV_183,B_dense,da80dadf-769e-43d4-8320-adaacf21028c,completed,generated_released,True,9346.136,9329.902,6.534,0.012,1495.521,1114112.0
Sparkov,FOLLOWUP_SPARKOV_181,B_dense,e03b0199-f23c-447b-99cf-9239d7932d0a,completed,generated_released,True,8144.035,8123.139,9.335,0.018,1287.795,3768320.0
Sparkov,FOLLOWUP_SPARKOV_182,C_lexical,e3276f3d-21ee-4585-a331-ef6609b4ff1b,suppressed,pre_generation_suppressed,False,18.538,,9.554,,0.0,0.0
Sparkov,FOLLOWUP_SPARKOV_183,A_direct,e37ab237-e2b4-474c-b4b9-481a8685643c,completed,generated_released,True,64848.888,64840.131,0.0,0.015,9363.948,-139771904.0
Sparkov,FOLLOWUP_SPARKOV_186,D_hybrid,eb4d5ed1-9839-4489-8ce5-bdb69d1ef940,suppressed,pre_generation_suppressed,False,25.917,,17.137,,0.0,0.0
Sparkov,FOLLOWUP_SPARKOV_189,C_dense,eb4fcb1e-bea8-4a0d-a61d-8344072b1ef8,suppressed,pre_generation_suppressed,False,13.867,,4.997,,0.0,0.0
Sparkov,FOLLOWUP_SPARKOV_187,C_lexical,f7e2396e-c97d-4d10-9b6e-7d3f8e05ee8d,suppressed,pre_generation_suppressed,False,18.547,,9.576,,0.0,0.0
Sparkov,FOLLOWUP_SPARKOV_196,B_dense,096655a9-db5a-4eae-b23b-8fcfdc1a4efd,completed,generated_released,True,11942.022,11925.694,4.949,1.751,1958.809,802816.0
Sparkov,FOLLOWUP_SPARKOV_197,B_lexical,0d66ab91-ab97-488b-9738-6d463eefab04,completed,generated_released,True,9117.774,9095.119,10.191,0.012,1455.798,3735552.0
Sparkov,FOLLOWUP_SPARKOV_194,B_lexical,0d85d4db-f0f6-4a8f-9901-90bcd3bdad64,completed,generated_released,True,10938.873,10917.552,9.467,0.012,1769.569,1720320.0
Sparkov,FOLLOWUP_SPARKOV_191,C_dense,0eb42328-3a68-40bc-8289-057e10709a0b,suppressed,pre_generation_suppressed,False,14.263,,5.107,,0.0,0.0
Sparkov,FOLLOWUP_SPARKOV_192,A_direct,10a61c8b-7636-4950-b374-0f42828d2cc4,completed,generated_released,True,64542.164,64532.793,0.0,0.017,9494.478,-5079040.0
Sparkov,FOLLOWUP_SPARKOV_198,D_hybrid,19e82b90-8cdd-4a7a-945d-037d9ee0a547,suppressed,pre_generation_suppressed,False,26.378,,16.552,,0.0,0.0
Sparkov,FOLLOWUP_SPARKOV_198,B_lexical,1fea9ee4-334e-4dbe-a760-d10e7397224c,completed,generated_released,True,10435.614,10415.983,9.9,0.028,1727.164,360448.0
Sparkov,FOLLOWUP_SPARKOV_197,C_lexical,2d7324a9-4af1-4410-b5ee-c2c2a23713c9,suppressed,pre_generation_suppressed,False,19.361,,9.864,,0.0,0.0
Sparkov,FOLLOWUP_SPARKOV_200,D_hybrid,38e410d5-aeb7-4a69-8bad-e65dba68f430,blocked,generated_blocked,True,8932.768,8908.353,15.254,0.024,1427.61,1032192.0
Sparkov,FOLLOWUP_SPARKOV_199,B_dense,424be383-8f28-4cb1-ae18-76adc0e29691,completed,generated_released,True,9739.194,9723.56,6.484,0.013,1583.834,3424256.0
Sparkov,FOLLOWUP_SPARKOV_199,A_direct,4b323d77-04fb-40c1-969a-c822b1a6adb8,completed,generated_released,True,7739.786,7730.459,0.0,0.084,1970.661,-431505408.0
Sparkov,FOLLOWUP_SPARKOV_200,C_dense,4e71e518-519b-407e-90b7-e393807745c5,blocked,generated_blocked,True,9512.109,9497.171,5.734,0.031,1553.099,1081344.0
Sparkov,FOLLOWUP_SPARKOV_197,D_hybrid,50050dd5-1d9c-4d3e-af6c-14fad305af0f,suppressed,pre_generation_suppressed,False,27.7,,18.114,,0.0,0.0
Sparkov,FOLLOWUP_SPARKOV_196,B_lexical,562f02ea-923b-4bdf-8cdc-6c0a5fd981ff,completed,generated_released,True,7681.913,7659.742,9.785,0.012,1165.134,4423680.0
Sparkov,FOLLOWUP_SPARKOV_194,B_dense,5876a7ee-bd76-49b4-b322-b2c59a608979,completed,generated_released,True,8431.41,8408.863,11.26,0.013,1281.906,1228800.0
Sparkov,FOLLOWUP_SPARKOV_198,A_direct,5a0d53c1-7cea-45c4-8323-ab5cfb62f993,completed,generated_released,True,70416.696,70407.122,0.0,0.019,9996.943,-4128768.0
Sparkov,FOLLOWUP_SPARKOV_195,B_lexical,62a8d1ed-2b38-4f36-970d-61e55575c865,completed,generated_released,True,9052.275,9031.322,9.634,0.019,1436.266,5193728.0
Sparkov,FOLLOWUP_SPARKOV_200,C_lexical,68480b5e-4c92-47ae-8893-1c33bfe57e2f,blocked,generated_blocked,True,9535.531,9511.785,9.631,4.502,1511.158,4620288.0
Sparkov,FOLLOWUP_SPARKOV_197,B_dense,70408c4d-8a19-49bb-a181-0245ec696f79,completed,generated_released,True,11759.426,11742.057,5.3,0.015,1916.953,3211264.0
Sparkov,FOLLOWUP_SPARKOV_192,B_lexical,71b129b5-5e57-4878-8683-5e331d869a59,completed,generated_released,True,10035.794,10015.696,10.156,0.023,1582.492,360448.0
Sparkov,FOLLOWUP_SPARKOV_193,C_lexical,72f30ab0-d35f-4e2e-bae3-6de19b5588fd,suppressed,pre_generation_suppressed,False,19.303,,9.784,,0.0,0.0
Sparkov,FOLLOWUP_SPARKOV_193,C_dense,7552a188-2696-4be6-b6ef-7c49e9be4d92,suppressed,pre_generation_suppressed,False,16.042,,6.23,,0.0,0.0
Sparkov,FOLLOWUP_SPARKOV_191,B_dense,7aba6724-56e8-412a-a0b0-3af12e61856b,completed,generated_released,True,12018.244,12002.41,5.812,0.019,2033.611,884736.0
Sparkov,FOLLOWUP_SPARKOV_199,C_lexical,89d5f50f-e515-4f39-8736-209fcd3304c7,suppressed,pre_generation_suppressed,False,19.014,,9.526,,0.0,0.0
Sparkov,FOLLOWUP_SPARKOV_192,C_lexical,8eeeb329-fb34-4e49-8308-ecbea8038f7d,suppressed,pre_generation_suppressed,False,19.001,,9.831,,0.0,0.0
Sparkov,FOLLOWUP_SPARKOV_195,A_direct,9276f52e-d47a-4f53-81d3-63f7ad4dcd7a,completed,generated_released,True,56765.727,56756.408,0.0,0.02,8016.036,-12222464.0
Sparkov,FOLLOWUP_SPARKOV_195,C_dense,92b20304-9140-4af3-86c0-27254aa7c8cc,suppressed,pre_generation_suppressed,False,15.788,,6.396,,0.0,0.0
Sparkov,FOLLOWUP_SPARKOV_194,C_dense,92bf9aa9-8852-4d1a-b28c-60a1bf49172d,suppressed,pre_generation_suppressed,False,17.547,,7.783,,0.0,0.0
Sparkov,FOLLOWUP_SPARKOV_193,A_direct,99e30942-7fa0-441e-a638-9f146b55f803,completed,generated_released,True,59369.08,59359.492,0.0,0.016,9120.84,-5062656.0
Sparkov,FOLLOWUP_SPARKOV_193,B_dense,9b604f3f-4c13-4275-9a6c-7feb1c39900e,completed,generated_released,True,10279.364,10263.891,5.485,0.013,1713.377,2244608.0
Sparkov,FOLLOWUP_SPARKOV_200,A_direct,9dbe20d9-c7c8-45c6-86b2-7b5d0acba6f0,completed,generated_released,True,41943.435,41933.783,0.0,0.011,6693.99,-4751360.0
Sparkov,FOLLOWUP_SPARKOV_195,B_dense,a293dd95-fe4d-4f58-bb85-63490dd0f106,completed,generated_released,True,9995.064,9980.416,5.294,0.013,1635.238,688128.0
Sparkov,FOLLOWUP_SPARKOV_197,A_direct,a3ba320e-6f32-49e4-bf34-add99eed82f6,completed,generated_released,True,22514.452,22505.19,0.0,0.021,3417.317,-68796416.0
Sparkov,FOLLOWUP_SPARKOV_196,D_hybrid,a7259afa-bff5-4826-aae9-b40781205cd0,suppressed,pre_generation_suppressed,False,30.9,,22.435,,0.0,0.0
Sparkov,FOLLOWUP_SPARKOV_191,D_hybrid,a794ba9b-6d09-4b9a-8c33-82ff2e0c9d6a,suppressed,pre_generation_suppressed,False,25.019,,15.737,,0.0,0.0
Sparkov,FOLLOWUP_SPARKOV_191,B_lexical,a7f849ac-80c2-4ddd-b5ef-c5242663c062,completed,generated_released,True,11837.074,11815.089,9.571,0.018,1911.714,4751360.0
Sparkov,FOLLOWUP_SPARKOV_192,B_dense,a80d5e9e-7626-4c48-a970-ab4041b0513c,completed,generated_released,True,9940.905,9925.794,5.602,0.012,1657.204,3211264.0
Sparkov,FOLLOWUP_SPARKOV_198,B_dense,b692c8d4-1354-4066-994e-39bac8564074,completed,generated_released,True,7400.613,7385.375,5.38,0.012,1198.526,0.0
Sparkov,FOLLOWUP_SPARKOV_200,B_dense,bc46931c-4d61-4360-9291-08f95b3c18e0,completed,generated_released,True,9575.705,9561.461,5.076,0.011,1563.017,933888.0
Sparkov,FOLLOWUP_SPARKOV_193,B_lexical,c500e9a7-f71f-45c2-b65a-7bde652888f0,completed,generated_released,True,9476.247,9453.507,10.225,0.012,1497.627,4128768.0
Sparkov,FOLLOWUP_SPARKOV_199,D_hybrid,c92f3fe8-9a50-40b3-adee-d907dc799803,suppressed,pre_generation_suppressed,False,27.52,,18.521,,0.0,0.0
Sparkov,FOLLOWUP_SPARKOV_200,B_lexical,cb22334c-b9a3-4c08-97ab-0fc75d412faf,completed,generated_released,True,7195.549,7174.306,9.679,0.017,1147.156,5177344.0
Sparkov,FOLLOWUP_SPARKOV_194,D_hybrid,cc302aa9-82ea-4682-9593-01d79ebde5ee,suppressed,pre_generation_suppressed,False,27.144,,17.43,,0.0,0.0
Sparkov,FOLLOWUP_SPARKOV_192,D_hybrid,d038c11d-2071-4bd1-8e89-20db91a5d40b,suppressed,pre_generation_suppressed,False,27.714,,18.508,,0.0,0.0
Sparkov,FOLLOWUP_SPARKOV_191,C_lexical,d18b33fc-c3c2-4558-a345-339667e0b01f,suppressed,pre_generation_suppressed,False,20.062,,9.883,,0.0,0.0
Sparkov,FOLLOWUP_SPARKOV_193,D_hybrid,d6f4fd39-664c-4d1f-8997-4d7e4c1f9da6,suppressed,pre_generation_suppressed,False,22.915,,14.335,,0.0,0.0
Sparkov,FOLLOWUP_SPARKOV_194,A_direct,d910490d-61dc-4090-b8ce-ae3c54d267d6,completed,generated_released,True,59857.047,59848.335,0.0,0.02,8413.371,-5341184.0
Sparkov,FOLLOWUP_SPARKOV_198,C_dense,e0e8e4b9-3012-4f36-a920-4fef615815a4,suppressed,pre_generation_suppressed,False,14.466,,5.297,,0.0,0.0
Sparkov,FOLLOWUP_SPARKOV_191,A_direct,e1aa0fd3-934b-441a-a57e-a352295103c8,completed,generated_released,True,37193.85,37185.157,0.0,0.013,6880.137,-5783552.0
Sparkov,FOLLOWUP_SPARKOV_196,A_direct,e92e70c9-5cfd-4094-9383-63108c315bdb,completed,generated_released,True,57530.622,57521.651,0.0,0.013,8716.404,-2867200.0
Sparkov,FOLLOWUP_SPARKOV_192,C_dense,ea8a69f4-3182-4e4d-8423-349111f5075f,suppressed,pre_generation_suppressed,False,15.373,,5.987,,0.0,0.0
Sparkov,FOLLOWUP_SPARKOV_196,C_lexical,ea905a10-0af4-41db-b41b-eb28f3f9f53e,suppressed,pre_generation_suppressed,False,18.905,,9.552,,0.0,0.0
Sparkov,FOLLOWUP_SPARKOV_198,C_lexical,ec2d9594-a5c7-40ca-b699-76dd32c74185,suppressed,pre_generation_suppressed,False,19.953,,9.926,,0.0,0.0
Sparkov,FOLLOWUP_SPARKOV_196,C_dense,eed83b01-7a34-4cdd-aa09-cf581cbad59a,suppressed,pre_generation_suppressed,False,13.64,,5.105,,0.0,0.0
Sparkov,FOLLOWUP_SPARKOV_197,C_dense,efaba3ce-7842-437e-9113-ddd9aa85f5b1,suppressed,pre_generation_suppressed,False,14.327,,5.258,,0.0,0.0
Sparkov,FOLLOWUP_SPARKOV_195,D_hybrid,f001bae5-5284-4421-b6a0-78c30fe35b4e,suppressed,pre_generation_suppressed,False,24.909,,14.979,,0.0,0.0
Sparkov,FOLLOWUP_SPARKOV_199,C_dense,f6fa516e-ffd1-434e-97f3-5c9d0aab7685,suppressed,pre_generation_suppressed,False,303.044,,293.37,,0.0,0.0
Sparkov,FOLLOWUP_SPARKOV_194,C_lexical,f9f32662-1238-43fd-9042-3e06ca66f6c7,suppressed,pre_generation_suppressed,False,21.378,,10.5,,0.0,0.0
Sparkov,FOLLOWUP_SPARKOV_195,C_lexical,ff24d223-2fdf-46f8-8cbb-84bef3f43779,suppressed,pre_generation_suppressed,False,19.217,,9.675,,0.0,0.0
Sparkov,FOLLOWUP_SPARKOV_199,B_lexical,ff81b0ac-394a-4fdd-bac0-cf67b897305d,completed,generated_released,True,10871.487,10842.681,11.113,0.015,1752.686,7831552.0
Sparkov,FOLLOWUP_SPARKOV_202,D_hybrid,03775eda-5a1d-4294-adb1-0973d641cd74,blocked,generated_blocked,True,10636.221,10611.22,14.851,0.023,1568.166,-442368.0
Sparkov,FOLLOWUP_SPARKOV_208,B_lexical,040b7804-24bc-461e-83e7-fe920f66f093,completed,generated_released,True,11615.441,11595.694,10.167,0.015,1851.976,0.0
Sparkov,FOLLOWUP_SPARKOV_204,D_hybrid,13f93ace-25db-456b-9eed-5aad74944337,blocked,generated_blocked,True,10475.788,10451.326,15.185,0.024,1662.223,573440.0
Sparkov,FOLLOWUP_SPARKOV_208,A_direct,187a90fd-cc81-4b33-b863-24e2c7e85cdf,completed,generated_released,True,5693.317,5684.16,0.0,0.012,1217.155,0.0
Sparkov,FOLLOWUP_SPARKOV_210,C_lexical,1e4a7ff5-34f0-47b4-bae0-8e627b2b0089,blocked,generated_blocked,True,10172.976,10151.203,12.241,0.035,1450.836,163840.0
Sparkov,FOLLOWUP_SPARKOV_206,A_direct,206e6fc6-1d01-4738-b0cc-990327528033,completed,generated_released,True,6777.671,6767.365,0.0,0.016,1448.643,671744.0
Sparkov,FOLLOWUP_SPARKOV_204,B_dense,21af3ca7-df97-4225-ac3b-46f44ba679ca,completed,generated_released,True,8255.835,8240.002,5.836,0.021,1258.181,655360.0
Sparkov,FOLLOWUP_SPARKOV_206,B_dense,21b5e4a2-af4f-4f8e-8270-57e7fc3c00d6,completed,generated_released,True,10951.883,10936.414,5.87,0.021,1809.379,-196608.0
Sparkov,FOLLOWUP_SPARKOV_208,D_hybrid,25791bde-45b7-488d-9b51-8465e92554c0,blocked,generated_blocked,True,10328.675,10304.246,15.11,0.034,1630.87,65536.0
Sparkov,FOLLOWUP_SPARKOV_205,B_dense,29d94a51-42e4-4f16-9daa-fbef31ac6053,completed,generated_released,True,9588.468,9573.737,5.071,0.013,1545.165,819200.0
Sparkov,FOLLOWUP_SPARKOV_205,A_direct,2bd5d008-6a20-4e84-aded-157095285b3f,completed,generated_released,True,7284.125,7274.727,0.0,0.014,1571.14,655360.0
Sparkov,FOLLOWUP_SPARKOV_209,A_direct,3051b599-486a-4a37-b097-698e03488669,completed,generated_released,True,6293.197,6283.45,0.0,0.014,1332.444,950272.0
Sparkov,FOLLOWUP_SPARKOV_209,C_dense,34e22dc8-04b7-4139-b0a8-f9c26cb55e94,blocked,generated_blocked,True,10581.76,10533.363,37.886,0.038,1634.577,1998848.0
Sparkov,FOLLOWUP_SPARKOV_207,C_lexical,38fc6db7-19ad-4603-af8a-375f812374aa,blocked,generated_blocked,True,9978.534,9957.438,11.128,0.024,1418.734,917504.0
Sparkov,FOLLOWUP_SPARKOV_206,D_hybrid,3e49a485-79cf-4aaf-9715-f5b6c49f44f9,blocked,generated_blocked,True,10469.103,10444.316,14.982,0.035,1692.791,999424.0
Sparkov,FOLLOWUP_SPARKOV_202,C_dense,54fa4d53-dbd0-4c61-8938-802aa8142ed1,blocked,generated_blocked,True,10252.455,10236.099,6.523,0.024,1505.184,147456.0
Sparkov,FOLLOWUP_SPARKOV_205,C_dense,5744b3b4-445f-4776-9c93-dd236a6b6371,blocked,generated_blocked,True,9930.418,9915.288,5.713,0.039,1598.069,-1982464.0
Sparkov,FOLLOWUP_SPARKOV_207,B_lexical,59b15040-dee4-4a3b-8eba-382341e51080,completed,generated_released,True,10569.531,10550.349,10.101,0.021,1545.908,-180224.0
Sparkov,FOLLOWUP_SPARKOV_207,A_direct,5af81050-fb91-45fd-8e1e-5891deba4e47,completed,generated_released,True,6494.424,6484.917,0.0,0.013,1315.121,-2998272.0
Sparkov,FOLLOWUP_SPARKOV_207,B_dense,5ba3250d-3b89-4285-b7d3-fa0e5bb164bf,completed,generated_released,True,12305.573,12285.934,10.158,0.015,1864.149,3981312.0
Sparkov,FOLLOWUP_SPARKOV_204,C_lexical,68a3ba6f-4549-413b-aebe-84cee88b6f79,blocked,generated_blocked,True,8789.817,8769.535,9.735,0.033,1245.801,-2211840.0
Sparkov,FOLLOWUP_SPARKOV_203,B_dense,699f8eab-1c4d-462a-b3c3-a4136b9faac0,completed,generated_released,True,8792.857,8777.755,5.873,0.015,1394.239,606208.0
Sparkov,FOLLOWUP_SPARKOV_209,B_dense,787942f4-0521-4f4d-9cb5-b87db1240c61,completed,generated_released,True,87761.943,87462.967,282.214,2.366,14861.524,-517193728.0
Sparkov,FOLLOWUP_SPARKOV_208,C_lexical,88d77a37-0afa-42a6-96b3-10631fc20fd4,blocked,generated_blocked,True,9890.553,9870.124,10.281,0.034,1555.452,0.0
Sparkov,FOLLOWUP_SPARKOV_201,B_lexical,8dc4a915-662b-4da7-983e-b48a1604c979,completed,generated_released,True,11013.195,10994.003,9.579,0.012,1753.836,16384.0
Sparkov,FOLLOWUP_SPARKOV_210,D_hybrid,8f125d5d-d2a9-4cd4-b3e4-f5ff6e382558,blocked,generated_blocked,True,10484.264,10458.033,16.317,0.021,1620.308,-2899968.0
Sparkov,FOLLOWUP_SPARKOV_206,C_lexical,965a79b5-cda1-461d-a2d8-d0ef1c689269,blocked,generated_blocked,True,6441.527,6422.879,9.575,0.033,947.695,-3457024.0
Sparkov,FOLLOWUP_SPARKOV_201,C_lexical,9669facc-fde4-4d7e-b9c8-083037780e13,blocked,generated_blocked,True,9261.202,9242.204,9.608,0.025,1431.017,16384.0
Sparkov,FOLLOWUP_SPARKOV_201,B_dense,98dd3331-1351-47af-b5fc-1cb08404d79d,completed,generated_released,True,8914.938,8900.557,5.037,0.022,1427.03,2965504.0
Sparkov,FOLLOWUP_SPARKOV_209,D_hybrid,9d607828-0512-470c-bb7a-c0f9411c98ce,blocked,generated_blocked,True,10046.031,10020.294,16.542,0.038,1538.888,1196032.0
Sparkov,FOLLOWUP_SPARKOV_210,A_direct,a1950b15-f0ab-4b3f-9468-66046a317ced,completed,generated_released,True,6107.335,6098.143,0.0,0.015,1310.214,2998272.0
Sparkov,FOLLOWUP_SPARKOV_203,C_lexical,a1ef47af-facc-45e2-9f83-5e8dccb5161d,blocked,generated_blocked,True,9876.956,9857.545,9.621,0.034,1552.712,671744.0
Sparkov,FOLLOWUP_SPARKOV_210,B_lexical,a734b575-920c-4b00-9d62-82ec0ec68b77,completed,generated_released,True,12551.801,12529.355,12.573,0.014,1855.132,98304.0
Sparkov,FOLLOWUP_SPARKOV_206,C_dense,a77fe49c-9883-4a62-8701-30681242e34e,blocked,generated_blocked,True,9752.698,9732.78,10.143,0.038,1566.676,475136.0
Sparkov,FOLLOWUP_SPARKOV_202,C_lexical,a8503a4b-561c-467c-a02a-529c7f8983f2,blocked,generated_blocked,True,8912.551,8893.599,9.688,0.035,1289.439,344064.0
Sparkov,FOLLOWUP_SPARKOV_202,B_dense,a8f29f8e-0e6e-444d-a0e4-a4df73d48006,completed,generated_released,True,11947.158,11932.803,5.051,0.014,1801.984,0.0
Sparkov,FOLLOWUP_SPARKOV_205,B_lexical,a9926314-b0c6-42d0-ae5b-2696927fb826,completed,generated_released,True,9161.436,9142.552,9.601,0.013,1426.571,802816.0
Sparkov,FOLLOWUP_SPARKOV_207,D_hybrid,aaedc85f-6ef0-41c8-97aa-66b0f734b028,blocked,generated_blocked,True,10809.81,10782.451,17.591,0.042,1554.911,737280.0
Sparkov,FOLLOWUP_SPARKOV_203,A_direct,ab3df18e-ecdf-4e7c-b2df-101baf208746,completed,generated_released,True,6094.087,6084.977,0.0,0.019,1313.298,671744.0
Sparkov,FOLLOWUP_SPARKOV_208,B_dense,b0481c0c-595f-4f6b-848c-fe0a0e21c6a9,completed,generated_released,True,8374.394,8359.95,5.093,0.023,1348.198,-2916352.0
Sparkov,FOLLOWUP_SPARKOV_210,C_dense,b680b37a-c24e-4575-81c7-623555bd5dd9,blocked,generated_blocked,True,11080.555,11066.083,4.918,0.022,1636.329,638976.0
Sparkov,FOLLOWUP_SPARKOV_203,D_hybrid,b992891c-09a8-4388-ae7e-49020c4a454e,blocked,generated_blocked,True,10159.967,10135.645,14.93,0.034,1609.038,851968.0
Sparkov,FOLLOWUP_SPARKOV_209,C_lexical,be85f35d-4b52-449b-91da-46522672891e,blocked,generated_blocked,True,10555.503,10417.193,51.389,0.062,1619.36,27688960.0
Sparkov,FOLLOWUP_SPARKOV_201,A_direct,c0721ff4-f1e0-4c76-ac0b-354d10b90929,completed,generated_released,True,6111.384,6102.094,0.0,0.014,1300.591,-2998272.0
Sparkov,FOLLOWUP_SPARKOV_204,B_lexical,c232d696-7ef6-402b-8805-08137823b351,completed,generated_released,True,12554.006,12534.593,9.643,0.023,1911.228,4489216.0
Sparkov,FOLLOWUP_SPARKOV_209,B_lexical,c82e0768-11a4-46a5-b461-2a4988f939fb,completed,generated_released,True,8933.913,8915.144,9.652,0.011,1359.22,1064960.0
Sparkov,FOLLOWUP_SPARKOV_202,A_direct,c96f89c5-45a4-4829-8145-1a06510dc27e,completed,generated_released,True,7606.94,7597.44,0.0,0.014,1548.78,2949120.0
Sparkov,FOLLOWUP_SPARKOV_205,C_lexical,cda6f6ca-5694-41e6-9904-69a2ca79b04a,blocked,generated_blocked,True,9294.908,9275.668,9.709,0.034,1440.856,704512.0
Sparkov,FOLLOWUP_SPARKOV_201,C_dense,d487677b-cfa1-451a-a502-cf76fa44dd49,blocked,generated_blocked,True,9467.187,9452.367,5.522,0.034,1498.325,147456.0
Sparkov,FOLLOWUP_SPARKOV_205,D_hybrid,d80da990-1ef3-4196-9d5c-676d6f5b6754,blocked,generated_blocked,True,8828.046,8803.471,15.328,0.026,1384.204,3440640.0
Sparkov,FOLLOWUP_SPARKOV_206,B_lexical,d8e522a1-60c6-4d90-a57b-1cf3d93822ba,completed,generated_released,True,8626.257,8605.5,9.574,0.024,1325.335,1081344.0
Sparkov,FOLLOWUP_SPARKOV_204,A_direct,db7d96ae-a0b2-449e-a78f-17880036d94a,completed,generated_released,True,6534.397,6525.214,0.0,0.013,1373.526,311296.0
Sparkov,FOLLOWUP_SPARKOV_203,C_dense,e21501a5-b095-4c62-94f8-1e194a89e721,blocked,generated_blocked,True,10116.674,10101.941,5.236,0.023,1624.003,737280.0
Sparkov,FOLLOWUP_SPARKOV_202,B_lexical,ea94a551-a306-4c01-87d5-f40228b2101e,completed,generated_released,True,10781.8,10762.65,9.796,0.013,1553.187,65536.0
Sparkov,FOLLOWUP_SPARKOV_204,C_dense,ec4bd763-6799-4e4e-a319-7ec9cb37e1d8,blocked,generated_blocked,True,10577.288,10562.07,4.98,0.035,1681.172,180224.0
Sparkov,FOLLOWUP_SPARKOV_207,C_dense,f26409aa-f4fe-4001-8014-c58bf2119c1f,blocked,generated_blocked,True,9941.801,9927.385,4.983,0.022,1467.177,-2752512.0
Sparkov,FOLLOWUP_SPARKOV_201,D_hybrid,f28faed2-34a5-4b32-a200-2466083f09db,blocked,generated_blocked,True,9174.496,9150.242,15.087,0.024,1429.578,65536.0
Sparkov,FOLLOWUP_SPARKOV_208,C_dense,f64e8967-3ed5-4347-981f-ffe961dd96ed,blocked,generated_blocked,True,10930.508,10916.135,5.05,0.029,1760.823,2981888.0
Sparkov,FOLLOWUP_SPARKOV_210,B_dense,f96d529e-b5ce-4f81-8ca3-fff0af01cf0c,completed,generated_released,True,9565.97,9549.844,6.019,0.016,1403.593,3555328.0
Sparkov,FOLLOWUP_SPARKOV_203,B_lexical,fb100583-53df-44aa-a2fa-0b7479e515fd,completed,generated_released,True,9577.275,9558.461,9.595,0.013,1504.981,737280.0
Sparkov,FOLLOWUP_SPARKOV_214,C_dense,00bb1dab-2c73-4802-9570-2e9a4065cbe2,blocked,generated_blocked,True,11473.226,11455.432,7.259,0.042,1811.96,917504.0
Sparkov,FOLLOWUP_SPARKOV_218,A_direct,00bc4234-44f6-4a14-a94d-5ef2dff3d923,completed,generated_released,True,73955.771,73945.661,0.0,0.015,10810.343,-12615680.0
Sparkov,FOLLOWUP_SPARKOV_214,B_lexical,0161119d-0911-4afe-8ee4-6c37fdf5e5a5,completed,generated_released,True,16794.69,16772.422,9.547,0.022,2748.254,3932160.0
Sparkov,FOLLOWUP_SPARKOV_211,C_dense,04b1b8ae-530c-452b-ad9c-99b37486a7f2,blocked,generated_blocked,True,11053.22,11038.411,5.124,0.034,1904.673,655360.0
Sparkov,FOLLOWUP_SPARKOV_212,B_dense,083aba40-43b3-4539-aab5-9a86ca2e14b2,completed,generated_released,True,9661.779,9646.086,5.979,0.017,1637.726,786432.0
Sparkov,FOLLOWUP_SPARKOV_218,B_dense,0d0ebbe8-fefb-4375-83cf-2984f0ab7777,completed,generated_released,True,9528.956,9513.261,5.517,0.012,1600.07,425984.0
Sparkov,FOLLOWUP_SPARKOV_220,C_lexical,1459e567-4dc3-4954-afd9-fcf17ccd856f,blocked,generated_blocked,True,10583.88,10564.396,9.821,0.042,1664.553,999424.0
Sparkov,FOLLOWUP_SPARKOV_211,C_lexical,15133489-342d-4198-a4e6-6bb4e6af35a3,blocked,generated_blocked,True,12372.722,12353.126,9.863,0.025,2090.107,884736.0
Sparkov,FOLLOWUP_SPARKOV_220,B_dense,1739c57e-a652-440b-99a7-11d8e3a726ab,completed,generated_released,True,10297.803,10266.26,8.97,0.012,1617.383,3997696.0
Sparkov,FOLLOWUP_SPARKOV_214,D_hybrid,18ecb1b6-0699-46a0-9db9-2de594fd352d,blocked,generated_blocked,True,9932.949,9906.5,16.928,0.024,1545.984,884736.0
Sparkov,FOLLOWUP_SPARKOV_219,B_dense,21179257-1189-4fc0-a7df-b24c58568b47,completed,generated_released,True,9618.453,9255.996,353.025,0.013,1549.422,4833280.0
Sparkov,FOLLOWUP_SPARKOV_217,C_dense,29f8f2a5-3175-4d4d-92be-a862906e0b35,blocked,generated_blocked,True,10350.14,10334.615,5.725,0.033,1749.178,835584.0
Sparkov,FOLLOWUP_SPARKOV_216,B_lexical,32e25565-2fcb-4fa0-b5a3-05926ebebd0b,completed,generated_released,True,11012.346,10993.72,9.511,0.022,1822.033,786432.0
Sparkov,FOLLOWUP_SPARKOV_217,B_dense,32ea69f6-39c1-415a-868d-854c70abaf8a,completed,generated_released,True,8896.429,8881.099,5.819,0.013,1481.937,933888.0
Sparkov,FOLLOWUP_SPARKOV_219,D_hybrid,39af1d66-cc7d-44e9-843e-a1711583e8a3,blocked,generated_blocked,True,10136.878,10112.204,15.397,0.039,1673.819,1196032.0
Sparkov,FOLLOWUP_SPARKOV_215,B_dense,408f6f2d-94be-4ed0-aa6c-69b9fc7ddbee,completed,generated_released,True,11337.378,11320.194,7.037,0.013,2000.724,802816.0
Sparkov,FOLLOWUP_SPARKOV_215,A_direct,4196b972-3b4a-4a04-bd26-07bf541d1fe8,completed,generated_released,True,83085.086,83075.534,0.0,0.015,12405.527,-27262976.0
Sparkov,FOLLOWUP_SPARKOV_212,C_dense,443e595d-88aa-4250-807e-94e4ec7eee52,blocked,generated_blocked,True,10753.3,10736.885,6.02,0.032,1822.024,901120.0
Sparkov,FOLLOWUP_SPARKOV_213,B_dense,46aa8356-c747-4a53-bbfe-8ec1bfc33c2b,completed,generated_released,True,6946.619,6919.284,16.016,0.012,1138.332,1196032.0
Sparkov,FOLLOWUP_SPARKOV_219,A_direct,48c7f35f-b5c0-47ba-ba36-ec5c8da91032,completed,generated_released,True,8738.31,8726.623,0.0,2.048,2343.233,-264224768.0
Sparkov,FOLLOWUP_SPARKOV_211,D_hybrid,4d9db1f4-9e50-440f-9191-ca06cacf4d8a,blocked,generated_blocked,True,9124.858,9097.872,15.482,0.028,1521.467,163840.0
Sparkov,FOLLOWUP_SPARKOV_220,D_hybrid,4dac70f6-d5ff-40f9-ac2d-eee1ef2ee4ef,blocked,generated_blocked,True,10844.782,10820.085,15.563,0.036,1832.886,81920.0
Sparkov,FOLLOWUP_SPARKOV_216,C_dense,542c0511-11fa-4c0d-be21-504043560e44,blocked,generated_blocked,True,10694.534,10679.955,5.05,0.043,1800.349,3784704.0
Sparkov,FOLLOWUP_SPARKOV_216,A_direct,55c70267-b056-4aec-9481-f6443efb1b48,completed,generated_released,True,76923.083,76913.533,0.0,0.028,11610.281,-24264704.0
Sparkov,FOLLOWUP_SPARKOV_213,C_dense,57f4a56f-0750-4c4c-a723-fac19aaa7a70,blocked,generated_blocked,True,10740.858,10725.524,5.344,0.065,1986.822,-2080768.0
Sparkov,FOLLOWUP_SPARKOV_212,A_direct,5ad5043b-db16-4b87-a14d-d9b295abf2ed,completed,generated_released,True,64512.519,64502.901,0.0,0.017,9747.751,-5308416.0
Sparkov,FOLLOWUP_SPARKOV_215,D_hybrid,6883e088-0e37-435a-a60f-da24835193cd,blocked,generated_blocked,True,9251.773,9227.355,14.796,0.038,1564.983,720896.0
Sparkov,FOLLOWUP_SPARKOV_211,B_lexical,6ad0c251-2239-4339-b281-6df60985477b,completed,generated_released,True,16732.099,16711.248,9.686,0.013,2637.718,3801088.0
Sparkov,FOLLOWUP_SPARKOV_213,D_hybrid,6bbf25af-6e5a-468e-90d9-283f006b4fe2,blocked,generated_blocked,True,9895.148,9863.681,16.834,0.042,1754.763,671744.0
Sparkov,FOLLOWUP_SPARKOV_215,C_lexical,6c9956e2-743e-41db-9fa6-308a86f28771,blocked,generated_blocked,True,11529.758,11510.068,9.674,0.044,1982.661,3801088.0
Sparkov,FOLLOWUP_SPARKOV_218,D_hybrid,6f5fb462-1a4d-48be-8df2-33a937d39198,blocked,generated_blocked,True,9903.289,9878.207,14.799,0.027,1658.888,98304.0
Sparkov,FOLLOWUP_SPARKOV_211,A_direct,7481d62f-5e6d-4ea0-9cf5-ba244ccb7563,completed,generated_released,True,59045.593,59036.227,0.0,0.014,8788.869,-21413888.0
Sparkov,FOLLOWUP_SPARKOV_215,C_dense,7872dc04-0f6c-4ef3-a356-78e38cfd45ce,blocked,generated_blocked,True,11005.345,10990.141,5.841,0.04,1917.014,819200.0
Sparkov,FOLLOWUP_SPARKOV_215,B_lexical,7d2c073b-8e59-4c97-9734-0105d73cad8f,completed,generated_released,True,13041.979,13017.323,9.892,4.045,2546.52,720896.0
Sparkov,FOLLOWUP_SPARKOV_219,C_dense,8607b914-45ce-4b9c-b18a-65ce10959c83,blocked,generated_blocked,True,10289.919,10275.018,5.193,0.041,1752.008,1343488.0
Sparkov,FOLLOWUP_SPARKOV_214,C_lexical,89268aec-0a0b-4ed5-8d30-ee6fcc22204a,blocked,generated_blocked,True,6222.457,6202.494,10.04,0.029,875.983,868352.0
Sparkov,FOLLOWUP_SPARKOV_216,B_dense,8c5b6389-cfe1-4ad5-a0cb-119a39900bd0,completed,generated_released,True,8574.805,8555.129,10.329,0.014,1418.031,-1982464.0
Sparkov,FOLLOWUP_SPARKOV_213,B_lexical,9d18e809-ba30-41d0-a6f1-cd75e4d7f487,completed,generated_released,True,13616.447,13593.525,9.813,0.014,2086.593,4390912.0
Sparkov,FOLLOWUP_SPARKOV_217,A_direct,a7fc9e17-87fa-46bf-8c8e-8c879a30bc87,completed,generated_released,True,57663.067,57653.064,0.0,0.026,8544.281,-4882432.0
Sparkov,FOLLOWUP_SPARKOV_219,C_lexical,a80ef712-b62b-490e-90f5-6cb9e2837546,blocked,generated_blocked,True,8178.267,8159.581,9.507,0.032,1300.875,1064960.0
Sparkov,FOLLOWUP_SPARKOV_217,B_lexical,b095ea0d-0a60-4d29-ad73-4dc9dcede817,completed,generated_released,True,11213.992,11190.348,10.163,0.021,1981.063,3850240.0
Sparkov,FOLLOWUP_SPARKOV_217,D_hybrid,b4fea112-82a2-4def-a582-8be44ac4df86,blocked,generated_blocked,True,10336.703,10311.273,15.109,0.038,1742.731,835584.0
Sparkov,FOLLOWUP_SPARKOV_211,B_dense,b89ae30a-2d49-421c-bb23-1232a25cbcea,completed,generated_released,True,7237.008,7215.447,7.372,0.02,1154.355,4997120.0
Sparkov,FOLLOWUP_SPARKOV_213,A_direct,c15a3803-3925-47b7-ac9d-3bc5e4c18a39,completed,generated_released,True,69345.518,69335.651,0.0,0.016,10367.156,-115425280.0
Sparkov,FOLLOWUP_SPARKOV_214,B_dense,c26726e9-6f4b-442e-b6ce-b54b9b8f26cd,completed,generated_released,True,9231.778,9212.316,6.784,0.013,1425.565,4341760.0
Sparkov,FOLLOWUP_SPARKOV_212,B_lexical,c4ffc9b5-3954-4205-860c-a341e6922bbf,completed,generated_released,True,16270.31,16247.717,10.294,0.015,2717.35,4898816.0
Sparkov,FOLLOWUP_SPARKOV_217,C_lexical,d056e81e-7ecf-4d8a-8d9c-812b94298956,blocked,generated_blocked,True,10831.551,10812.17,9.635,0.026,1793.524,393216.0
Sparkov,FOLLOWUP_SPARKOV_218,B_lexical,d26b63ff-3e51-4b86-8876-c82244cc1c72,completed,generated_released,True,14220.296,14199.305,9.55,0.013,2243.781,3620864.0
Sparkov,FOLLOWUP_SPARKOV_218,C_dense,d28d30c9-988e-4759-bee2-50dde1b82398,blocked,generated_blocked,True,11200.94,11185.88,5.68,0.034,1925.98,475136.0
Sparkov,FOLLOWUP_SPARKOV_219,B_lexical,d46bc060-7cc8-4893-a25b-848c08e53cda,completed,generated_released,True,8934.33,8810.399,103.012,0.012,1430.739,4997120.0
Sparkov,FOLLOWUP_SPARKOV_214,A_direct,d4a3329e-9498-4829-9898-77ce241f36e6,completed,generated_released,True,70147.189,70137.884,0.0,0.015,10403.636,-4472832.0
Sparkov,FOLLOWUP_SPARKOV_218,C_lexical,d52cc54b-32a7-4635-aaf0-2b84dbe4f66d,blocked,generated_blocked,True,8749.269,8728.833,9.675,0.03,1429.176,475136.0
Sparkov,FOLLOWUP_SPARKOV_220,A_direct,d948617e-280d-48b2-911e-873bffff890a,completed,generated_released,True,56375.676,56366.549,0.0,0.014,8802.132,-6406144.0
Sparkov,FOLLOWUP_SPARKOV_213,C_lexical,dc50e984-9900-467f-8083-b2b75d391688,blocked,generated_blocked,True,9512.429,9492.505,9.811,0.033,1588.904,770048.0
Sparkov,FOLLOWUP_SPARKOV_212,C_lexical,dfca0898-99e3-492b-9143-5c9076012fa1,blocked,generated_blocked,True,11455.107,11435.19,9.716,0.033,1913.956,835584.0
Sparkov,FOLLOWUP_SPARKOV_220,B_lexical,e79d48ab-6af0-4c4a-beb2-25de7da43d94,completed,generated_released,True,15494.925,15472.478,10.639,0.025,2556.42,-212992.0
Sparkov,FOLLOWUP_SPARKOV_216,C_lexical,e7f07f0f-bbee-4c27-893d-b0e5bb57def2,blocked,generated_blocked,True,10307.943,10288.603,9.613,0.035,1699.752,835584.0
Sparkov,FOLLOWUP_SPARKOV_212,D_hybrid,ed199b74-26a8-4a95-8bfe-735c202cc7e7,blocked,generated_blocked,True,9974.31,9949.225,15.249,0.032,1673.679,655360.0
Sparkov,FOLLOWUP_SPARKOV_220,C_dense,f05a92ac-4ffb-42b7-9b63-1afe3f4a8f7d,blocked,generated_blocked,True,11705.167,11690.386,5.184,0.036,1887.187,753664.0
Sparkov,FOLLOWUP_SPARKOV_216,D_hybrid,f44b84db-9924-4ac7-ae10-45b66f00ebb8,blocked,generated_blocked,True,10918.438,10894.397,14.878,0.036,1779.493,-2162688.0
Sparkov,FOLLOWUP_SPARKOV_228,C_dense,0127c161-3c51-4676-a673-c7b5abecf0d5,blocked,generated_blocked,True,10396.064,10381.597,5.159,0.039,1690.812,737280.0
Sparkov,FOLLOWUP_SPARKOV_221,C_lexical,08350789-e4bb-441f-93fb-6eee0500df9d,blocked,generated_blocked,True,9580.421,9561.11,9.626,0.049,1502.802,507904.0
Sparkov,FOLLOWUP_SPARKOV_228,D_hybrid,09e984a9-373a-445c-af93-e42c7645f86d,blocked,generated_blocked,True,10012.916,9988.412,15.186,0.042,1600.786,114688.0
Sparkov,FOLLOWUP_SPARKOV_224,A_direct,0b66086d-1b2f-4282-bd3a-ca7391a3e0bc,completed,generated_released,True,7310.605,7300.667,0.0,0.015,1603.758,622592.0
Sparkov,FOLLOWUP_SPARKOV_227,C_dense,0cce9ab6-7b04-4488-b22b-e2402076e7ff,blocked,generated_blocked,True,8489.782,8474.175,5.926,0.028,1347.406,655360.0
Sparkov,FOLLOWUP_SPARKOV_229,C_dense,123cfd23-1be3-4497-b5de-40656885d58c,blocked,generated_blocked,True,107331.135,107019.574,294.067,4.026,18149.104,-515031040.0
Sparkov,FOLLOWUP_SPARKOV_224,C_lexical,127ccda8-ca5b-42cb-abea-67229c2315d3,blocked,generated_blocked,True,10340.535,10320.408,9.571,0.042,1651.872,786432.0
Sparkov,FOLLOWUP_SPARKOV_226,C_lexical,1a50eb1c-0469-4247-99d6-faaa6129167f,blocked,generated_blocked,True,11193.292,11174.108,9.506,0.04,1807.261,933888.0
Sparkov,FOLLOWUP_SPARKOV_223,C_lexical,1d827257-1be3-4fae-b579-ee8b2fe4996a,blocked,generated_blocked,True,9913.259,9894.341,9.642,0.039,1571.539,-1867776.0
Sparkov,FOLLOWUP_SPARKOV_224,D_hybrid,2209cd49-a6d0-405d-9e60-087db0c17505,blocked,generated_blocked,True,10469.853,10445.938,14.795,0.034,1692.522,606208.0
Sparkov,FOLLOWUP_SPARKOV_227,C_lexical,256868b4-e255-4d70-9579-2f50e21fe894,blocked,generated_blocked,True,9727.803,9708.718,9.824,0.028,1545.88,-2310144.0
Sparkov,FOLLOWUP_SPARKOV_227,B_dense,32e6d9b1-1d41-4875-903c-2edc4b1f7471,completed,generated_released,True,11729.537,11710.821,9.518,0.021,1936.839,1228800.0
Sparkov,FOLLOWUP_SPARKOV_228,B_dense,3589de93-fb08-4cdf-9e39-5895ceb15b09,completed,generated_released,True,9911.983,9897.319,5.348,0.016,1620.421,3194880.0
Sparkov,FOLLOWUP_SPARKOV_230,B_dense,359fd8e6-5518-4a08-801c-f78f65280002,completed,generated_released,True,9842.097,9826.51,6.204,0.015,1582.217,2719744.0
Sparkov,FOLLOWUP_SPARKOV_225,A_direct,36b35475-2a5e-4dbb-8739-b6f74a61aa80,completed,generated_released,True,7756.959,7747.769,0.0,0.028,1721.659,3211264.0
Sparkov,FOLLOWUP_SPARKOV_226,D_hybrid,36c700b4-ca77-422a-8157-5d4b19796df1,blocked,generated_blocked,True,8405.957,8373.225,22.059,0.029,1325.536,1376256.0
Sparkov,FOLLOWUP_SPARKOV_230,B_lexical,4157cf32-bba0-4b85-8c93-6118904f4322,completed,generated_released,True,8370.942,8351.831,9.545,0.02,1301.053,-1949696.0
Sparkov,FOLLOWUP_SPARKOV_229,B_dense,41ec6b16-24fd-45d3-ae1c-8ecb6897afca,completed,generated_released,True,8988.252,8973.166,5.411,0.013,1451.051,1458176.0
Sparkov,FOLLOWUP_SPARKOV_222,D_hybrid,42610e41-d880-4c84-8bce-9f13ad1dbb00,blocked,generated_blocked,True,9025.633,9000.305,15.568,0.025,1428.253,737280.0
Sparkov,FOLLOWUP_SPARKOV_227,D_hybrid,44cae461-e744-49a6-89b4-aac7e1b5c710,blocked,generated_blocked,True,8699.307,8674.23,15.171,0.022,1372.023,3129344.0
Sparkov,FOLLOWUP_SPARKOV_226,B_lexical,529f5f45-eec1-4d7c-9220-c72ee162dc90,completed,generated_released,True,11955.885,11936.705,9.542,0.028,1960.163,1048576.0
Sparkov,FOLLOWUP_SPARKOV_222,C_lexical,5b2366c0-4b5f-4944-b84d-8ae44a61e7af,blocked,generated_blocked,True,9596.625,9577.834,9.512,0.04,1512.024,688128.0
Sparkov,FOLLOWUP_SPARKOV_222,B_lexical,5bc1af97-74a8-4b0b-9ba7-542d96b29d2d,completed,generated_released,True,8603.814,8584.721,9.55,0.013,1351.121,704512.0
Sparkov,FOLLOWUP_SPARKOV_230,C_dense,5fa7ecd8-16e1-45b3-99d8-ef10f7d7d5f1,blocked,generated_blocked,True,10085.956,10071.148,5.525,0.036,1634.806,81920.0
Sparkov,FOLLOWUP_SPARKOV_223,D_hybrid,5fd7fbc4-dfeb-4416-9d58-a47142676192,blocked,generated_blocked,True,9699.699,9674.972,15.413,0.039,1534.64,688128.0
Sparkov,FOLLOWUP_SPARKOV_221,B_dense,607024ae-9ebe-439b-91ca-3132e10511dc,completed,generated_released,True,9055.146,9039.783,5.452,0.013,1465.461,131072.0
Sparkov,FOLLOWUP_SPARKOV_225,B_dense,63a41cd9-6a9d-4ac8-8a4c-112017714216,completed,generated_released,True,11764.572,11749.789,5.547,0.02,1928.401,835584.0
Sparkov,FOLLOWUP_SPARKOV_221,D_hybrid,658543b7-5af0-4782-9aa7-b656e3c9d65b,blocked,generated_blocked,True,8786.824,8762.44,15.066,0.033,1385.763,606208.0
Sparkov,FOLLOWUP_SPARKOV_221,A_direct,68ae9a49-532a-4d8b-9577-6e10253a5b01,completed,generated_released,True,7679.278,7669.827,0.0,0.016,1675.475,3653632.0
Sparkov,FOLLOWUP_SPARKOV_229,C_lexical,70d7b7a5-bcb1-43bc-aa4b-5b2eff4010eb,blocked,generated_blocked,True,10433.671,10414.211,9.608,0.045,1662.434,999424.0
Sparkov,FOLLOWUP_SPARKOV_227,A_direct,7169c352-fccd-4653-8f42-08e0886be2d1,completed,generated_released,True,6559.527,6549.897,0.0,0.015,1428.797,-2998272.0
Sparkov,FOLLOWUP_SPARKOV_223,B_lexical,7c5ef506-26cf-456e-a0b0-325c419eaa66,completed,generated_released,True,9889.989,9870.994,9.665,0.013,1583.962,2654208.0
Sparkov,FOLLOWUP_SPARKOV_222,C_dense,7e54e5ae-99d0-4d00-a116-e070357f7a23,blocked,generated_blocked,True,8443.835,8429.384,5.141,0.026,1347.635,655360.0
Sparkov,FOLLOWUP_SPARKOV_226,B_dense,7f87d36d-0705-4c1d-9c5a-dab24c9ec9f5,completed,generated_released,True,9428.741,9412.406,6.55,0.014,1526.797,1212416.0
Sparkov,FOLLOWUP_SPARKOV_230,A_direct,854bf5ad-07cf-4939-94e5-dce20120fa57,completed,generated_released,True,5638.825,5629.682,0.0,0.012,1226.203,3375104.0
Sparkov,FOLLOWUP_SPARKOV_228,C_lexical,8c9b3fc6-a2f0-421b-a0bb-e1115c206880,blocked,generated_blocked,True,9579.711,9560.766,9.693,0.022,1514.437,966656.0
Sparkov,FOLLOWUP_SPARKOV_224,C_dense,9820145b-549c-426d-9608-d3ce830e3a3d,blocked,generated_blocked,True,10547.324,10530.332,5.043,0.035,1712.298,868352.0
Sparkov,FOLLOWUP_SPARKOV_225,C_lexical,99aa0ef3-a980-4b5f-9e9e-10c082e6e217,blocked,generated_blocked,True,9684.289,9665.168,9.755,0.035,1536.907,3702784.0
Sparkov,FOLLOWUP_SPARKOV_229,B_lexical,9e3730e1-adb0-4357-84f4-c3539e1a0b2f,completed,generated_released,True,8928.009,8908.683,9.632,0.014,1381.882,3801088.0
Sparkov,FOLLOWUP_SPARKOV_225,C_dense,9f33bdd1-462d-4b61-a3bc-481c9e3c52d4,blocked,generated_blocked,True,7284.506,7269.683,5.535,0.034,1131.477,-2408448.0
Sparkov,FOLLOWUP_SPARKOV_226,A_direct,a0912ba3-4322-40bc-860e-7227c2b15b8b,completed,generated_released,True,8162.094,8152.26,0.0,0.014,1822.411,4014080.0
Sparkov,FOLLOWUP_SPARKOV_225,D_hybrid,a1737749-9295-4567-8a88-7bffbcf10a96,blocked,generated_blocked,True,10254.408,10229.797,15.058,0.023,1613.941,966656.0
Sparkov,FOLLOWUP_SPARKOV_226,C_dense,ab4a3e80-2e25-4010-a314-a7655f244bb4,blocked,generated_blocked,True,11022.384,11007.923,5.128,0.035,1803.225,704512.0
Sparkov,FOLLOWUP_SPARKOV_229,A_direct,ab6ab727-3a45-4c61-b073-8585beca5cce,completed,generated_released,True,7184.255,7173.84,0.0,0.015,1539.687,3817472.0
Sparkov,FOLLOWUP_SPARKOV_221,C_dense,ae37e7b1-b8f6-4d12-9182-f1732bff7b6c,blocked,generated_blocked,True,10706.051,10690.556,6.147,0.036,1748.433,327680.0
Sparkov,FOLLOWUP_SPARKOV_224,B_lexical,b20823b9-2606-4334-a5f0-3a8152b84ee4,completed,generated_released,True,9618.899,9600.181,9.555,0.013,1533.497,868352.0
Sparkov,FOLLOWUP_SPARKOV_225,B_lexical,b35ae338-dcf2-492b-aacb-ccf009a40990,completed,generated_released,True,8892.797,8873.803,9.545,0.014,1399.732,-1818624.0
Sparkov,FOLLOWUP_SPARKOV_230,D_hybrid,b99976b3-75d3-4941-baae-ae7857825bf6,blocked,generated_blocked,True,10379.251,10355.069,14.931,0.035,1668.622,-2342912.0
Sparkov,FOLLOWUP_SPARKOV_224,B_dense,bcff1e75-b071-4729-b489-697186317d69,completed,generated_released,True,8477.254,8461.709,5.907,0.012,1344.252,933888.0
Sparkov,FOLLOWUP_SPARKOV_228,A_direct,c24da474-66e7-4ebc-8cac-7375b8b62bb8,completed,generated_released,True,6553.388,6543.757,0.0,0.012,1440.53,-2392064.0
Sparkov,FOLLOWUP_SPARKOV_222,B_dense,c4f6c481-6f77-4bae-a911-07e08990e4cb,completed,generated_released,True,10840.626,10825.863,5.107,0.014,1778.665,770048.0
Sparkov,FOLLOWUP_SPARKOV_228,B_lexical,c6a20693-a3d7-4c85-bfc3-0af53f8a1922,completed,generated_released,True,11977.159,11958.143,9.535,0.019,1978.597,-2850816.0
Sparkov,FOLLOWUP_SPARKOV_230,C_lexical,c89fab0d-2949-4f95-84da-0574a7e35bac,blocked,generated_blocked,True,8656.426,8636.733,9.602,0.034,1356.554,802816.0
Sparkov,FOLLOWUP_SPARKOV_222,A_direct,c991a391-df44-4e3e-9bad-63bf4a9c3a62,completed,generated_released,True,6650.569,6641.044,0.0,0.014,1453.445,720896.0
Sparkov,FOLLOWUP_SPARKOV_223,A_direct,cebe3b8c-b696-4500-be80-41fd14776c48,completed,generated_released,True,7285.158,7275.592,0.0,0.015,1590.616,-1949696.0
Sparkov,FOLLOWUP_SPARKOV_223,C_dense,e99110a2-f46c-4877-9d66-95083b1dc9c9,blocked,generated_blocked,True,10632.199,10617.23,5.713,0.04,1721.485,589824.0
Sparkov,FOLLOWUP_SPARKOV_229,D_hybrid,e9fbebd1-0999-4355-8b84-99339254850a,blocked,generated_blocked,True,9671.765,9487.907,103.692,0.045,1481.733,16285696.0
Sparkov,FOLLOWUP_SPARKOV_221,B_lexical,ea2495a5-5297-444a-b4fb-782311427e48,completed,generated_released,True,9337.938,9318.898,9.588,0.019,1490.123,884736.0
Sparkov,FOLLOWUP_SPARKOV_227,B_lexical,f944563c-5301-4c6a-91c4-9802f9ce0c78,completed,generated_released,True,9578.566,9559.596,9.71,0.015,1518.201,3506176.0
Sparkov,FOLLOWUP_SPARKOV_223,B_dense,fd7855e4-b676-4958-be6f-746fd9985fcf,completed,generated_released,True,8263.594,8248.31,5.97,0.014,1297.277,1359872.0
Sparkov,FOLLOWUP_SPARKOV_240,A_direct,0e69b7a6-2bc6-4d96-928a-1d2e725ca9e2,completed,generated_released,True,7838.151,7829.065,0.0,0.014,1620.947,655360.0
Sparkov,FOLLOWUP_SPARKOV_240,C_lexical,121474b5-417a-443d-b115-e7aef272979c,blocked,generated_blocked,True,9195.177,9175.902,9.697,0.038,1212.049,720896.0
Sparkov,FOLLOWUP_SPARKOV_231,C_dense,14192d06-c4b3-4c8c-b885-7d7aa7a8090b,blocked,generated_blocked,True,10066.244,10051.768,5.211,0.026,1602.103,819200.0
Sparkov,FOLLOWUP_SPARKOV_240,B_dense,1656af22-4d4a-4236-992c-359b6676201d,completed,generated_released,True,12956.649,12936.252,11.108,0.014,1796.43,1163264.0
Sparkov,FOLLOWUP_SPARKOV_237,B_lexical,2403160f-b52b-46a0-b752-6c423be40b2b,completed,generated_released,True,10116.451,10096.446,10.661,0.014,1601.501,901120.0
Sparkov,FOLLOWUP_SPARKOV_234,B_lexical,2549e50f-8dc1-4aad-8fb1-bb79bbe65a9d,completed,generated_released,True,9034.796,9015.827,9.703,0.015,1516.464,49152.0
Sparkov,FOLLOWUP_SPARKOV_236,C_lexical,2735d7c4-0ca6-4b29-89a0-1d27b3dcec65,blocked,generated_blocked,True,11163.435,11143.549,9.72,0.047,1795.48,1015808.0
Sparkov,FOLLOWUP_SPARKOV_234,B_dense,2acf2c48-9649-48e5-8f15-03e21e6d60de,completed,generated_released,True,9277.091,9262.964,4.744,0.017,1569.716,606208.0
Sparkov,FOLLOWUP_SPARKOV_239,B_lexical,2c6b73b2-999a-4cb6-96c0-b486bdde9854,completed,generated_released,True,8178.299,8158.825,9.632,0.033,1299.13,1196032.0
Sparkov,FOLLOWUP_SPARKOV_238,B_dense,32aeb3ef-c99f-4174-b20e-6d5e8c3e9f61,completed,generated_released,True,11691.075,11676.68,5.117,0.021,1921.626,-3080192.0
Sparkov,FOLLOWUP_SPARKOV_232,A_direct,3addf0e2-f138-4656-a199-851799e59506,completed,generated_released,True,7499.246,7487.539,0.0,0.014,1713.709,720896.0
Sparkov,FOLLOWUP_SPARKOV_236,B_lexical,417f4d64-a1f2-4a53-bcf6-4c6406214232,completed,generated_released,True,9826.056,9806.201,9.679,0.017,1586.139,3981312.0
Sparkov,FOLLOWUP_SPARKOV_238,B_lexical,43c2293f-4495-4e91-b132-b1072b3f7cb1,completed,generated_released,True,11636.692,11617.996,9.556,0.02,1857.946,16384.0
Sparkov,FOLLOWUP_SPARKOV_238,C_dense,43e816ee-8778-468f-80bf-7fced6abb79d,blocked,generated_blocked,True,10589.877,10574.355,5.21,0.048,1693.106,-3162112.0
Sparkov,FOLLOWUP_SPARKOV_234,D_hybrid,4416ff02-cb07-4607-8e8e-49ff45df4aa3,blocked,generated_blocked,True,10336.286,10311.638,15.156,0.035,1720.48,278528.0
Sparkov,FOLLOWUP_SPARKOV_235,A_direct,44faadd2-4ec8-4acf-bd12-f98dd3677e8f,completed,generated_released,True,8316.914,8307.762,0.0,0.027,1802.719,638976.0
Sparkov,FOLLOWUP_SPARKOV_232,C_lexical,46601060-e669-403c-a141-ffe3800dd62c,blocked,generated_blocked,True,5756.361,5734.34,12.205,0.039,845.122,704512.0
Sparkov,FOLLOWUP_SPARKOV_231,A_direct,5302f6ba-3a88-4800-9c54-aae881995b4d,completed,generated_released,True,6665.115,6656.011,0.0,0.014,1463.8,-278528.0
Sparkov,FOLLOWUP_SPARKOV_232,C_dense,54cba23e-3b60-4247-b2ce-a7d12fdfd045,blocked,generated_blocked,True,7200.973,7186.306,5.433,0.023,1111.599,753664.0
Sparkov,FOLLOWUP_SPARKOV_234,C_lexical,580070f4-c5df-4a06-a951-c8942aff46d9,blocked,generated_blocked,True,9047.817,9027.794,10.23,0.04,1476.958,278528.0
Sparkov,FOLLOWUP_SPARKOV_239,A_direct,5c6cf01f-5ab3-4e90-862b-9a45c89630ba,completed,generated_released,True,7614.67,7603.31,0.0,0.015,1756.995,-2228224.0
Sparkov,FOLLOWUP_SPARKOV_234,C_dense,5cd2f834-a5a7-439b-9074-c8d37e387961,blocked,generated_blocked,True,10660.683,10638.782,11.626,0.041,1781.142,4358144.0
Sparkov,FOLLOWUP_SPARKOV_238,C_lexical,617ffeb8-9e29-4886-be04-bbc6c436ccaa,blocked,generated_blocked,True,9315.994,9296.709,9.565,0.04,1455.682,2949120.0
Sparkov,FOLLOWUP_SPARKOV_232,D_hybrid,6192565e-a062-42ac-8f67-16f739339d8a,blocked,generated_blocked,True,10149.413,10122.539,17.08,0.039,1675.932,802816.0
Sparkov,FOLLOWUP_SPARKOV_237,A_direct,633ce16a-8879-4bf2-b5de-70f022f8930c,completed,generated_released,True,6546.626,6536.967,0.0,0.015,1437.276,720896.0
Sparkov,FOLLOWUP_SPARKOV_231,C_lexical,6d76a972-b416-4516-a310-7b6bf23bfd4c,blocked,generated_blocked,True,9736.204,9717.232,9.632,0.041,1519.456,65536.0
Sparkov,FOLLOWUP_SPARKOV_237,D_hybrid,71147da5-2c93-49a3-9339-409ac25f3400,blocked,generated_blocked,True,13160.435,13135.377,15.793,0.048,1811.794,-2785280.0
Sparkov,FOLLOWUP_SPARKOV_235,D_hybrid,721289b6-c689-42cd-a3a6-2e6a779a7a5a,blocked,generated_blocked,True,11616.895,11591.958,15.298,0.042,1858.777,753664.0
Sparkov,FOLLOWUP_SPARKOV_233,B_lexical,8407ab2d-004f-400c-862b-164e8d211ca9,completed,generated_released,True,10469.269,10450.615,9.62,0.013,1669.159,0.0
Sparkov,FOLLOWUP_SPARKOV_236,B_dense,854d1751-2e51-4fb8-994e-8b5cd3f5856f,completed,generated_released,True,8577.944,8563.458,5.413,0.014,1398.51,-2228224.0
Sparkov,FOLLOWUP_SPARKOV_239,B_dense,874fccef-ff9f-4c31-8a2f-058fcbbf5aaa,completed,generated_released,True,96366.191,96045.813,304.027,2.396,16562.816,-523190272.0
Sparkov,FOLLOWUP_SPARKOV_239,C_lexical,88fd6fd1-45bb-4730-bd68-00cf76f9a0b3,blocked,generated_blocked,True,9598.606,9479.192,44.775,0.061,1539.545,26378240.0
Sparkov,FOLLOWUP_SPARKOV_235,B_dense,8d3339fd-4862-4116-83b5-72b91fcb88c9,completed,generated_released,True,8475.285,8460.903,5.209,0.012,1345.163,671744.0
Sparkov,FOLLOWUP_SPARKOV_233,B_dense,8d67f8ad-4e36-4c43-98a8-b2da1d69841a,completed,generated_released,True,10890.482,10875.358,5.463,0.014,1639.983,409600.0
Sparkov,FOLLOWUP_SPARKOV_238,A_direct,902089ae-20b0-4394-b478-ffc3f8e2e50e,completed,generated_released,True,7462.899,7453.886,0.0,0.013,1614.227,0.0
Sparkov,FOLLOWUP_SPARKOV_240,D_hybrid,908971d1-668d-4e75-9c32-e0c20b75e4d2,blocked,generated_blocked,True,10428.526,10404.084,15.266,0.036,1474.646,819200.0
Sparkov,FOLLOWUP_SPARKOV_236,D_hybrid,93964c20-8ce4-4c6d-a1eb-f743dd7ac24f,blocked,generated_blocked,True,9598.773,9574.137,14.889,0.041,1525.333,1228800.0
Sparkov,FOLLOWUP_SPARKOV_237,C_dense,93b489ee-de3a-4279-8c58-497f5b03f06e,blocked,generated_blocked,True,11493.998,11478.645,5.445,0.024,1632.332,671744.0
Sparkov,FOLLOWUP_SPARKOV_238,D_hybrid,99830819-2e8c-4a5f-9863-9101c17db07f,blocked,generated_blocked,True,10023.745,9998.431,15.716,0.026,1588.859,311296.0
Sparkov,FOLLOWUP_SPARKOV_236,C_dense,9a9e4f7f-b6d7-484d-8bb0-04f46f414785,blocked,generated_blocked,True,10484.054,10467.714,5.345,0.037,1669.195,835584.0
Sparkov,FOLLOWUP_SPARKOV_235,C_lexical,9eb58125-468a-4b84-8130-3dced5a177f0,blocked,generated_blocked,True,10139.183,10120.467,9.634,0.024,1598.519,507904.0
Sparkov,FOLLOWUP_SPARKOV_236,A_direct,a0595e66-c8b7-4b2c-ab8b-4157101496ab,completed,generated_released,True,6569.628,6559.617,0.0,0.013,1432.288,950272.0
Sparkov,FOLLOWUP_SPARKOV_233,C_dense,a5c1f4f1-b6b4-4506-9a1b-e5b9e8d14847,blocked,generated_blocked,True,11073.625,11058.955,5.105,0.033,1746.897,0.0
Sparkov,FOLLOWUP_SPARKOV_235,B_lexical,b7a5f94a-289b-4e5e-9bae-133672fa9f10,completed,generated_released,True,8746.752,8727.627,9.816,0.013,1359.546,786432.0
Sparkov,FOLLOWUP_SPARKOV_231,D_hybrid,c0c2e39c-6cab-418b-9fce-5cc73892b8dc,blocked,generated_blocked,True,8461.805,8436.612,15.488,0.035,1297.979,-2523136.0
Sparkov,FOLLOWUP_SPARKOV_237,B_dense,c644121b-44de-404d-873d-013d1d030460,completed,generated_released,True,13094.947,13079.807,5.789,0.029,1987.887,704512.0
Sparkov,FOLLOWUP_SPARKOV_240,B_lexical,c71e1319-34a9-453a-8ffb-5cf712386e62,completed,generated_released,True,11289.078,11269.703,9.701,0.019,1498.178,3457024.0
Sparkov,FOLLOWUP_SPARKOV_234,A_direct,c8dbbca4-bc5f-4e64-aa44-68af5e744a0a,completed,generated_released,True,7091.577,7081.306,0.0,0.014,1593.565,0.0
Sparkov,FOLLOWUP_SPARKOV_233,D_hybrid,d31a013c-2f20-4bd8-aec3-5cc7a4c194a7,blocked,generated_blocked,True,9939.946,9915.132,15.559,0.033,1533.299,0.0
Sparkov,FOLLOWUP_SPARKOV_233,A_direct,db6ace48-a4e5-4bd9-b99e-44ebbe008778,completed,generated_released,True,6688.345,6678.899,0.0,0.019,1439.183,16384.0
Sparkov,FOLLOWUP_SPARKOV_235,C_dense,dc88df57-7efa-4ac2-944c-97782ec52190,blocked,generated_blocked,True,10858.223,10843.514,5.455,0.036,1744.142,704512.0
Sparkov,FOLLOWUP_SPARKOV_239,C_dense,deb2c407-a6e5-44f3-ba26-97f1e769e8ea,blocked,generated_blocked,True,10950.002,10907.185,31.734,0.039,1795.828,1802240.0
Sparkov,FOLLOWUP_SPARKOV_239,D_hybrid,dedfab3c-09c7-468f-a2e6-a184550cda57,blocked,generated_blocked,True,11131.815,11106.095,16.046,0.049,1982.293,1605632.0
Sparkov,FOLLOWUP_SPARKOV_232,B_dense,e1db6f7d-065e-447e-a0b8-8def8a80044a,completed,generated_released,True,8839.54,8824.352,5.909,0.022,1615.249,819200.0
Sparkov,FOLLOWUP_SPARKOV_231,B_dense,eb23a549-6d22-413d-8533-56cb4f91afa4,completed,generated_released,True,8766.762,8751.958,5.429,0.019,1384.933,3424256.0
Sparkov,FOLLOWUP_SPARKOV_237,C_lexical,ecb680cb-c802-47c4-bcdf-75f896db41c7,blocked,generated_blocked,True,9481.241,9461.804,9.698,0.026,1289.566,753664.0
Sparkov,FOLLOWUP_SPARKOV_231,B_lexical,f1a74017-62d2-4413-96c1-cecb159bf941,completed,generated_released,True,9209.566,9190.695,9.637,0.013,1595.599,-819200.0
Sparkov,FOLLOWUP_SPARKOV_233,C_lexical,f62b5caf-f759-4c12-8776-69dadc16a3fb,blocked,generated_blocked,True,9372.401,9353.357,9.666,0.031,1369.291,65536.0
Sparkov,FOLLOWUP_SPARKOV_232,B_lexical,fb9e6144-b424-4a93-b538-14d967cb6714,completed,generated_released,True,11346.103,11324.093,12.103,0.015,1924.76,1015808.0
Sparkov,FOLLOWUP_SPARKOV_240,C_dense,fc8fd98c-11a9-4a57-86f1-3024287f5bdd,blocked,generated_blocked,True,12481.819,12466.485,6.113,0.024,1773.881,720896.0
Sparkov,FOLLOWUP_SPARKOV_250,B_lexical,0274d87a-a992-4451-b2f1-ef162cef879d,completed,generated_released,True,9847.072,9827.173,9.866,0.018,1709.478,3260416.0
Sparkov,FOLLOWUP_SPARKOV_243,D_hybrid,0b4cdf66-535a-4f69-ba1a-f9fd7ce06fd8,blocked,generated_blocked,True,10440.701,10415.24,16.22,0.031,1771.844,819200.0
Sparkov,FOLLOWUP_SPARKOV_249,D_hybrid,0d0add77-7b00-45a1-b0a2-50c8bcafb5d7,blocked,generated_blocked,True,10615.507,10590.251,15.804,0.038,1813.459,966656.0
Sparkov,FOLLOWUP_SPARKOV_250,A_direct,0de6cc29-3058-45c3-b7c4-bfa576306de0,completed,generated_released,True,6646.019,6636.464,0.0,0.017,2301.464,-4177920.0
Sparkov,FOLLOWUP_SPARKOV_248,B_lexical,0de7807d-5ee6-4490-82d3-df8db7a53312,completed,generated_released,True,12128.412,12109.569,9.615,0.022,2121.585,-1294336.0
Sparkov,FOLLOWUP_SPARKOV_241,C_dense,120639e0-11d3-406b-93d8-9ed4a343d6a8,blocked,generated_blocked,True,7648.771,7632.96,6.169,0.039,1333.858,-16384.0
Sparkov,FOLLOWUP_SPARKOV_249,C_lexical,136535dc-2c73-45cf-8e81-b5952e2a7a9f,blocked,generated_blocked,True,8267.267,8248.424,9.602,0.032,1410.91,1310720.0
Sparkov,FOLLOWUP_SPARKOV_248,B_dense,194f317b-effc-4457-9d49-5d12b5c4074d,completed,generated_released,True,7583.511,7563.752,9.21,0.016,1264.56,1327104.0
Sparkov,FOLLOWUP_SPARKOV_246,B_dense,21bc8ec2-4806-4846-a4e9-703c4a6d264b,completed,generated_released,True,8720.215,8705.389,5.594,0.012,1503.764,-2375680.0
Sparkov,FOLLOWUP_SPARKOV_245,B_dense,229045be-b00d-4c4d-b078-6a5133f6dde2,completed,generated_released,True,8510.965,8495.17,6.509,0.012,1455.36,409600.0
Sparkov,FOLLOWUP_SPARKOV_245,D_hybrid,24389472-e60f-4a37-a06d-a552fedc7544,blocked,generated_blocked,True,8668.862,8642.915,16.249,0.04,1459.362,245760.0
Sparkov,FOLLOWUP_SPARKOV_243,B_dense,2cc5e377-0418-4cb9-92b1-ed614af5ef59,completed,generated_released,True,8556.586,8538.835,8.261,0.019,1476.655,1441792.0
Sparkov,FOLLOWUP_SPARKOV_242,D_hybrid,2fb2dabd-8f60-45b1-b4d7-1099f28c9e8f,blocked,generated_blocked,True,9225.367,9199.916,16.027,0.036,1553.227,-3080192.0
Sparkov,FOLLOWUP_SPARKOV_246,B_lexical,354a07d6-cdae-4368-982a-2fc3603f952b,completed,generated_released,True,9359.184,9340.586,9.56,0.019,1589.673,4161536.0
Sparkov,FOLLOWUP_SPARKOV_247,C_lexical,37269e81-c6ef-4dfe-aef3-d25cc50177ac,blocked,generated_blocked,True,12184.78,12165.015,9.913,0.024,2119.472,4571136.0
Sparkov,FOLLOWUP_SPARKOV_241,A_direct,3a3ef759-cc42-4c30-b860-3b74005ec958,completed,generated_released,True,7623.522,7612.437,0.0,0.014,2464.231,-458752.0
Sparkov,FOLLOWUP_SPARKOV_241,C_lexical,3e79106c-d44e-4981-94c2-3bb714862767,blocked,generated_blocked,True,11209.094,11190.311,9.687,0.022,1905.955,2211840.0
Sparkov,FOLLOWUP_SPARKOV_243,A_direct,3f7761ac-c6af-4792-9834-2e99978feed8,completed,generated_released,True,8364.412,8355.334,0.0,0.016,2539.646,-7290880.0
Sparkov,FOLLOWUP_SPARKOV_248,A_direct,41688161-049f-4706-bb59-104fa10716c0,completed,generated_released,True,7357.7,7348.244,0.0,0.023,1879.583,524288.0
Sparkov,FOLLOWUP_SPARKOV_242,C_dense,41ff9058-0e14-45ad-af22-20af61c1ae62,blocked,generated_blocked,True,10168.072,10149.062,8.848,0.036,1749.973,950272.0
Sparkov,FOLLOWUP_SPARKOV_241,B_lexical,4382850b-c650-418a-8982-2311c5fbb458,completed,generated_released,True,9097.395,9076.62,9.662,0.02,1568.395,3358720.0
Sparkov,FOLLOWUP_SPARKOV_244,C_lexical,44233ce0-6392-4730-ba88-c6d73876caff,blocked,generated_blocked,True,9961.027,9941.787,9.656,0.041,1680.09,3915776.0
Sparkov,FOLLOWUP_SPARKOV_241,D_hybrid,485ca919-b769-4d67-b180-5e4960f37f0e,blocked,generated_blocked,True,11560.493,11534.293,16.841,0.036,2009.563,-4964352.0
Sparkov,FOLLOWUP_SPARKOV_246,C_lexical,49e4dd3d-7959-418d-a4d8-29e59f92a88f,blocked,generated_blocked,True,9057.2,9038.022,9.571,0.035,1514.401,4554752.0
Sparkov,FOLLOWUP_SPARKOV_246,C_dense,4b216f3e-313a-42eb-8927-edf5e6d3d6f2,blocked,generated_blocked,True,9241.49,9226.743,5.567,0.043,1581.58,1081344.0
Sparkov,FOLLOWUP_SPARKOV_242,A_direct,51b62dbe-f16d-43d0-9c9a-5478a1d631d6,completed,generated_released,True,7883.641,7874.357,0.0,0.013,2791.146,1622016.0
Sparkov,FOLLOWUP_SPARKOV_248,C_dense,59d54e18-7825-4d03-8ba1-92dfc9d267ed,blocked,generated_blocked,True,10114.629,10094.999,10.31,0.039,1753.299,1622016.0
Sparkov,FOLLOWUP_SPARKOV_250,C_lexical,59f44a99-6f39-4feb-a883-d14383b71ab7,blocked,generated_blocked,True,9173.915,9154.941,9.616,0.039,1541.697,1359872.0
Sparkov,FOLLOWUP_SPARKOV_242,B_dense,5a31ed4b-43e0-4dea-a1bc-7330843179e3,completed,generated_released,True,9446.432,9429.995,7.182,0.021,1636.017,1359872.0
Sparkov,FOLLOWUP_SPARKOV_246,D_hybrid,5fc12982-bddc-46bd-af5c-7f0f125a5c69,blocked,generated_blocked,True,9494.738,9469.673,15.893,0.034,1600.955,966656.0
Sparkov,FOLLOWUP_SPARKOV_249,A_direct,667b463d-23bb-4bcd-9b2d-a93e90639cce,completed,generated_released,True,9116.594,9106.88,0.0,0.079,2432.266,-247496704.0
Sparkov,FOLLOWUP_SPARKOV_248,C_lexical,673ffae9-dc70-4068-836e-65bbdd668a76,blocked,generated_blocked,True,9682.701,9663.586,9.793,0.035,1622.385,1081344.0
Sparkov,FOLLOWUP_SPARKOV_247,D_hybrid,6a572804-b5ce-40db-8336-f239d938478d,blocked,generated_blocked,True,9006.868,8980.015,15.991,0.039,1519.906,1130496.0
Sparkov,FOLLOWUP_SPARKOV_242,B_lexical,74c83ed0-d07e-4319-b196-245351b96dbb,completed,generated_released,True,10115.549,10096.342,9.704,0.019,1794.354,2572288.0
Sparkov,FOLLOWUP_SPARKOV_244,B_lexical,7d877326-9ab3-45e4-a4fa-dc602345dca1,completed,generated_released,True,12848.003,12827.527,9.602,0.023,2330.899,344064.0
Sparkov,FOLLOWUP_SPARKOV_247,B_lexical,8026db0a-a54b-4777-ab31-e60293a1bd7b,completed,generated_released,True,4885.91,4864.062,9.737,0.017,759.801,1228800.0
Sparkov,FOLLOWUP_SPARKOV_243,B_lexical,80935462-101e-4fe6-abf8-ba39657e1656,completed,generated_released,True,11294.977,11276.084,9.64,0.017,2049.978,4653056.0
Sparkov,FOLLOWUP_SPARKOV_250,D_hybrid,81d9e399-c80c-4228-9275-440260282c51,blocked,generated_blocked,True,10736.2,10709.884,16.299,0.026,1821.469,950272.0
Sparkov,FOLLOWUP_SPARKOV_243,C_dense,86441b7d-f4a3-4a3c-90a5-17c0ea5df6ff,blocked,generated_blocked,True,10717.417,10701.803,6.35,0.038,1862.662,1900544.0
Sparkov,FOLLOWUP_SPARKOV_249,B_dense,8aaa863d-9496-40b9-9b6a-83a1026e7fbd,completed,generated_released,True,10227.397,9717.53,500.599,0.012,1704.848,3604480.0
Sparkov,FOLLOWUP_SPARKOV_242,C_lexical,92728b78-2dae-4822-a8b0-87d761471b21,blocked,generated_blocked,True,10019.05,9998.466,9.638,0.021,1662.786,4636672.0
Sparkov,FOLLOWUP_SPARKOV_245,C_dense,93143459-4922-4e79-aa22-667c84695791,blocked,generated_blocked,True,10371.131,10355.688,6.117,0.027,1816.99,327680.0
Sparkov,FOLLOWUP_SPARKOV_245,C_lexical,97c82d24-65a1-41db-aeb4-ef7726b83d5c,blocked,generated_blocked,True,10896.574,10877.8,9.609,0.027,1851.075,245760.0
Sparkov,FOLLOWUP_SPARKOV_244,B_dense,997bb850-4408-4b89-9111-4c52acbe8905,completed,generated_released,True,9405.509,9165.8,228.315,0.011,1584.783,2441216.0
Sparkov,FOLLOWUP_SPARKOV_247,B_dense,9f04e4a4-1b6b-41de-bff1-aff5a7116a2d,completed,generated_released,True,8177.019,8093.05,73.958,0.013,1389.926,835584.0
Sparkov,FOLLOWUP_SPARKOV_244,D_hybrid,a45d09cf-cad0-4adc-b70b-21130c560033,blocked,generated_blocked,True,9245.571,9219.284,16.223,0.035,1569.863,-3358720.0
Sparkov,FOLLOWUP_SPARKOV_247,C_dense,a7c9ee8c-2492-481d-9b05-041a857c9462,blocked,generated_blocked,True,10641.993,10621.446,11.336,0.035,1846.685,1327104.0
Sparkov,FOLLOWUP_SPARKOV_246,A_direct,a91930dc-8806-4310-a6c1-369dae576411,completed,generated_released,True,25428.4,25419.368,0.0,0.021,4696.34,-41287680.0
Sparkov,FOLLOWUP_SPARKOV_250,B_dense,b066ebd6-17fa-481e-8d3f-504ed1c053f0,completed,generated_released,True,10095.994,10080.621,6.208,0.011,1766.604,1556480.0
Sparkov,FOLLOWUP_SPARKOV_248,D_hybrid,b66eff41-274d-445f-a812-f76a2d175df3,blocked,generated_blocked,True,10227.251,10202.03,16.018,0.027,1773.734,344064.0
Sparkov,FOLLOWUP_SPARKOV_244,A_direct,bb048217-a1e2-4fe6-b204-bb12c1c578b8,completed,generated_released,True,12689.348,12679.975,0.0,0.013,3444.899,-3620864.0
Sparkov,FOLLOWUP_SPARKOV_244,C_dense,bd7a06e1-303e-4577-8b27-ddd74f746169,blocked,generated_blocked,True,9365.897,9350.896,5.775,0.037,1601.583,1523712.0
Sparkov,FOLLOWUP_SPARKOV_249,C_dense,c7ab67c6-aac5-459d-bbf8-77ab339b5702,blocked,generated_blocked,True,10854.295,10838.816,6.35,0.042,1890.231,966656.0
Sparkov,FOLLOWUP_SPARKOV_243,C_lexical,d8985af0-2306-4874-b6c7-8fa9e08f6128,blocked,generated_blocked,True,9002.498,8983.621,9.565,0.036,1495.308,1097728.0
Sparkov,FOLLOWUP_SPARKOV_249,B_lexical,dcccf4d9-d248-43e0-b6fb-892f7d3fb41e,completed,generated_released,True,9552.033,9485.422,46.15,0.013,1695.353,11223040.0
Sparkov,FOLLOWUP_SPARKOV_241,B_dense,dd386c2b-e506-4da6-bd0e-e8f649fb3fa2,completed,generated_released,True,9061.696,9046.823,5.71,0.012,1570.669,4014080.0
Sparkov,FOLLOWUP_SPARKOV_247,A_direct,e32ce1e2-4a93-4b6b-8a05-dfd3ad4836e6,completed,generated_released,True,11927.368,11918.213,0.0,0.015,3450.097,-7782400.0
Sparkov,FOLLOWUP_SPARKOV_245,A_direct,e52cfc43-69c7-43cd-b608-02456ea6f737,completed,generated_released,True,9063.913,9054.792,0.0,0.013,2937.379,-8863744.0
Sparkov,FOLLOWUP_SPARKOV_250,C_dense,ea2addb9-e432-4235-8dfa-364e8cd62e8f,blocked,generated_blocked,True,12010.534,11995.148,6.067,0.027,2110.968,1769472.0
Sparkov,FOLLOWUP_SPARKOV_245,B_lexical,eddceceb-bb3e-4286-8218-dfd75970ae29,completed,generated_released,True,10081.021,10062.211,9.607,0.02,1728.764,360448.0
Sparkov,FOLLOWUP_SPARKOV_251,A_direct,05804339-c96b-4914-a0d4-adec70df0264,completed,generated_released,True,4968.669,4959.584,0.0,0.022,1052.404,81920.0
Sparkov,FOLLOWUP_SPARKOV_251,C_dense,08f8bce4-c80b-4521-ae3f-f3692de8e849,blocked,generated_blocked,True,10208.227,10193.494,5.132,0.024,1651.534,507904.0
Sparkov,FOLLOWUP_SPARKOV_253,D_hybrid,0a9b8745-b3d9-48b1-a6d3-7304b22fba6c,blocked,generated_blocked,True,10643.32,10618.99,14.795,0.038,1664.387,540672.0
Sparkov,FOLLOWUP_SPARKOV_251,C_lexical,151f4705-f79c-4b63-9725-3ea69123267d,blocked,generated_blocked,True,9202.705,9183.9,9.581,0.037,1443.877,229376.0
Sparkov,FOLLOWUP_SPARKOV_251,B_lexical,1658fdd1-92ff-465b-8142-af56c597b02b,completed,generated_released,True,11913.693,11894.9,9.574,0.022,1916.07,163840.0
Sparkov,FOLLOWUP_SPARKOV_259,C_dense,18244ec4-d5ca-4538-80b8-1bffc034d4e6,blocked,generated_blocked,True,89942.226,89628.036,295.718,4.915,15787.631,-608501760.0
Sparkov,FOLLOWUP_SPARKOV_255,A_direct,1b8db4fa-6013-42de-b448-458cfd73189a,completed,generated_released,True,8672.888,8663.879,0.0,0.029,1897.544,98304.0
Sparkov,FOLLOWUP_SPARKOV_256,B_lexical,1c0bf26a-70c1-48ef-9cf3-11b79d0a68e9,completed,generated_released,True,10024.293,10005.683,9.534,0.017,1578.843,999424.0
Sparkov,FOLLOWUP_SPARKOV_260,C_dense,2614e36e-d955-46aa-a912-1890a3b7d35b,blocked,generated_blocked,True,9786.766,9771.553,5.331,0.022,1537.659,3407872.0
Sparkov,FOLLOWUP_SPARKOV_255,B_lexical,2b7f7187-9804-40ef-9532-a30e9d176c55,completed,generated_released,True,7672.382,7653.474,9.557,0.02,1164.722,212992.0
Sparkov,FOLLOWUP_SPARKOV_252,B_dense,2c38fc79-2a8d-4ee1-8978-6e23ae4a4ad0,completed,generated_released,True,8999.805,8984.627,5.453,0.014,1435.302,-2244608.0
Sparkov,FOLLOWUP_SPARKOV_260,B_lexical,2da97276-483f-4b74-87ce-ede49baab25b,completed,generated_released,True,9784.574,9765.784,9.634,0.015,1527.11,901120.0
Sparkov,FOLLOWUP_SPARKOV_258,B_dense,3079e906-3da7-4d4f-bb0c-9e5d1688ede8,completed,generated_released,True,8063.876,8042.683,11.974,0.029,1263.567,458752.0
Sparkov,FOLLOWUP_SPARKOV_252,D_hybrid,32f356de-1c85-4f7e-baf4-fb79fea05794,blocked,generated_blocked,True,9115.998,9090.76,15.998,0.04,1416.081,229376.0
Sparkov,FOLLOWUP_SPARKOV_256,A_direct,3afc4ec0-b29a-4b38-a466-5ffd210ae200,completed,generated_released,True,6726.089,6716.524,0.0,0.013,1459.204,884736.0
Sparkov,FOLLOWUP_SPARKOV_251,B_dense,40bd59d7-6e4a-47ab-b65c-bf0bb1534bce,completed,generated_released,True,11698.229,11683.723,4.981,0.022,1915.331,442368.0
Sparkov,FOLLOWUP_SPARKOV_255,B_dense,44a729a5-fd18-4f37-bda3-a92b1f03e23d,completed,generated_released,True,10281.659,10267.055,5.07,0.015,1687.048,589824.0
Sparkov,FOLLOWUP_SPARKOV_259,B_lexical,457cea04-27c2-4a4c-b537-bbf8f145f1ae,completed,generated_released,True,7085.288,7066.275,9.546,0.012,1051.898,1785856.0
Sparkov,FOLLOWUP_SPARKOV_257,C_dense,505122c1-0522-4162-b583-97c1adc2153a,blocked,generated_blocked,True,10335.033,10320.571,5.294,0.029,1649.201,491520.0
Sparkov,FOLLOWUP_SPARKOV_257,B_dense,532d6687-c838-4b0f-b286-7d7daefa04fc,completed,generated_released,True,10441.171,10426.581,5.301,0.013,1683.862,819200.0
Sparkov,FOLLOWUP_SPARKOV_254,B_lexical,58c68055-9394-4955-999d-be581a7b21d0,completed,generated_released,True,11566.425,11547.809,9.524,0.014,1872.031,966656.0
Sparkov,FOLLOWUP_SPARKOV_258,A_direct,5bacbc8c-85de-4d1a-9c5a-d0f67c21ab88,completed,generated_released,True,7896.407,7887.29,0.0,0.013,1721.891,16384.0
Sparkov,FOLLOWUP_SPARKOV_254,D_hybrid,600f94d1-fafa-4c41-89fd-b1e77ac3b274,blocked,generated_blocked,True,9355.591,9330.932,15.274,0.037,1462.847,704512.0
Sparkov,FOLLOWUP_SPARKOV_255,C_dense,66178873-0bf7-4f1a-8ed8-756457c13b0b,blocked,generated_blocked,True,10657.377,10642.774,5.293,0.039,1718.522,458752.0
Sparkov,FOLLOWUP_SPARKOV_259,B_dense,6e13dc19-7db9-43ff-b25c-5639d91a99e7,completed,generated_released,True,10075.882,10061.058,5.732,0.016,1606.32,1359872.0
Sparkov,FOLLOWUP_SPARKOV_258,C_lexical,6f1f1aed-5fc3-4031-af7d-a77d8f8fa10d,blocked,generated_blocked,True,10296.376,10277.618,9.477,0.022,1619.247,32768.0
Sparkov,FOLLOWUP_SPARKOV_255,D_hybrid,72f59f6c-259f-4ba2-b264-c49f92956dae,blocked,generated_blocked,True,10595.734,10570.801,14.952,0.037,1682.5,737280.0
Sparkov,FOLLOWUP_SPARKOV_253,C_lexical,7511658f-4879-42df-a660-093f5a84e21d,blocked,generated_blocked,True,9278.726,9259.628,9.547,0.036,1446.556,573440.0
Sparkov,FOLLOWUP_SPARKOV_256,D_hybrid,75139f4e-0961-4359-8391-6854666f73ad,blocked,generated_blocked,True,11267.687,11237.251,21.188,0.023,1808.58,1753088.0
Sparkov,FOLLOWUP_SPARKOV_253,B_dense,76d4e67b-33be-4397-b085-926096519cc4,completed,generated_released,True,11109.275,11094.51,5.061,0.018,1806.901,3178496.0
Sparkov,FOLLOWUP_SPARKOV_257,C_lexical,7837e5e7-4c7e-4bcf-9125-5c385fe97978,blocked,generated_blocked,True,9506.992,9487.675,9.665,0.028,1482.217,278528.0
Sparkov,FOLLOWUP_SPARKOV_259,A_direct,7b07f72e-5fb2-498a-89d9-c2bdec25ba74,completed,generated_released,True,6544.282,6534.752,0.0,0.015,1395.392,1458176.0
Sparkov,FOLLOWUP_SPARKOV_253,C_dense,7cb29c4f-3d53-44c2-8079-839eba5ad142,blocked,generated_blocked,True,11181.801,11167.661,4.979,0.036,1772.993,196608.0
Sparkov,FOLLOWUP_SPARKOV_254,C_dense,8b1429b8-bcce-4a29-bbf5-da69472033f3,blocked,generated_blocked,True,11735.529,11720.774,5.488,0.021,1918.236,1032192.0
Sparkov,FOLLOWUP_SPARKOV_254,B_dense,8e936061-2904-4189-8120-41dd205db6dd,completed,generated_released,True,9671.973,9656.623,6.092,0.014,1543.832,-2048000.0
Sparkov,FOLLOWUP_SPARKOV_260,A_direct,9977b650-aafa-4971-8675-b37ffe39b4c2,completed,generated_released,True,6883.31,6873.985,0.0,0.014,1476.293,540672.0
Sparkov,FOLLOWUP_SPARKOV_255,C_lexical,997d186a-2e1d-4e63-8bfa-e19c1d61c0fd,blocked,generated_blocked,True,10611.484,10592.651,9.563,0.025,1681.633,196608.0
Sparkov,FOLLOWUP_SPARKOV_257,D_hybrid,9b307303-13a3-48ec-8df2-6917abc440c5,blocked,generated_blocked,True,8566.069,8541.979,14.813,0.037,1330.186,704512.0
Sparkov,FOLLOWUP_SPARKOV_256,B_dense,9d3d478a-908f-45e4-93bd-1d8db08f4833,completed,generated_released,True,7435.6,7420.541,5.912,0.042,1144.691,851968.0
Sparkov,FOLLOWUP_SPARKOV_259,C_lexical,a1a7ec57-b998-448b-9dca-081d800ef7cd,blocked,generated_blocked,True,11996.052,11977.463,9.55,0.025,1921.903,1490944.0
Sparkov,FOLLOWUP_SPARKOV_256,C_dense,a3c76182-d210-449c-8220-456a34de7664,blocked,generated_blocked,True,9661.904,9647.321,5.078,0.04,1535.454,819200.0
Sparkov,FOLLOWUP_SPARKOV_258,C_dense,b057d7c5-f23b-4c0b-97ea-72c8186576e1,blocked,generated_blocked,True,9984.668,9970.014,5.436,0.037,1599.193,0.0
Sparkov,FOLLOWUP_SPARKOV_253,A_direct,b2a877d8-f03a-417a-9f99-8605531b0de1,completed,generated_released,True,6410.493,6401.434,0.0,0.014,1369.272,606208.0
Sparkov,FOLLOWUP_SPARKOV_260,B_dense,c0a249e8-ce9b-4315-b025-91da356d9149,completed,generated_released,True,8913.16,8898.823,5.083,0.013,1387.96,671744.0
Sparkov,FOLLOWUP_SPARKOV_252,A_direct,c9e69d80-8b47-4238-ae1f-d6c96ced0cb6,completed,generated_released,True,8304.629,8295.037,0.0,0.021,1806.121,442368.0
Sparkov,FOLLOWUP_SPARKOV_257,A_direct,d25855b7-33fe-4ca9-bd83-d720c1c8487f,completed,generated_released,True,7869.008,7859.458,0.0,0.015,1704.149,65536.0
Sparkov,FOLLOWUP_SPARKOV_252,C_lexical,d2aa7ffa-7d73-43f8-8294-2d1c20c4d934,blocked,generated_blocked,True,10148.67,10129.553,9.56,0.035,1599.261,3751936.0
Sparkov,FOLLOWUP_SPARKOV_254,C_lexical,d5d50562-c77d-4073-a3a9-821e0ee2b597,blocked,generated_blocked,True,8968.351,8949.08,9.613,0.039,1402.618,3702784.0
Sparkov,FOLLOWUP_SPARKOV_259,D_hybrid,d93b2e40-047e-4722-8fcf-9a91972d7ec9,blocked,generated_blocked,True,8407.239,8231.668,98.724,0.038,1251.961,23838720.0
Sparkov,FOLLOWUP_SPARKOV_256,C_lexical,ddc7e9c4-ef5d-407f-87f1-d1ea6b71c026,blocked,generated_blocked,True,8919.082,8900.19,9.675,0.04,1377.177,1081344.0
Sparkov,FOLLOWUP_SPARKOV_258,B_lexical,df3c13ba-c129-4234-9988-02da8c2d22e7,completed,generated_released,True,7605.226,7586.591,9.578,0.011,1155.215,245760.0
Sparkov,FOLLOWUP_SPARKOV_252,C_dense,e16ce4f2-a1e4-443e-852b-db5508971751,blocked,generated_blocked,True,9309.721,9295.51,5.06,0.044,1473.276,688128.0
Sparkov,FOLLOWUP_SPARKOV_260,D_hybrid,e29c9f1f-9710-43d3-a0fe-e018ec4c3de3,blocked,generated_blocked,True,10097.906,10073.684,15.036,0.025,1563.017,376832.0
Sparkov,FOLLOWUP_SPARKOV_252,B_lexical,e4b8d449-85f8-4a6e-9528-a909ba60a386,completed,generated_released,True,9508.188,9488.499,9.648,0.012,1495.507,770048.0
Sparkov,FOLLOWUP_SPARKOV_254,A_direct,e62728fc-8acb-4471-88d7-182a95df113c,completed,generated_released,True,6194.315,6185.34,0.0,0.014,1332.944,655360.0
Sparkov,FOLLOWUP_SPARKOV_253,B_lexical,ec5eb300-174e-457a-a438-0f2bd655dfa0,completed,generated_released,True,7486.332,7467.553,9.549,0.013,1145.514,-2129920.0
Sparkov,FOLLOWUP_SPARKOV_260,C_lexical,f79853eb-493a-4466-bf9f-a171ab8bb9fc,blocked,generated_blocked,True,9700.198,9681.514,9.555,0.033,1560.47,-2375680.0
Sparkov,FOLLOWUP_SPARKOV_258,D_hybrid,f8c7aaf1-06d1-4543-b03f-15e5f9651f60,blocked,generated_blocked,True,8889.381,8864.847,14.93,0.027,1375.613,32768.0
Sparkov,FOLLOWUP_SPARKOV_251,D_hybrid,fb08cae9-e951-4be8-bad3-1622733dd344,blocked,generated_blocked,True,8986.403,8961.489,15.695,0.034,1389.648,704512.0
Sparkov,FOLLOWUP_SPARKOV_257,B_lexical,fe8ce9cc-c71a-4092-8279-93c609bc894e,completed,generated_released,True,10894.368,10875.735,9.475,0.019,1721.424,147456.0
Sparkov,FOLLOWUP_SPARKOV_270,B_dense,0426cbad-7fda-4260-9845-eeb3344bf2cf,completed,generated_released,True,11538.897,11523.688,5.529,0.014,1888.332,671744.0
Sparkov,FOLLOWUP_SPARKOV_269,A_direct,05aab3de-0861-4a90-9ae7-33be162c4d9b,completed,generated_released,True,7254.539,7244.343,0.0,0.013,1573.224,1343488.0
Sparkov,FOLLOWUP_SPARKOV_263,B_lexical,083f31d8-35c4-47f8-b987-9ff7ca5ac4e0,completed,generated_released,True,8121.058,8101.469,9.772,0.012,1253.951,-2752512.0
Sparkov,FOLLOWUP_SPARKOV_270,A_direct,145e9322-b5f2-4ae1-85a5-879b8476e4e5,completed,generated_released,True,6858.392,6848.72,0.0,0.013,1500.744,557056.0
Sparkov,FOLLOWUP_SPARKOV_265,C_lexical,15207f00-df7e-4fde-91f2-fd1d8fe721a1,blocked,generated_blocked,True,9931.146,9912.191,9.511,0.023,1578.351,606208.0
Sparkov,FOLLOWUP_SPARKOV_268,B_dense,15d48365-d9dd-4be3-b176-61ba5039cf81,completed,generated_released,True,8804.122,8782.852,8.775,0.018,1419.473,1654784.0
Sparkov,FOLLOWUP_SPARKOV_269,C_lexical,22a96e61-3761-405c-b041-fbfe4bfb7e4d,blocked,generated_blocked,True,9258.177,9144.55,47.849,0.104,1401.439,26148864.0
Sparkov,FOLLOWUP_SPARKOV_268,A_direct,270e07dd-0fae-41a6-9746-e85474b768db,completed,generated_released,True,6741.339,6731.437,0.0,0.017,1803.164,393216.0
Sparkov,FOLLOWUP_SPARKOV_266,B_lexical,2e605558-7115-463a-8fa8-2814f365e11a,completed,generated_released,True,11956.879,11937.825,9.549,0.024,1887.365,1130496.0
Sparkov,FOLLOWUP_SPARKOV_262,B_lexical,2fef20fa-441c-4fab-9a99-6495f75d6284,completed,generated_released,True,9070.59,9051.484,9.555,0.013,1424.957,950272.0
Sparkov,FOLLOWUP_SPARKOV_264,B_dense,315c23b8-631d-44cd-8769-0c150d44df03,completed,generated_released,True,2780.914,2765.539,5.609,0.017,311.163,966656.0
Sparkov,FOLLOWUP_SPARKOV_269,B_dense,33e18ff9-82be-46de-b3b7-04d6188dd80c,completed,generated_released,True,83599.716,83233.134,349.989,2.942,15133.113,-518766592.0
Sparkov,FOLLOWUP_SPARKOV_265,C_dense,359cfe86-af3e-47b0-bc6f-a4006cc01324,blocked,generated_blocked,True,10617.281,10602.405,4.951,0.033,1722.419,3457024.0
Sparkov,FOLLOWUP_SPARKOV_266,C_dense,39103960-3bea-4cb5-a877-b4a4cba5fc38,blocked,generated_blocked,True,10926.652,10905.917,10.725,0.036,1772.513,950272.0
Sparkov,FOLLOWUP_SPARKOV_264,A_direct,403d0675-4c00-409a-86d1-4af5ae1e513c,completed,generated_released,True,6532.644,6522.975,0.0,0.013,1408.735,688128.0
Sparkov,FOLLOWUP_SPARKOV_264,C_lexical,40eeb50a-d948-452a-8fdb-f991a16bb68b,blocked,generated_blocked,True,9668.545,9649.094,9.521,0.035,1521.947,-2080768.0
Sparkov,FOLLOWUP_SPARKOV_267,C_lexical,46bb6cbb-eaa5-44c2-9209-3011669c9bce,blocked,generated_blocked,True,9391.59,9372.46,9.551,0.031,1476.248,802816.0
Sparkov,FOLLOWUP_SPARKOV_268,B_lexical,4c2d9493-8529-436f-8b06-86d4ea90b43b,completed,generated_released,True,8851.927,8829.814,10.962,0.025,1398.667,2654208.0
Sparkov,FOLLOWUP_SPARKOV_269,C_dense,4eeb4c92-7fa3-4c8f-8131-2c61ad95c8e6,blocked,generated_blocked,True,10922.423,10880.637,31.638,0.037,1740.923,1687552.0
Sparkov,FOLLOWUP_SPARKOV_261,C_lexical,5149a0d5-8792-45b9-a556-c12483650bc2,blocked,generated_blocked,True,10339.128,10319.661,9.563,0.044,1795.289,-4947968.0
Sparkov,FOLLOWUP_SPARKOV_268,C_dense,52bf8440-edf4-46c5-be03-dc5abdd3294f,blocked,generated_blocked,True,10981.121,10965.74,5.616,0.042,1782.286,589824.0
Sparkov,FOLLOWUP_SPARKOV_265,B_lexical,58d4ed82-7091-4aa0-97c4-41862518719f,completed,generated_released,True,9824.079,9804.358,9.791,0.026,1548.587,950272.0
Sparkov,FOLLOWUP_SPARKOV_270,B_lexical,58d82170-c6aa-4577-b75b-f7e1663ad0ce,completed,generated_released,True,11451.343,11431.418,9.559,0.013,1830.269,737280.0
Sparkov,FOLLOWUP_SPARKOV_263,C_lexical,648ef6a5-685a-40fc-bca3-187dd8fb27c3,blocked,generated_blocked,True,8236.677,8217.812,9.49,0.033,1268.593,786432.0
Sparkov,FOLLOWUP_SPARKOV_267,D_hybrid,6d081a30-ef1e-4246-9ce9-f5f5b5a39f32,blocked,generated_blocked,True,9533.171,9508.608,14.928,0.04,1508.442,753664.0
Sparkov,FOLLOWUP_SPARKOV_266,D_hybrid,750f801e-b58a-4bf4-8827-0ba054de412d,blocked,generated_blocked,True,9162.449,9137.018,15.686,0.035,1426.099,-2277376.0
Sparkov,FOLLOWUP_SPARKOV_261,A_direct,77d8d551-c338-42a7-9c34-dcaa646c5128,completed,generated_released,True,7788.601,7779.276,0.0,0.013,1719.822,32768.0
Sparkov,FOLLOWUP_SPARKOV_269,B_lexical,795b3b0e-bc43-479c-b7d4-958bdc1e3d31,completed,generated_released,True,11108.574,11088.726,9.636,0.015,1775.373,1261568.0
Sparkov,FOLLOWUP_SPARKOV_268,D_hybrid,7a01054c-50ca-4a62-b9bf-dda54f33df54,blocked,generated_blocked,True,10586.556,10561.338,15.009,0.028,1842.598,245760.0
Sparkov,FOLLOWUP_SPARKOV_267,A_direct,7e4fbfbb-c306-4155-8934-43b6927a64d1,completed,generated_released,True,6997.443,6987.255,0.0,0.014,1521.181,770048.0
Sparkov,FOLLOWUP_SPARKOV_262,D_hybrid,894a686f-2671-48ec-a49c-abe25d6755c3,blocked,generated_blocked,True,9216.673,9191.503,15.228,0.039,1430.755,3768320.0
Sparkov,FOLLOWUP_SPARKOV_263,A_direct,8a1228fb-fa2c-4b1c-bc73-d496d8d209e4,completed,generated_released,True,7825.053,7815.421,0.0,0.012,1706.965,622592.0
Sparkov,FOLLOWUP_SPARKOV_265,D_hybrid,8d46abfd-b557-462b-a285-2fa9e8b5bcee,blocked,generated_blocked,True,11034.759,11010.19,14.724,0.022,1774.139,851968.0
Sparkov,FOLLOWUP_SPARKOV_266,C_lexical,95f65681-8a41-4fd1-b236-1d48118d35b4,blocked,generated_blocked,True,10501.115,10481.447,9.59,0.028,1668.09,901120.0
Sparkov,FOLLOWUP_SPARKOV_264,D_hybrid,96aa8b94-2e03-46bf-83c1-b8105cc41a54,blocked,generated_blocked,True,10726.179,10701.101,15.814,0.036,1687.135,770048.0
Sparkov,FOLLOWUP_SPARKOV_263,B_dense,998de3ea-0191-445b-b5ee-6cec8d33857d,completed,generated_released,True,8922.831,8908.184,5.235,0.014,1427.247,589824.0
Sparkov,FOLLOWUP_SPARKOV_262,B_dense,99c7ffa3-3ca0-463c-9d47-78a2794cf87d,completed,generated_released,True,9218.112,9203.841,5.115,0.022,1492.392,-2310144.0
Sparkov,FOLLOWUP_SPARKOV_262,A_direct,9f83dbb3-99ed-4f2e-9f5a-9eae8cd602e0,completed,generated_released,True,6642.507,6633.038,0.0,0.011,1435.181,704512.0
Sparkov,FOLLOWUP_SPARKOV_266,B_dense,a1abb94c-4368-4943-8d50-e34b936e0736,completed,generated_released,True,11018.405,11003.504,5.06,0.014,1763.371,-2146304.0
Sparkov,FOLLOWUP_SPARKOV_261,B_lexical,a20a71fa-42f8-44a7-a020-0a8073edc1f1,completed,generated_released,True,11943.268,11924.257,9.512,0.024,1939.628,16384.0
Sparkov,FOLLOWUP_SPARKOV_261,D_hybrid,ad8f2c98-edc2-4cda-9d2b-1e60e0d3c2f0,blocked,generated_blocked,True,10350.301,10325.803,14.906,0.021,1642.879,196608.0
Sparkov,FOLLOWUP_SPARKOV_268,C_lexical,b130a424-24d9-4ea7-82a7-8a8d7d16e329,blocked,generated_blocked,True,10175.492,10155.969,9.662,0.036,1614.649,409600.0
Sparkov,FOLLOWUP_SPARKOV_269,D_hybrid,b38be3b9-e19b-44be-982c-880342c0f1a7,blocked,generated_blocked,True,8953.065,8926.444,16.606,0.036,1396.662,1228800.0
Sparkov,FOLLOWUP_SPARKOV_267,B_dense,b398cb7a-157c-4478-a562-d1cf81bf60f9,completed,generated_released,True,8834.969,8818.619,6.167,0.022,1405.329,884736.0
Sparkov,FOLLOWUP_SPARKOV_270,C_lexical,b3f5b7bf-f3b3-4c2c-b51f-cf1b8160d182,blocked,generated_blocked,True,9449.968,9430.297,9.759,0.036,1488.765,737280.0
Sparkov,FOLLOWUP_SPARKOV_262,C_dense,b92a4562-6f8d-445d-9cb7-66cf66c15906,blocked,generated_blocked,True,11075.462,11060.365,4.938,0.03,1780.431,3670016.0
Sparkov,FOLLOWUP_SPARKOV_270,C_dense,b9f6cdec-453a-4141-81d8-adab5ca5f1d4,blocked,generated_blocked,True,10727.178,10712.027,5.298,0.04,1735.258,720896.0
Sparkov,FOLLOWUP_SPARKOV_262,C_lexical,bd7bbe43-61d2-45db-968c-2b27ab3edd16,blocked,generated_blocked,True,10272.45,10251.979,9.604,0.051,1665.683,770048.0
Sparkov,FOLLOWUP_SPARKOV_265,B_dense,ce85997e-0b46-46c6-8454-165348cdcf74,completed,generated_released,True,8294.795,8279.599,5.162,0.021,1330.08,819200.0
Sparkov,FOLLOWUP_SPARKOV_266,A_direct,d1c93549-3589-4ed3-bc03-c2a09fbbfe8a,completed,generated_released,True,6415.367,6405.735,0.0,0.013,1377.647,3309568.0
Sparkov,FOLLOWUP_SPARKOV_267,B_lexical,d26e6001-c6bc-4f3b-b78c-1c2a81c59bde,completed,generated_released,True,8182.057,8161.889,9.671,0.02,1263.045,704512.0
Sparkov,FOLLOWUP_SPARKOV_267,C_dense,d36bf18a-78bd-4ef4-9377-40db5232bacb,blocked,generated_blocked,True,10149.43,10134.577,5.296,0.026,1633.749,573440.0
Sparkov,FOLLOWUP_SPARKOV_264,C_dense,d72c78db-b5aa-45ae-9ffa-7fc5a6c4c272,blocked,generated_blocked,True,6721.962,6707.027,5.441,0.025,1007.051,3751936.0
Sparkov,FOLLOWUP_SPARKOV_261,C_dense,dba9eeb6-d67f-426f-a858-5c686c82cec6,blocked,generated_blocked,True,11060.272,11045.051,5.344,0.039,1817.868,737280.0
Sparkov,FOLLOWUP_SPARKOV_264,B_lexical,dc91adba-c461-4954-b137-855251b55396,completed,generated_released,True,11930.052,11911.355,9.557,0.022,1910.509,835584.0
Sparkov,FOLLOWUP_SPARKOV_270,D_hybrid,e1ac63f5-747c-4229-a895-fdc49e136ba5,blocked,generated_blocked,True,11931.659,11907.293,15.015,0.026,1934.858,180224.0
Sparkov,FOLLOWUP_SPARKOV_263,C_dense,e3b0f42e-822d-48c1-8ded-03abae833296,blocked,generated_blocked,True,10857.507,10842.697,5.046,0.037,1754.536,720896.0
Sparkov,FOLLOWUP_SPARKOV_265,A_direct,e4efa1c7-3284-47bf-8f59-5e89388e0efa,completed,generated_released,True,6080.261,6070.852,0.0,0.013,1323.672,622592.0
Sparkov,FOLLOWUP_SPARKOV_261,B_dense,f0980288-7614-4b9c-9a69-77f713ec8711,completed,generated_released,True,7529.321,7514.831,4.971,0.014,1314.722,-19103744.0
Sparkov,FOLLOWUP_SPARKOV_263,D_hybrid,f74a13f9-7f76-4240-ab4b-8b4a8166a9f7,blocked,generated_blocked,True,10687.662,10663.267,14.902,0.037,1720.918,688128.0
Sparkov,FOLLOWUP_SPARKOV_272,C_dense,11bdd5d6-6e78-47c8-aa0f-d27af259b778,blocked,generated_blocked,True,9686.904,9665.62,12.019,0.035,1599.924,1277952.0
Sparkov,FOLLOWUP_SPARKOV_278,D_hybrid,120e5214-365b-465d-a5f0-2190f3715561,blocked,generated_blocked,True,10803.882,10779.715,14.874,0.039,1867.358,-2506752.0
Sparkov,FOLLOWUP_SPARKOV_275,C_dense,1597a49e-670f-4598-a2ec-716f24f8f159,blocked,generated_blocked,True,2995.067,2979.216,5.602,0.023,367.976,786432.0
Sparkov,FOLLOWUP_SPARKOV_274,B_dense,16cb9f3e-07cb-48ce-ba3e-0239ed478be9,completed,generated_released,True,11364.087,9712.795,1639.945,0.012,1615.605,5062656.0
Sparkov,FOLLOWUP_SPARKOV_274,A_direct,1b28c6f2-ddaf-4c6d-8a6c-243026640fd5,completed,generated_released,True,64157.655,64147.971,0.0,0.014,9555.358,-1753088.0
Sparkov,FOLLOWUP_SPARKOV_276,B_dense,1de69a89-e619-4bab-a20b-88b754460bec,completed,generated_released,True,9024.839,9004.451,10.854,0.013,1479.049,1261568.0
Sparkov,FOLLOWUP_SPARKOV_271,B_lexical,20eb65ec-d0f0-4599-945e-db3017b51450,completed,generated_released,True,8229.513,8207.503,10.159,0.019,1583.579,1048576.0
Sparkov,FOLLOWUP_SPARKOV_273,D_hybrid,21f00e3d-0ff0-4097-b91e-80623dee5cf3,blocked,generated_blocked,True,12045.667,12019.507,16.008,0.04,2023.584,655360.0
Sparkov,FOLLOWUP_SPARKOV_279,D_hybrid,27a87249-78ea-42c4-90d7-0acacf444d60,blocked,generated_blocked,True,10569.904,10545.582,14.997,0.045,1731.923,-2146304.0
Sparkov,FOLLOWUP_SPARKOV_280,B_dense,2c334857-74b2-427d-a280-bdf0d205ff7e,completed,generated_released,True,10448.338,10432.793,5.863,0.013,1788.121,819200.0
Sparkov,FOLLOWUP_SPARKOV_273,B_dense,2fbb230c-8af1-4478-afef-257710aba774,completed,generated_released,True,8527.808,8511.882,6.372,0.013,1426.285,114688.0
Sparkov,FOLLOWUP_SPARKOV_278,B_lexical,37b17652-fb04-491d-b4af-34f65f5d4816,completed,generated_released,True,8167.977,8147.028,9.659,0.019,1325.842,4210688.0
Sparkov,FOLLOWUP_SPARKOV_275,B_dense,42a669be-bf22-4de6-bfef-4b5b67368f20,completed,generated_released,True,10011.651,9995.287,6.129,0.02,1684.652,573440.0
Sparkov,FOLLOWUP_SPARKOV_277,B_lexical,4790d041-778b-406c-b053-cc13f86415d0,completed,generated_released,True,4620.367,4597.308,10.39,0.019,654.127,3751936.0
Sparkov,FOLLOWUP_SPARKOV_272,B_lexical,47abe8ee-92f1-4eba-af73-169d7c7ba3cd,completed,generated_released,True,7323.064,7301.085,10.392,0.017,1128.401,4669440.0
Sparkov,FOLLOWUP_SPARKOV_277,C_lexical,4aef0e4a-4cca-4526-bae9-3c583e94d5d2,blocked,generated_blocked,True,9848.968,9828.789,9.903,0.024,1630.286,376832.0
Sparkov,FOLLOWUP_SPARKOV_278,A_direct,4ea53280-79e6-41fa-bb67-6ff5ccb0746f,completed,generated_released,True,64284.46,64273.405,0.0,0.024,10048.774,-3833856.0
Sparkov,FOLLOWUP_SPARKOV_272,D_hybrid,55a9c071-b749-4e4a-b327-dd8a79cd27d7,blocked,generated_blocked,True,10843.236,10818.642,15.075,0.038,1780.632,802816.0
Sparkov,FOLLOWUP_SPARKOV_272,A_direct,55dd35d0-fb7b-4f64-89a8-84028d006438,completed,generated_released,True,65258.52,65248.904,0.0,0.013,10112.233,-5996544.0
Sparkov,FOLLOWUP_SPARKOV_274,D_hybrid,5b24a2d8-f761-43c4-bce5-9ff21fdd88c0,blocked,generated_blocked,True,10044.131,10006.564,15.794,0.028,1655.123,950272.0
Sparkov,FOLLOWUP_SPARKOV_276,A_direct,5fa58886-04be-47d6-b25d-622187736059,completed,generated_released,True,44270.387,44261.367,0.0,0.013,7036.773,-27738112.0
Sparkov,FOLLOWUP_SPARKOV_280,C_dense,6322b57f-8553-4b3a-8516-dcb1cdabd3e2,blocked,generated_blocked,True,10533.417,10519.023,5.137,0.025,1792.733,868352.0
Sparkov,FOLLOWUP_SPARKOV_274,B_lexical,6a414243-2e9f-431f-97cb-9935b98b70ba,completed,generated_released,True,10434.971,10412.201,10.348,0.013,1668.3,4210688.0
Sparkov,FOLLOWUP_SPARKOV_273,C_lexical,6df971d9-bffe-4430-a703-4ff4be5b0084,blocked,generated_blocked,True,10761.969,10742.873,9.684,0.038,1783.538,901120.0
Sparkov,FOLLOWUP_SPARKOV_271,D_hybrid,6f5779eb-ce1e-42a1-92c6-73cca43f71c5,blocked,generated_blocked,True,12098.573,12073.973,14.974,0.022,2038.665,917504.0
Sparkov,FOLLOWUP_SPARKOV_277,A_direct,71a19ca4-b6c3-46fe-8e08-ee9b06cf5ccb,completed,generated_released,True,66956.841,66947.629,0.0,0.025,10191.522,-7684096.0
Sparkov,FOLLOWUP_SPARKOV_272,C_lexical,7aebff68-689d-41ef-816e-4532a2741c07,blocked,generated_blocked,True,9702.107,9683.043,9.627,0.032,1555.246,819200.0
Sparkov,FOLLOWUP_SPARKOV_273,B_lexical,7dd5757e-436f-4ed1-a64b-a58ccb760e8d,completed,generated_released,True,10695.223,10671.79,9.938,0.013,1784.578,3719168.0
Sparkov,FOLLOWUP_SPARKOV_278,C_lexical,8131f75e-eb5a-401f-a901-b338035fd034,blocked,generated_blocked,True,8537.011,8517.661,9.837,0.024,1415.102,3817472.0
Sparkov,FOLLOWUP_SPARKOV_273,A_direct,8440cd9a-92f7-446e-a28e-8fe2b5518470,completed,generated_released,True,67418.327,67409.169,0.0,0.017,10477.302,-5472256.0
Sparkov,FOLLOWUP_SPARKOV_280,D_hybrid,849f11df-219d-4145-8c9a-5bae0aa41eb0,blocked,generated_blocked,True,9537.193,9511.913,15.187,0.035,1588.056,688128.0
Sparkov,FOLLOWUP_SPARKOV_271,B_dense,8618df21-da46-45d0-ad46-b812a411c171,completed,generated_released,True,10777.771,10757.578,7.098,0.013,1835.848,4685824.0
Sparkov,FOLLOWUP_SPARKOV_280,B_lexical,86ad005e-6dc3-4346-b1fb-2f554a1dde3f,completed,generated_released,True,8707.753,8685.471,9.853,0.022,1439.588,3948544.0
Sparkov,FOLLOWUP_SPARKOV_274,C_lexical,904ecd04-e46f-40a5-b383-a63e19b5dec5,blocked,generated_blocked,True,11848.564,11829.552,9.675,0.038,1955.126,950272.0
Sparkov,FOLLOWUP_SPARKOV_275,B_lexical,91958872-ab5f-46f6-857f-43c88365f4b1,completed,generated_released,True,11050.374,11030.503,9.941,0.021,1859.265,720896.0
Sparkov,FOLLOWUP_SPARKOV_275,A_direct,9d1794cd-5096-4065-b6d0-94a8102c7d76,completed,generated_released,True,67364.085,67354.649,0.0,0.014,10319.806,-5849088.0
Sparkov,FOLLOWUP_SPARKOV_274,C_dense,9e18d7fb-bc9d-4527-98eb-5619c059f7e5,blocked,generated_blocked,True,9252.64,9237.779,5.058,0.042,1535.871,-2293760.0
Sparkov,FOLLOWUP_SPARKOV_272,B_dense,a3eba4c4-b345-4b98-b2ac-062d1469c678,completed,generated_released,True,9528.507,9513.102,5.698,0.014,1609.462,1081344.0
Sparkov,FOLLOWUP_SPARKOV_275,C_lexical,a4427854-3d3f-478f-be00-57ca0eb60104,blocked,generated_blocked,True,9669.751,9650.526,9.669,0.035,1594.188,770048.0
Sparkov,FOLLOWUP_SPARKOV_271,C_lexical,a57718e3-a1c0-43fe-82a0-27b261c18094,blocked,generated_blocked,True,10756.176,10736.867,9.722,0.039,1801.818,819200.0
Sparkov,FOLLOWUP_SPARKOV_278,C_dense,af9e0610-4cf7-4618-870c-d8cdc38e5005,blocked,generated_blocked,True,10258.913,10244.424,5.168,0.036,1751.605,917504.0
Sparkov,FOLLOWUP_SPARKOV_278,B_dense,afde948d-f041-41ae-ac2d-d6c8f9ab9b46,completed,generated_released,True,8175.698,8160.643,5.649,0.012,1351.393,655360.0
Sparkov,FOLLOWUP_SPARKOV_277,B_dense,b0b0e7f1-ffd2-41ab-9d82-aee2226d2d6f,completed,generated_released,True,8427.825,8411.406,6.047,0.013,1388.47,589824.0
Sparkov,FOLLOWUP_SPARKOV_276,B_lexical,b785ef45-c7ad-4918-8de3-e817b8f7b8d1,completed,generated_released,True,11954.637,11935.898,9.55,0.022,1996.411,966656.0
Sparkov,FOLLOWUP_SPARKOV_279,B_dense,b7b1146a-e78e-410b-a1e7-37510c566988,completed,generated_released,True,11918.477,11590.906,318.07,0.014,1960.871,2162688.0
Sparkov,FOLLOWUP_SPARKOV_276,D_hybrid,b94cb534-031a-424f-80c9-90cb9e37d3e5,blocked,generated_blocked,True,10933.383,10908.903,15.266,0.036,1787.263,884736.0
Sparkov,FOLLOWUP_SPARKOV_279,C_dense,bf982630-d330-441f-97ad-fecb3027190d,blocked,generated_blocked,True,10820.383,10805.934,5.131,0.043,1797.643,983040.0
Sparkov,FOLLOWUP_SPARKOV_280,A_direct,c042f185-9f42-47ef-b7e7-e9348075c04e,completed,generated_released,True,66254.841,66245.111,0.0,0.018,10022.994,-127336448.0
Sparkov,FOLLOWUP_SPARKOV_277,D_hybrid,c8978a90-6c39-4560-8319-b60c89b9ce5b,blocked,generated_blocked,True,9748.725,9723.893,14.911,0.034,1599.455,802816.0
Sparkov,FOLLOWUP_SPARKOV_275,D_hybrid,cd8f12d9-83f8-4578-99c3-3c4763f558d2,blocked,generated_blocked,True,11205.932,11179.853,15.933,0.027,1886.085,901120.0
Sparkov,FOLLOWUP_SPARKOV_279,A_direct,dcec1b84-2565-40e9-92d6-169f33478ced,completed,generated_released,True,7459.369,7449.758,0.0,0.047,1957.205,-248791040.0
Sparkov,FOLLOWUP_SPARKOV_271,A_direct,e4fe288b-27ae-45a9-98a7-3422f3675e2b,completed,generated_released,True,64771.627,64762.009,0.0,0.022,10169.143,-5570560.0
Sparkov,FOLLOWUP_SPARKOV_271,C_dense,e5d79015-3987-4715-8ff8-ea51c375cce1,blocked,generated_blocked,True,9129.011,9114.109,5.443,0.026,1505.706,868352.0
Sparkov,FOLLOWUP_SPARKOV_279,B_lexical,e6438c7d-f082-4dec-b542-9bb455556e10,completed,generated_released,True,10180.926,10101.878,62.061,0.014,1667.132,9306112.0
Sparkov,FOLLOWUP_SPARKOV_280,C_lexical,e67088e0-f22b-4bee-98c5-683ff253da02,blocked,generated_blocked,True,9765.736,9746.773,9.619,0.026,1615.569,835584.0
Sparkov,FOLLOWUP_SPARKOV_276,C_dense,f20f5567-42cb-417d-89d9-46519e7e319b,blocked,generated_blocked,True,10135.587,10121.331,5.017,0.041,1681.317,720896.0
Sparkov,FOLLOWUP_SPARKOV_276,C_lexical,f8760d1e-aaa2-4808-922c-58341018241d,blocked,generated_blocked,True,10473.542,10454.099,9.997,0.034,1706.704,3784704.0
Sparkov,FOLLOWUP_SPARKOV_277,C_dense,f95c174f-42a0-4c59-8355-4c42fb5e84d6,blocked,generated_blocked,True,9757.512,9742.622,5.092,0.037,1632.676,950272.0
Sparkov,FOLLOWUP_SPARKOV_279,C_lexical,fdebd269-2bc9-4084-a677-cc94cf55c721,blocked,generated_blocked,True,5584.64,5565.66,9.593,0.047,820.361,1294336.0
Sparkov,FOLLOWUP_SPARKOV_273,C_dense,fe48d91e-13b2-4198-bfd0-01338a4d3fd6,blocked,generated_blocked,True,10745.016,10729.756,5.275,0.047,1832.927,360448.0
Sparkov,FOLLOWUP_SPARKOV_285,A_direct,03399c18-f01d-48ad-8a1b-749a4c1f6dff,completed,generated_released,True,7818.821,7808.938,0.0,0.015,1729.325,540672.0
Sparkov,FOLLOWUP_SPARKOV_281,C_lexical,07b259f2-5b32-4590-b1d8-3e774ee8e676,blocked,generated_blocked,True,8193.482,8174.325,9.611,0.032,1262.457,2949120.0
Sparkov,FOLLOWUP_SPARKOV_288,B_dense,098b39e7-87fb-4e77-88fc-b1c5b312033c,completed,generated_released,True,8455.096,8440.422,5.139,0.013,1348.489,573440.0
Sparkov,FOLLOWUP_SPARKOV_287,B_dense,0dd8bade-af73-462e-a8cc-d3952548532d,completed,generated_released,True,9527.415,9512.513,5.581,0.014,1522.598,360448.0
Sparkov,FOLLOWUP_SPARKOV_283,C_lexical,126dc85d-fbb7-41d8-9c8d-eb369a11c90e,blocked,generated_blocked,True,11927.124,11908.079,9.569,0.039,1920.829,540672.0
Sparkov,FOLLOWUP_SPARKOV_282,C_lexical,14d35363-069f-42be-909e-82de9d2fecd6,blocked,generated_blocked,True,9428.247,9408.293,9.597,0.035,1465.924,3670016.0
Sparkov,FOLLOWUP_SPARKOV_288,A_direct,16e2ad7d-2cab-4ddc-8269-83f9629d17f8,completed,generated_released,True,6436.546,6427.013,0.0,0.015,1397.748,-49152.0
Sparkov,FOLLOWUP_SPARKOV_286,B_dense,1c867c4d-0e65-4c7b-945c-a6ff3fb5615e,completed,generated_released,True,8188.024,8173.418,4.99,0.019,1296.891,1458176.0
Sparkov,FOLLOWUP_SPARKOV_287,B_lexical,1f728195-af68-4ac5-8e9b-b39036c0399c,completed,generated_released,True,9176.169,9157.266,9.599,0.013,1441.374,851968.0
Sparkov,FOLLOWUP_SPARKOV_290,A_direct,224d80cc-c49e-4c53-920a-e0fd4792b877,completed,generated_released,True,6593.616,6584.28,0.0,0.017,1435.363,671744.0
Sparkov,FOLLOWUP_SPARKOV_284,C_lexical,2299b0cf-d519-452b-a296-f1b68f6512ee,blocked,generated_blocked,True,8567.031,8548.054,9.56,0.036,1324.114,278528.0
Sparkov,FOLLOWUP_SPARKOV_282,C_dense,2f8f1790-af75-4e0e-a566-5b154ea17e8d,blocked,generated_blocked,True,10760.503,10744.895,5.709,0.036,1747.444,737280.0
Sparkov,FOLLOWUP_SPARKOV_281,B_dense,30c8272b-0385-439f-98ea-8e61187b5081,completed,generated_released,True,10791.151,10776.52,5.295,0.015,1750.708,-3031040.0
Sparkov,FOLLOWUP_SPARKOV_284,C_dense,30fedacf-143c-45a8-bdf9-ba437820a0f5,blocked,generated_blocked,True,10403.37,10388.411,5.249,0.041,1677.662,573440.0
Sparkov,FOLLOWUP_SPARKOV_289,B_lexical,4590c233-d61c-4c52-813f-9ed6cfac7380,completed,generated_released,True,8603.678,8583.373,9.861,0.014,1334.787,1916928.0
Sparkov,FOLLOWUP_SPARKOV_281,B_lexical,47a67a3f-ea7c-49eb-8540-95a28ad73535,completed,generated_released,True,8672.638,8653.627,9.65,0.023,1349.769,425984.0
Sparkov,FOLLOWUP_SPARKOV_290,B_dense,498f96cb-2dc7-461a-8be5-04d6d8b7506d,completed,generated_released,True,8305.711,8290.812,5.26,0.02,1319.594,868352.0
Sparkov,FOLLOWUP_SPARKOV_290,D_hybrid,4edc0425-15b4-4d6c-a7b1-dded9c9cbfb0,blocked,generated_blocked,True,10830.552,10805.829,15.015,0.036,1728.213,737280.0
Sparkov,FOLLOWUP_SPARKOV_288,D_hybrid,54ce0c2f-477d-4242-9598-c2897ffb3bda,blocked,generated_blocked,True,8321.578,8297.357,14.922,0.037,1292.216,-2752512.0
Sparkov,FOLLOWUP_SPARKOV_283,B_lexical,5e6879f4-dcfa-424e-aa16-bd06c495fd07,completed,generated_released,True,9883.103,9863.651,9.598,0.013,1567.269,360448.0
Sparkov,FOLLOWUP_SPARKOV_289,B_dense,61da2211-d07f-4e1b-8cb3-b63752877004,completed,generated_released,True,9755.385,9739.996,5.509,0.014,1572.095,1392640.0
Sparkov,FOLLOWUP_SPARKOV_289,C_lexical,62d1112c-dc10-4e87-aa7e-6b59834884ab,blocked,generated_blocked,True,9642.723,9623.725,9.572,0.04,1514.151,1179648.0
Sparkov,FOLLOWUP_SPARKOV_284,B_dense,76ee24bb-c0a8-49ab-a1eb-3c23e3b8fe8f,completed,generated_released,True,8379.09,8358.428,11.115,0.013,1316.823,1196032.0
Sparkov,FOLLOWUP_SPARKOV_290,B_lexical,7be1fec5-464b-4d9b-8078-08ed4ebf848f,completed,generated_released,True,10254.224,10235.138,9.611,0.021,1621.826,802816.0
Sparkov,FOLLOWUP_SPARKOV_287,D_hybrid,7dd9e107-4ac5-49b6-8ffa-0d170335bfef,blocked,generated_blocked,True,10285.575,10261.006,15.041,0.027,1644.696,655360.0
Sparkov,FOLLOWUP_SPARKOV_283,B_dense,7f74a155-72b7-40c9-b16c-eb3bf3310a78,completed,generated_released,True,8978.584,8962.859,5.56,0.017,1439.85,16384.0
Sparkov,FOLLOWUP_SPARKOV_285,B_lexical,840f6f31-0296-4b7d-a009-11f055003f0b,completed,generated_released,True,10421.579,10402.741,9.547,0.016,1661.383,-2113536.0
Sparkov,FOLLOWUP_SPARKOV_286,B_lexical,844b295f-fb07-40d7-83ee-f9e05d9ee121,completed,generated_released,True,9419.38,9399.886,9.587,0.029,1485.83,3997696.0
Sparkov,FOLLOWUP_SPARKOV_286,C_dense,8499d89d-c76e-402c-85e6-df611161dbba,blocked,generated_blocked,True,10002.604,9988.485,4.872,0.037,1628.894,950272.0
Sparkov,FOLLOWUP_SPARKOV_288,C_dense,879470ad-5c20-4259-8f59-032d09694651,blocked,generated_blocked,True,8248.561,8233.638,5.513,0.03,1306.425,573440.0
Sparkov,FOLLOWUP_SPARKOV_282,D_hybrid,8c0e9381-95a9-4682-9d2d-72f43b763f92,blocked,generated_blocked,True,11994.561,11970.047,14.84,0.022,1935.911,720896.0
Sparkov,FOLLOWUP_SPARKOV_287,C_lexical,8e9e0564-edd4-4f35-b150-dfe2548252b5,blocked,generated_blocked,True,10075.306,10056.488,9.582,0.024,1586.362,573440.0
Sparkov,FOLLOWUP_SPARKOV_284,D_hybrid,911f0d65-df3b-485b-b0a3-f6b7ab9a3929,blocked,generated_blocked,True,8699.167,8673.912,15.526,0.032,1347.006,999424.0
Sparkov,FOLLOWUP_SPARKOV_282,A_direct,93949cdc-0686-4a62-b6d1-b656d11678e5,completed,generated_released,True,6021.416,6011.51,0.0,0.015,1287.78,671744.0
Sparkov,FOLLOWUP_SPARKOV_282,B_lexical,942ad244-b9e5-4b81-aa8f-556a46980f7b,completed,generated_released,True,9603.233,9583.252,9.629,0.013,1507.811,-2818048.0
Sparkov,FOLLOWUP_SPARKOV_282,B_dense,98849f97-1dda-4135-8533-16a40ebe56d6,completed,generated_released,True,7270.686,7255.648,5.415,0.011,1126.248,950272.0
Sparkov,FOLLOWUP_SPARKOV_283,D_hybrid,98e0aa45-ec32-4eb4-88af-f4b90b50024b,blocked,generated_blocked,True,10741.316,10717.061,14.927,0.035,1733.247,475136.0
Sparkov,FOLLOWUP_SPARKOV_281,D_hybrid,a4db3b04-6d1f-40dc-8913-10059f743cc4,blocked,generated_blocked,True,9542.255,9517.355,14.953,0.036,1536.068,49152.0
Sparkov,FOLLOWUP_SPARKOV_285,C_dense,a99303db-e835-4330-b3ef-907129f5348a,blocked,generated_blocked,True,9770.932,9755.903,5.211,0.028,1568.907,3227648.0
Sparkov,FOLLOWUP_SPARKOV_284,B_lexical,ab8a1e90-21f5-4e4e-bcee-2e59df4bc4c5,completed,generated_released,True,11576.562,11556.951,9.608,0.012,1876.937,163840.0
Sparkov,FOLLOWUP_SPARKOV_283,C_dense,afd9f55d-15d8-4775-b680-2b4c5f3aa4bd,blocked,generated_blocked,True,7342.871,7328.242,5.34,0.023,1144.306,196608.0
Sparkov,FOLLOWUP_SPARKOV_290,C_lexical,b2b50e7a-d746-4abc-b644-2c3889584056,blocked,generated_blocked,True,8667.615,8648.461,9.552,0.034,1345.837,737280.0
Sparkov,FOLLOWUP_SPARKOV_281,C_dense,b3604519-afce-4e56-8bcc-491940e36629,blocked,generated_blocked,True,11762.72,11747.757,5.035,0.022,1927.674,81920.0
Sparkov,FOLLOWUP_SPARKOV_288,C_lexical,b588529a-8243-4830-bb2e-7640bc7856fb,blocked,generated_blocked,True,9902.669,9883.287,9.65,0.024,1569.208,212992.0
Sparkov,FOLLOWUP_SPARKOV_289,D_hybrid,b7cbd708-91e5-4358-936d-80e1d9df29c1,blocked,generated_blocked,True,8607.432,8377.647,119.309,0.046,1291.363,23216128.0
Sparkov,FOLLOWUP_SPARKOV_289,A_direct,c2b05efa-415f-457e-b0ed-57c575a57d91,completed,generated_released,True,7918.179,7908.214,0.0,0.014,1736.904,1802240.0
Sparkov,FOLLOWUP_SPARKOV_284,A_direct,cc491132-27c1-4a4a-b4f6-feddb9b66312,completed,generated_released,True,6648.487,6638.557,0.0,0.018,1437.576,98304.0
Sparkov,FOLLOWUP_SPARKOV_286,C_lexical,d3cf9f80-2537-4228-8c08-dbcf91eb1870,blocked,generated_blocked,True,9971.469,9952.225,9.608,0.036,1571.384,983040.0
Sparkov,FOLLOWUP_SPARKOV_286,D_hybrid,d50f9077-207b-45ad-bfd5-da6fe08b5fb7,blocked,generated_blocked,True,10283.741,10253.017,21.264,0.024,1641.768,1163264.0
Sparkov,FOLLOWUP_SPARKOV_286,A_direct,d62988e9-169e-4193-80ed-ab559e80bb78,completed,generated_released,True,8033.969,8024.545,0.0,0.014,1785.859,-2097152.0
Sparkov,FOLLOWUP_SPARKOV_287,A_direct,d65cf73b-f418-4b0f-a8ff-950f23c709cc,completed,generated_released,True,5839.179,5830.076,0.0,0.023,1266.137,622592.0
Sparkov,FOLLOWUP_SPARKOV_288,B_lexical,d97265f0-bffb-4553-93af-1353e0f05e15,completed,generated_released,True,9102.753,9083.472,9.681,0.014,1424.525,-32768.0
Sparkov,FOLLOWUP_SPARKOV_290,C_dense,dd5631ec-6e2a-4727-ba32-4037a13e15f5,blocked,generated_blocked,True,10661.988,10646.105,6.204,0.04,1711.761,704512.0
Sparkov,FOLLOWUP_SPARKOV_289,C_dense,e1fb80eb-1555-475f-8a40-2695863d17cf,blocked,generated_blocked,True,94681.701,94359.834,302.603,5.459,16280.054,-641744896.0
Sparkov,FOLLOWUP_SPARKOV_287,C_dense,ea5553ff-e172-4812-8efa-10ce14e2d0e3,blocked,generated_blocked,True,10109.659,10094.653,5.302,0.028,1628.627,163840.0
Sparkov,FOLLOWUP_SPARKOV_281,A_direct,eed1fdd5-bec9-451e-9f7a-72352da2fbc2,completed,generated_released,True,5280.977,5271.474,0.0,0.013,1136.47,360448.0
Sparkov,FOLLOWUP_SPARKOV_283,A_direct,efb5da0d-ca8a-488a-b422-860eaf5666bb,completed,generated_released,True,6433.171,6423.747,0.0,0.012,1392.13,638976.0
Sparkov,FOLLOWUP_SPARKOV_285,C_lexical,f35283b9-78ee-454e-a92d-da153bbe94d2,blocked,generated_blocked,True,9814.695,9794.928,9.738,0.035,1570.865,-2179072.0
Sparkov,FOLLOWUP_SPARKOV_285,B_dense,f52d8bfd-02b3-4046-8234-6be79c5b65f4,completed,generated_released,True,9428.932,9413.833,5.198,0.021,1533.86,3653632.0
Sparkov,FOLLOWUP_SPARKOV_285,D_hybrid,f86b1c3c-f9ac-4b40-81b8-fc04ed3a395b,blocked,generated_blocked,True,9470.388,9446.084,14.899,0.034,1482.695,704512.0
Sparkov,FOLLOWUP_SPARKOV_300,C_lexical,013a507f-fad5-4909-b748-e770fd33c192,blocked,generated_blocked,True,10093.429,10074.679,9.579,0.036,1605.581,3670016.0
Sparkov,FOLLOWUP_SPARKOV_293,B_dense,0867ca57-99f1-4055-8d98-4164d63951c9,completed,generated_released,True,7611.307,7596.193,5.907,0.013,1185.7,229376.0
Sparkov,FOLLOWUP_SPARKOV_294,A_direct,09de7ecd-6af2-44de-9d0b-4abb5cadfbeb,completed,generated_released,True,7396.854,7386.899,0.0,0.021,1610.365,1409024.0
Sparkov,FOLLOWUP_SPARKOV_298,B_lexical,0d021b14-2ee1-457e-9ef7-b0ef53aac5fc,completed,generated_released,True,8709.185,8690.034,9.745,0.02,1317.282,147456.0
Sparkov,FOLLOWUP_SPARKOV_299,C_dense,0dd0ac9d-45ae-446d-85e0-8c8e25c57c9f,blocked,generated_blocked,True,11096.895,11051.655,35.407,0.042,1766.69,4882432.0
Sparkov,FOLLOWUP_SPARKOV_297,A_direct,0ebf1ea8-cb92-42f4-a300-750799cfe341,completed,generated_released,True,6777.191,6767.844,0.0,0.014,1476.264,622592.0
Sparkov,FOLLOWUP_SPARKOV_295,A_direct,1453c35c-f642-426d-8646-eb99cb88b891,completed,generated_released,True,7290.604,7281.395,0.0,0.015,1568.106,32768.0
Sparkov,FOLLOWUP_SPARKOV_297,C_lexical,1706dde2-c764-4ee3-9a55-69659480d742,blocked,generated_blocked,True,8911.995,8892.168,9.933,0.027,1390.567,786432.0
Sparkov,FOLLOWUP_SPARKOV_296,C_dense,182fc0fa-efbe-4808-b5c2-4f35ed0dc076,blocked,generated_blocked,True,10847.849,10830.623,6.549,0.036,1774.755,-2277376.0
Sparkov,FOLLOWUP_SPARKOV_297,C_dense,1c776869-c36b-44e6-a2fd-4be55a08d5ff,blocked,generated_blocked,True,10422.055,10407.009,5.33,0.037,1687.984,-1851392.0
Sparkov,FOLLOWUP_SPARKOV_291,B_dense,2580ef47-aec0-45f4-a966-5ffa221e60ce,completed,generated_released,True,8302.701,8288.467,4.966,0.013,1287.033,606208.0
Sparkov,FOLLOWUP_SPARKOV_291,D_hybrid,25aba571-f2e4-4023-8a80-d493c365ce8c,blocked,generated_blocked,True,11580.792,11556.272,15.135,0.023,1804.343,147456.0
Sparkov,FOLLOWUP_SPARKOV_294,C_dense,2868d863-f660-43f5-819d-7f4679dd0ca5,blocked,generated_blocked,True,10628.187,10613.992,4.96,0.036,1718.385,901120.0
Sparkov,FOLLOWUP_SPARKOV_299,A_direct,291810cd-74b8-4557-b880-d5a0ea1cf320,completed,generated_released,True,6159.841,6150.32,0.0,0.023,1318.984,4259840.0
Sparkov,FOLLOWUP_SPARKOV_294,B_lexical,299ee2c8-70d9-434d-a044-efd6ce453800,completed,generated_released,True,10384.518,10365.452,9.616,0.018,1639.184,933888.0
Sparkov,FOLLOWUP_SPARKOV_300,C_dense,2b96ee9f-e0dd-438d-8ee7-5edf53d8c241,blocked,generated_blocked,True,10769.267,10754.623,5.341,0.039,1775.041,-2195456.0
Sparkov,FOLLOWUP_SPARKOV_298,C_dense,395d60ca-073b-4089-ba41-8cd7665fb711,blocked,generated_blocked,True,10795.13,10780.053,5.498,0.035,1702.687,638976.0
Sparkov,FOLLOWUP_SPARKOV_295,D_hybrid,3d74178d-ef5f-4f25-a6b4-cbdc3efa5ca6,blocked,generated_blocked,True,7585.651,7561.294,15.012,0.023,1129.552,114688.0
Sparkov,FOLLOWUP_SPARKOV_292,A_direct,44b891b1-1dfd-486f-a334-73e21a4828d6,completed,generated_released,True,7443.762,7433.883,0.0,0.013,1632.565,622592.0
Sparkov,FOLLOWUP_SPARKOV_291,C_dense,4b318127-44cb-4f82-bbe9-77a4777f312d,blocked,generated_blocked,True,10300.23,10285.561,5.019,0.043,1636.964,770048.0
Sparkov,FOLLOWUP_SPARKOV_299,B_dense,4f5ef3b5-ed24-4f9a-8257-170280b55994,completed,generated_released,True,90878.135,90502.111,359.716,2.365,15898.072,-654409728.0
Sparkov,FOLLOWUP_SPARKOV_296,D_hybrid,4f97710b-01ff-43af-9624-c13693d52ad6,blocked,generated_blocked,True,8873.116,8846.829,14.748,0.035,1388.811,3473408.0
Sparkov,FOLLOWUP_SPARKOV_293,A_direct,500b864f-5a92-4d51-9f47-e4f4391753f4,completed,generated_released,True,7008.384,6999.231,0.0,0.013,1521.646,16384.0
Sparkov,FOLLOWUP_SPARKOV_292,B_dense,51274d7e-47dc-49f9-8d16-1446196f8efc,completed,generated_released,True,9632.445,9617.16,5.515,0.017,1555.702,704512.0
Sparkov,FOLLOWUP_SPARKOV_298,D_hybrid,51fcd2c7-08dc-40ce-b14d-0b8646315eb2,blocked,generated_blocked,True,9474.366,9449.814,15.209,0.038,1455.813,606208.0
Sparkov,FOLLOWUP_SPARKOV_297,D_hybrid,54400386-2a2a-4cb5-ad07-80db690e729f,blocked,generated_blocked,True,10455.683,10430.824,14.982,0.039,1662.319,3276800.0
Sparkov,FOLLOWUP_SPARKOV_293,C_lexical,5a8ed9e7-04b8-4259-80ae-6c1b443ecec7,blocked,generated_blocked,True,10641.141,10622.308,9.604,0.035,1693.979,49152.0
Sparkov,FOLLOWUP_SPARKOV_294,B_dense,5b076550-1a89-48ea-b537-5356cc0e95c5,completed,generated_released,True,9615.755,9601.23,5.076,0.015,1535.746,655360.0
Sparkov,FOLLOWUP_SPARKOV_298,B_dense,5c27b06c-425e-4ebb-a0ab-7bbaf829afc8,completed,generated_released,True,8781.823,8767.436,5.041,0.021,1360.964,671744.0
Sparkov,FOLLOWUP_SPARKOV_296,A_direct,6853a65e-4133-4511-8edc-98eaf078bdba,completed,generated_released,True,6553.944,6544.407,0.0,0.014,1420.007,983040.0
Sparkov,FOLLOWUP_SPARKOV_292,D_hybrid,69fab0a1-740a-48a3-b2f2-a632b408776e,blocked,generated_blocked,True,9840.794,9801.161,27.061,0.035,1537.976,409600.0
Sparkov,FOLLOWUP_SPARKOV_300,B_lexical,6ba7c10b-c697-4f7b-95b5-2765b4de192f,completed,generated_released,True,9579.59,9560.713,9.592,0.015,1509.583,-2326528.0
Sparkov,FOLLOWUP_SPARKOV_291,B_lexical,6f73e457-f08e-4fc4-b6f1-ea6cf14e5d43,completed,generated_released,True,9274.694,9255.664,9.603,0.02,1436.496,147456.0
Sparkov,FOLLOWUP_SPARKOV_294,D_hybrid,84873a3e-5aab-40d3-b965-e592649419df,blocked,generated_blocked,True,11330.542,11305.352,15.554,0.023,1800.489,802816.0
Sparkov,FOLLOWUP_SPARKOV_299,D_hybrid,8ae2bf03-a519-42dc-b8ad-33d69c7aa255,blocked,generated_blocked,True,10086.919,10059.942,16.621,0.041,1602.32,-2342912.0
Sparkov,FOLLOWUP_SPARKOV_296,C_lexical,9209e40f-2518-4804-a01e-e93e54aab006,blocked,generated_blocked,True,10241.924,10221.425,9.73,0.025,1620.788,3964928.0
Sparkov,FOLLOWUP_SPARKOV_297,B_dense,98fab4a2-34bc-4c94-9875-60869b53c9a3,completed,generated_released,True,8479.214,8464.145,5.124,0.022,1336.781,966656.0
Sparkov,FOLLOWUP_SPARKOV_300,B_dense,9a9cca04-97d1-4e09-b193-1ec9cbb9ce2f,completed,generated_released,True,7808.961,7793.052,6.158,0.014,1221.04,802816.0
Sparkov,FOLLOWUP_SPARKOV_297,B_lexical,a65b7b0a-1a62-462f-a4e4-06e2487b8c4e,completed,generated_released,True,9766.134,9746.578,9.627,0.015,1545.187,835584.0
Sparkov,FOLLOWUP_SPARKOV_295,B_lexical,aa1ec1b9-533f-4d63-bf8e-b943af84adf9,completed,generated_released,True,9495.12,9475.556,9.738,0.014,1474.351,32768.0
Sparkov,FOLLOWUP_SPARKOV_298,C_lexical,ae1a1dc9-16c4-4c1d-9a82-21efa78df866,blocked,generated_blocked,True,10856.158,10836.777,9.685,0.027,1689.209,131072.0
Sparkov,FOLLOWUP_SPARKOV_292,C_dense,afac8b7a-782a-4271-8e86-e4410cf3daef,blocked,generated_blocked,True,10728.067,10713.391,5.124,0.035,1733.169,851968.0
Sparkov,FOLLOWUP_SPARKOV_299,C_lexical,b23cd3a8-731f-4138-bee1-80bbd985d383,blocked,generated_blocked,True,8997.139,8861.317,57.58,2.112,1356.655,25149440.0
Sparkov,FOLLOWUP_SPARKOV_300,A_direct,b540521c-8404-419f-bff4-9851c76c9d30,completed,generated_released,True,5756.156,5746.616,0.0,0.013,1231.612,720896.0
Sparkov,FOLLOWUP_SPARKOV_296,B_lexical,b57b4df0-be78-4807-8338-280d6d1e8490,completed,generated_released,True,8745.793,8726.015,9.638,0.014,1356.624,950272.0
Sparkov,FOLLOWUP_SPARKOV_299,B_lexical,b7aa65e0-690a-4ad4-a3e9-63f278888c51,completed,generated_released,True,9342.493,9323.637,9.633,0.014,1475.674,-1720320.0
Sparkov,FOLLOWUP_SPARKOV_300,D_hybrid,bcfb4f8c-66c7-45fd-a98c-44f9cd5ce1ce,blocked,generated_blocked,True,8430.925,8405.976,15.037,0.028,1321.097,3604480.0
Sparkov,FOLLOWUP_SPARKOV_292,C_lexical,c0eb0681-5c64-49a4-a00b-b039fc053eba,blocked,generated_blocked,True,9656.42,9637.236,9.7,0.044,1513.232,737280.0
Sparkov,FOLLOWUP_SPARKOV_293,C_dense,c33f705f-9e6b-4a03-94fd-5cf3161f75a3,blocked,generated_blocked,True,11753.952,11739.249,5.46,0.021,1913.967,32768.0
Sparkov,FOLLOWUP_SPARKOV_295,C_dense,c6a3ffa6-15ca-4abb-bd63-8b19e53b1822,blocked,generated_blocked,True,10904.77,10888.806,5.802,0.037,1740.829,3653632.0
Sparkov,FOLLOWUP_SPARKOV_295,C_lexical,c6c0d4a9-0c28-4286-a861-a5d5225fed86,blocked,generated_blocked,True,9133.236,9114.207,9.767,0.038,1478.982,-3801088.0
Sparkov,FOLLOWUP_SPARKOV_292,B_lexical,ca41d08d-74c2-44e0-a079-019709c382b8,completed,generated_released,True,10482.113,10462.999,9.595,0.014,1651.145,901120.0
Sparkov,FOLLOWUP_SPARKOV_293,B_lexical,d2839bcf-5c2f-4a6e-9c8a-e0dd98307f7f,completed,generated_released,True,10817.638,10798.638,9.751,0.015,1763.082,81920.0
Sparkov,FOLLOWUP_SPARKOV_293,D_hybrid,e8cd2dd1-4db1-4520-b439-29971beb1ec9,blocked,generated_blocked,True,7996.096,7970.987,15.269,0.022,1237.375,606208.0
Sparkov,FOLLOWUP_SPARKOV_298,A_direct,eb8180d3-20e2-4934-bc61-d4c2ae9d689f,completed,generated_released,True,8372.335,8363.189,0.0,0.024,1807.274,32768.0
Sparkov,FOLLOWUP_SPARKOV_291,C_lexical,f3e03966-12ac-46b3-acab-c5f5e34e4370,blocked,generated_blocked,True,10538.928,10519.543,9.657,0.04,1624.373,786432.0
Sparkov,FOLLOWUP_SPARKOV_291,A_direct,f9a3e784-af32-4782-bf95-4c3cfd6bf275,completed,generated_released,True,6627.19,6613.434,0.0,0.013,1410.146,589824.0
Sparkov,FOLLOWUP_SPARKOV_294,C_lexical,faebfbfb-10d3-46c7-8262-bbf8e9e94265,blocked,generated_blocked,True,11129.225,11109.76,9.677,0.023,1776.888,966656.0
Sparkov,FOLLOWUP_SPARKOV_295,B_dense,fd8d2a58-d11e-4bb1-8c21-6f0946bf7b93,completed,generated_released,True,11748.146,11729.021,5.483,0.014,1887.562,589824.0
Sparkov,FOLLOWUP_SPARKOV_296,B_dense,fe07d0c7-021d-4f4e-83ae-6d571041f2ae,completed,generated_released,True,10249.868,10234.373,6.283,0.022,1649.704,884736.0
Sparkov,FOLLOWUP_SPARKOV_302,C_dense,04b0ba23-22dd-4569-b48f-d352ad84036a,blocked,generated_blocked,True,11080.372,11064.647,5.558,0.033,1843.706,737280.0
Sparkov,FOLLOWUP_SPARKOV_302,C_lexical,05f892be-a3a1-4415-a3f5-87d790d9a730,blocked,generated_blocked,True,9593.731,9573.955,9.913,0.036,1548.2,475136.0
Sparkov,FOLLOWUP_SPARKOV_303,D_hybrid,073ef9ad-8114-46c4-a526-64a324ce944b,blocked,generated_blocked,True,7988.456,7963.893,14.858,0.033,1379.078,-2506752.0
Sparkov,FOLLOWUP_SPARKOV_308,B_dense,09d60316-d51b-4150-9256-ad97ab606c6c,completed,generated_released,True,12050.824,12034.368,6.763,0.022,2059.051,868352.0
Sparkov,FOLLOWUP_SPARKOV_304,D_hybrid,0b0771d6-c413-4c3c-a3c6-7aa464871052,blocked,generated_blocked,True,9923.602,9895.846,15.592,0.042,1589.792,753664.0
Sparkov,FOLLOWUP_SPARKOV_305,B_dense,0dd23ef4-af0f-4999-bdb1-9e31fcb14292,completed,generated_released,True,9330.188,9315.243,4.958,0.013,1660.158,3538944.0
Sparkov,FOLLOWUP_SPARKOV_301,B_lexical,16c27142-c82b-4e1c-844a-3276349a59b1,completed,generated_released,True,9826.257,9805.383,9.661,0.015,1580.184,3260416.0
Sparkov,FOLLOWUP_SPARKOV_304,C_lexical,1dd63cf5-22e4-47dd-9352-2c46cded9a70,blocked,generated_blocked,True,9679.595,9660.609,9.618,0.037,1535.263,901120.0
Sparkov,FOLLOWUP_SPARKOV_302,D_hybrid,21749798-de0e-41e4-80f3-535b98534047,blocked,generated_blocked,True,11124.865,11099.861,15.189,0.038,1839.266,770048.0
Sparkov,FOLLOWUP_SPARKOV_301,B_dense,2ba13446-bf11-4ff0-a12f-6b0c05975c52,completed,generated_released,True,14486.526,8826.356,5644.644,0.016,1384.772,14303232.0
Sparkov,FOLLOWUP_SPARKOV_305,C_lexical,2e0d2a69-7225-416d-9f35-c2558e4d644b,blocked,generated_blocked,True,8511.26,8491.709,9.958,0.027,1471.783,-2818048.0
Sparkov,FOLLOWUP_SPARKOV_306,A_direct,3757c23e-4f26-4866-80f3-3d48f2806e64,completed,generated_released,True,52808.586,52799.578,0.0,0.014,8899.299,-22806528.0
Sparkov,FOLLOWUP_SPARKOV_305,D_hybrid,3d639e29-f0bc-4495-b90d-f28c54edb3a3,blocked,generated_blocked,True,10124.04,10099.23,15.384,0.036,1759.724,180224.0
Sparkov,FOLLOWUP_SPARKOV_303,C_lexical,3eb9aaa0-f4cb-4314-9b6a-47e653525fdf,blocked,generated_blocked,True,11031.084,11011.526,9.813,0.036,1811.218,737280.0
Sparkov,FOLLOWUP_SPARKOV_308,C_dense,3edc19eb-b83b-41bd-8cc2-8d9335c9b39e,blocked,generated_blocked,True,6312.17,6297.404,5.006,0.024,979.104,917504.0
Sparkov,FOLLOWUP_SPARKOV_302,A_direct,3f8492a6-f000-4fa5-9427-4e92127d2ec7,completed,generated_released,True,52343.732,52334.079,0.0,0.014,8292.151,-5505024.0
Sparkov,FOLLOWUP_SPARKOV_305,C_dense,447d036f-e836-4888-88f3-2ae0fcc998f0,blocked,generated_blocked,True,11520.276,11505.127,5.256,0.039,2088.497,3620864.0
Sparkov,FOLLOWUP_SPARKOV_309,B_dense,4af40752-e6c2-487a-9300-41337f43e623,completed,generated_released,True,9586.098,9212.83,363.383,0.013,1494.542,2375680.0
Sparkov,FOLLOWUP_SPARKOV_308,B_lexical,4d329c04-830d-47cf-ace2-3345b4a40d4d,completed,generated_released,True,14089.152,14068.687,9.603,0.017,2252.325,4931584.0
Sparkov,FOLLOWUP_SPARKOV_301,D_hybrid,51bf7bd7-89d4-420f-8200-825ae8d150d6,blocked,generated_blocked,True,10458.251,10433.569,14.859,0.034,1736.311,163840.0
Sparkov,FOLLOWUP_SPARKOV_305,B_lexical,5615b55b-ee57-467c-b2f3-616cb82113ca,completed,generated_released,True,12613.447,12594.142,9.74,0.023,2251.62,196608.0
Sparkov,FOLLOWUP_SPARKOV_310,A_direct,56bf4f19-4ea7-4d7b-b32a-f66e639b2bac,completed,generated_released,True,42809.272,42800.302,0.0,0.014,7091.036,-5701632.0
Sparkov,FOLLOWUP_SPARKOV_306,B_dense,59bcfb8d-0c99-4703-9d87-c973033dc7f3,completed,generated_released,True,9418.644,9399.019,10.394,0.01,1542.687,1212416.0
Sparkov,FOLLOWUP_SPARKOV_301,C_lexical,68252e1e-2ca8-4c4d-b52e-1929df13ceca,blocked,generated_blocked,True,8616.483,8591.813,13.8,0.029,1369.637,311296.0
Sparkov,FOLLOWUP_SPARKOV_303,A_direct,6b0612da-cbd9-4115-9b09-908153071130,completed,generated_released,True,42095.069,42083.18,0.0,0.818,7590.506,-9469952.0
Sparkov,FOLLOWUP_SPARKOV_303,C_dense,6f44312e-76a2-4188-b13f-91d80c4481bf,blocked,generated_blocked,True,12124.822,12110.024,5.063,0.025,2038.252,851968.0
Sparkov,FOLLOWUP_SPARKOV_309,C_lexical,73be2624-e6b5-432c-b149-295f5c28d3a0,blocked,generated_blocked,True,9661.012,9642.082,9.731,0.051,1535.711,-1933312.0
Sparkov,FOLLOWUP_SPARKOV_309,D_hybrid,7730f2af-4d8c-44e8-9f22-24b46d848e76,blocked,generated_blocked,True,10198.038,10173.447,15.215,0.028,1628.105,3784704.0
Sparkov,FOLLOWUP_SPARKOV_301,A_direct,7746a027-9c34-43ae-a47d-61e7a8772fcc,completed,generated_released,True,71123.714,71114.669,0.0,0.017,10483.896,-36372480.0
Sparkov,FOLLOWUP_SPARKOV_305,A_direct,77e1a0a8-b988-48a1-afcc-6501ca68cafc,completed,generated_released,True,64263.465,64254.143,0.0,0.019,9792.0,-148422656.0
Sparkov,FOLLOWUP_SPARKOV_309,C_dense,79ad73a3-ead1-4351-bb4e-5fa3b8aab074,blocked,generated_blocked,True,11125.666,11109.969,5.699,0.041,1830.333,671744.0
Sparkov,FOLLOWUP_SPARKOV_306,D_hybrid,7d7209b4-0432-41d4-80a8-8cc01d085353,blocked,generated_blocked,True,9961.395,9937.317,14.44,0.034,1603.81,737280.0
Sparkov,FOLLOWUP_SPARKOV_304,B_dense,80b549c6-9bae-4b8f-bd18-bca455bb42a9,completed,generated_released,True,9595.268,9576.335,6.074,0.014,1543.886,4456448.0
Sparkov,FOLLOWUP_SPARKOV_303,B_dense,8472f565-93df-4c63-ab18-f3edaf40cced,completed,generated_released,True,9446.252,9430.713,5.511,0.012,1550.156,835584.0
Sparkov,FOLLOWUP_SPARKOV_302,B_dense,893bd2cd-ecb9-464b-8697-27e4d561bd1d,completed,generated_released,True,10258.91,10244.215,5.206,0.017,1685.944,655360.0
Sparkov,FOLLOWUP_SPARKOV_307,B_lexical,8dfcd598-c725-40ae-b3d7-4e05ed303fc0,completed,generated_released,True,7738.753,7716.697,9.708,0.018,1214.034,4390912.0
Sparkov,FOLLOWUP_SPARKOV_302,B_lexical,943f2ffd-8804-46a5-8fb8-3b75b5bef449,completed,generated_released,True,10541.348,10521.296,9.607,0.014,1795.805,4014080.0
Sparkov,FOLLOWUP_SPARKOV_307,A_direct,988d39bb-55d8-4f9a-8ca3-2ecb442e5c0d,completed,generated_released,True,61159.872,61150.746,0.0,0.024,9800.401,-4554752.0
Sparkov,FOLLOWUP_SPARKOV_304,B_lexical,98ec01a3-8278-45d5-98ce-2aafef02b0f1,completed,generated_released,True,13293.942,13271.662,9.644,0.015,2178.189,4554752.0
Sparkov,FOLLOWUP_SPARKOV_307,C_lexical,992a7451-b0dc-4bc9-a463-9ebad05fb343,blocked,generated_blocked,True,10288.534,10269.822,9.579,0.027,1676.517,917504.0
Sparkov,FOLLOWUP_SPARKOV_306,B_lexical,99b04403-f6fd-4fdd-8cbd-58f3f5b0d538,completed,generated_released,True,12345.689,12325.912,10.237,0.022,2013.272,737280.0
Sparkov,FOLLOWUP_SPARKOV_304,C_dense,a69c2596-cac0-4c3d-b5bb-117ea308e92c,blocked,generated_blocked,True,11508.853,11493.119,5.474,0.022,1900.635,786432.0
Sparkov,FOLLOWUP_SPARKOV_306,C_dense,a6f6b02b-c591-417b-8ffc-6a0211617226,blocked,generated_blocked,True,9324.06,9307.544,6.087,0.037,1525.851,-2195456.0
Sparkov,FOLLOWUP_SPARKOV_310,B_dense,bfb762b5-656c-432d-90cd-1e2d3156a122,completed,generated_released,True,11894.036,11878.732,5.557,0.015,2001.912,262144.0
Sparkov,FOLLOWUP_SPARKOV_308,D_hybrid,c009c9df-4625-46f2-b131-32d519f0eaae,blocked,generated_blocked,True,10068.054,10041.774,15.787,0.034,1649.668,851968.0
Sparkov,FOLLOWUP_SPARKOV_310,D_hybrid,c40a05ff-92ef-47c5-8d2d-4fc2bf132ea6,blocked,generated_blocked,True,9435.574,9411.481,14.829,0.026,1508.827,311296.0
Sparkov,FOLLOWUP_SPARKOV_310,C_dense,c85a0cda-b619-49b1-9884-d8abdf53e788,blocked,generated_blocked,True,8105.826,8090.864,5.116,0.022,1321.255,114688.0
Sparkov,FOLLOWUP_SPARKOV_307,C_dense,c9bd17dd-6bb1-4df5-8e3e-b188d452b67d,blocked,generated_blocked,True,10693.498,10678.675,5.594,0.038,1764.008,327680.0
Sparkov,FOLLOWUP_SPARKOV_303,B_lexical,d443d434-8b38-4b54-9607-6cd4e8095fdb,completed,generated_released,True,9732.249,9708.659,9.881,0.022,1550.77,3850240.0
Sparkov,FOLLOWUP_SPARKOV_308,A_direct,d893b406-bec3-4796-8927-7d33a960e8b3,completed,generated_released,True,53409.14,53399.389,0.0,0.014,8325.493,-6668288.0
Sparkov,FOLLOWUP_SPARKOV_310,B_lexical,d92721fd-5bbe-4228-89cd-5eeb17340657,completed,generated_released,True,11449.934,11429.443,9.422,0.012,1980.74,3670016.0
Sparkov,FOLLOWUP_SPARKOV_301,C_dense,da0caa01-590e-4781-9c10-87acd7dd9718,blocked,generated_blocked,True,10948.152,10933.547,5.416,0.021,1853.989,212992.0
Sparkov,FOLLOWUP_SPARKOV_308,C_lexical,dd46298c-d458-48b9-9941-8e7d4a96aa9a,blocked,generated_blocked,True,7517.708,7498.542,9.627,0.031,1163.104,688128.0
Sparkov,FOLLOWUP_SPARKOV_304,A_direct,e155c2a4-4449-4a16-9d7c-b8e3b42fc660,completed,generated_released,True,62955.474,62946.358,0.0,0.014,8929.524,-5603328.0
Sparkov,FOLLOWUP_SPARKOV_307,B_dense,e3756531-63e7-44a3-adf5-28e263e169e6,completed,generated_released,True,9160.336,9145.512,5.219,0.02,1472.766,344064.0
Sparkov,FOLLOWUP_SPARKOV_306,C_lexical,ea77dacb-bc3f-47b5-be6f-ec4006720854,blocked,generated_blocked,True,10444.608,10425.187,9.673,0.05,1681.475,917504.0
Sparkov,FOLLOWUP_SPARKOV_310,C_lexical,f3acdcd5-5162-404c-9c5f-7bbe289ecf5c,blocked,generated_blocked,True,10091.062,10070.264,10.662,0.033,1631.928,245760.0
Sparkov,FOLLOWUP_SPARKOV_309,B_lexical,f3e20b70-13d4-4b78-8022-d0f518e678a4,completed,generated_released,True,12675.704,12590.68,63.305,0.036,2086.558,8962048.0
Sparkov,FOLLOWUP_SPARKOV_307,D_hybrid,f4ce2d4d-a380-42cb-80ad-db40e55d9fac,blocked,generated_blocked,True,9443.087,9418.805,15.177,0.023,1520.673,557056.0
Sparkov,FOLLOWUP_SPARKOV_309,A_direct,ff771fd5-83e3-43dc-af98-5779e177f307,completed,generated_released,True,7814.535,7797.876,0.0,7.313,2075.001,-247595008.0
Sparkov,FOLLOWUP_SPARKOV_317,A_direct,0ab8ab4f-b430-4fff-8698-f9b23e79decc,completed,generated_released,True,6893.052,6883.584,0.0,0.019,1493.613,3063808.0
Sparkov,FOLLOWUP_SPARKOV_313,B_dense,1544ca3e-9009-42ef-8a8f-775489dd390f,completed,generated_released,True,9058.633,9044.227,5.125,0.013,1469.145,573440.0
Sparkov,FOLLOWUP_SPARKOV_318,D_hybrid,1b9f00b0-b3eb-462c-a066-b8ce8803079a,blocked,generated_blocked,True,10579.998,10555.231,15.034,0.039,1691.206,540672.0
Sparkov,FOLLOWUP_SPARKOV_318,C_lexical,1fb561ce-e5d1-47a6-8bf1-c00e131e645b,blocked,generated_blocked,True,10335.915,10317.227,9.532,0.021,1650.237,81920.0
Sparkov,FOLLOWUP_SPARKOV_317,D_hybrid,2255783b-c5cf-4248-82fd-d23661b452e4,blocked,generated_blocked,True,11414.516,11390.313,14.798,0.022,1835.635,-2981888.0
Sparkov,FOLLOWUP_SPARKOV_316,C_dense,23c28935-7bad-456b-a81f-9eca3edbd90a,blocked,generated_blocked,True,10870.894,10855.813,4.927,0.04,1749.387,3538944.0
Sparkov,FOLLOWUP_SPARKOV_315,C_lexical,2a83e480-485f-4689-97db-1f101704a7b8,blocked,generated_blocked,True,10942.965,10923.858,9.677,0.023,1742.516,3751936.0
Sparkov,FOLLOWUP_SPARKOV_317,C_lexical,2bb7566a-fbbe-42db-a10b-34b6ea798192,blocked,generated_blocked,True,7109.582,7090.801,9.575,0.024,1068.507,32768.0
Sparkov,FOLLOWUP_SPARKOV_312,C_lexical,2cbfd1ff-8261-4d91-9b36-8d1ddf68c857,blocked,generated_blocked,True,8741.604,8721.465,9.594,0.042,1367.63,1015808.0
Sparkov,FOLLOWUP_SPARKOV_316,B_dense,351b3ca3-2297-4c18-905e-0720938260c4,completed,generated_released,True,8200.667,8184.351,6.175,0.019,1284.632,1114112.0
Sparkov,FOLLOWUP_SPARKOV_316,D_hybrid,353a3e6b-0faa-4ab2-9c9a-ca92a64bd5bf,blocked,generated_blocked,True,8113.405,8080.337,22.337,0.024,1239.517,1605632.0
Sparkov,FOLLOWUP_SPARKOV_318,B_dense,384870ef-6bf9-4d7c-a555-392d2e7e2817,completed,generated_released,True,7752.236,7737.429,5.21,0.028,1224.43,2916352.0
Sparkov,FOLLOWUP_SPARKOV_313,D_hybrid,3c5fa1e1-a2e9-40f1-b9da-67308984add4,blocked,generated_blocked,True,10780.156,10755.801,14.925,0.035,1756.781,655360.0
Sparkov,FOLLOWUP_SPARKOV_315,A_direct,3d60f52e-a234-4809-988e-0c6be89b0691,completed,generated_released,True,6461.994,6452.967,0.0,0.019,1398.53,475136.0
Sparkov,FOLLOWUP_SPARKOV_316,A_direct,3e5f16f2-7536-42ef-961b-8ee72f90f824,completed,generated_released,True,5908.951,5899.68,0.0,0.015,1273.77,1015808.0
Sparkov,FOLLOWUP_SPARKOV_319,B_dense,40c2afb7-ec71-49d9-98a3-81bdc98ceab7,completed,generated_released,True,8991.331,8975.153,6.177,0.014,1425.858,-1802240.0
Sparkov,FOLLOWUP_SPARKOV_312,A_direct,4128a331-5729-4852-8cad-16dee1af218a,completed,generated_released,True,7028.646,7018.457,0.0,0.016,1530.991,622592.0
Sparkov,FOLLOWUP_SPARKOV_311,C_lexical,4204b652-ce83-4581-a408-caf38b4ca389,blocked,generated_blocked,True,9417.86,9398.705,9.792,0.046,1493.451,212992.0
Sparkov,FOLLOWUP_SPARKOV_316,B_lexical,47c6792c-15b9-4235-a694-ab387e3e311a,completed,generated_released,True,8858.015,8838.32,9.68,0.014,1392.707,966656.0
Sparkov,FOLLOWUP_SPARKOV_313,C_lexical,496f60d5-9a38-4231-b710-172fcf1116fb,blocked,generated_blocked,True,10724.468,10705.415,9.536,0.038,1712.718,3080192.0
Sparkov,FOLLOWUP_SPARKOV_318,B_lexical,4acd3b7f-b35e-486d-8111-a4b77265bf2c,completed,generated_released,True,10108.47,10089.659,9.567,0.013,1615.884,0.0
Sparkov,FOLLOWUP_SPARKOV_317,B_dense,5727739b-edf0-4ec3-96c1-21d803de36d6,completed,generated_released,True,9686.777,9670.94,5.769,0.013,1540.315,245760.0
Sparkov,FOLLOWUP_SPARKOV_312,C_dense,5c5635e9-6951-484b-8632-094063f7ec0c,blocked,generated_blocked,True,9448.062,9433.385,5.435,0.04,1519.782,3604480.0
Sparkov,FOLLOWUP_SPARKOV_318,A_direct,643c5ccb-5b48-4620-97a8-d0d6cdb4f557,completed,generated_released,True,6421.532,6411.321,0.0,0.014,1391.383,-2981888.0
Sparkov,FOLLOWUP_SPARKOV_318,C_dense,64769e36-ca8d-46e6-9699-8efc121c6f65,blocked,generated_blocked,True,8404.137,8389.123,5.731,0.038,1328.482,81920.0
Sparkov,FOLLOWUP_SPARKOV_315,D_hybrid,6b2eb390-317d-46c2-bb79-9af1d8d98721,blocked,generated_blocked,True,10288.759,10263.756,15.371,0.036,1636.772,81920.0
Sparkov,FOLLOWUP_SPARKOV_311,B_lexical,6cbb2634-68eb-42de-a98a-adc071314abf,completed,generated_released,True,9997.707,9978.899,9.556,0.014,1578.678,163840.0
Sparkov,FOLLOWUP_SPARKOV_319,C_dense,6e55ac24-8711-4549-80ed-627472087af4,blocked,generated_blocked,True,93436.533,93132.628,286.015,4.27,16029.313,-551337984.0
Sparkov,FOLLOWUP_SPARKOV_320,B_lexical,729dc57e-f71e-4144-a117-b214fd0791e0,completed,generated_released,True,11408.557,11389.077,9.653,0.025,1828.246,835584.0
Sparkov,FOLLOWUP_SPARKOV_311,C_dense,732e75dc-d5b9-4772-a4dc-183c9afbebee,blocked,generated_blocked,True,7874.393,7859.337,5.454,0.023,1233.105,-2392064.0
Sparkov,FOLLOWUP_SPARKOV_320,B_dense,73567ad1-0afb-4d23-b7c4-4513925bc163,completed,generated_released,True,9241.153,9226.446,5.296,0.018,1494.348,671744.0
Sparkov,FOLLOWUP_SPARKOV_312,D_hybrid,763f13f1-4994-481d-9076-5e4afa05cf6c,blocked,generated_blocked,True,9087.878,9063.601,15.027,0.024,1424.157,688128.0
Sparkov,FOLLOWUP_SPARKOV_317,C_dense,770d7b66-257a-4a24-be8e-fafe9ea9498f,blocked,generated_blocked,True,10735.438,10720.966,5.258,0.03,1852.361,16384.0
Sparkov,FOLLOWUP_SPARKOV_319,D_hybrid,77fec1da-c8b7-460e-bbe0-ff6158b07637,blocked,generated_blocked,True,8429.366,8230.837,112.153,0.039,1244.215,23052288.0
Sparkov,FOLLOWUP_SPARKOV_315,B_lexical,79be8ab9-e88d-4c3e-adcc-fcaf21acf81e,completed,generated_released,True,9747.672,9728.775,9.532,0.023,1562.2,-5701632.0
Sparkov,FOLLOWUP_SPARKOV_312,B_dense,7ccd7a8a-ac1d-4d61-a6bd-c5d54a31579c,completed,generated_released,True,9168.88,9152.891,5.841,0.014,1479.025,-1982464.0
Sparkov,FOLLOWUP_SPARKOV_316,C_lexical,81ec5bd9-0416-49db-8501-ec4a3f7510c9,blocked,generated_blocked,True,10003.133,9983.825,9.643,0.051,1573.549,-2097152.0
Sparkov,FOLLOWUP_SPARKOV_315,C_dense,8793b1d8-ed96-475a-86b4-705947060a67,blocked,generated_blocked,True,10613.673,10598.551,5.188,0.037,1698.556,589824.0
Sparkov,FOLLOWUP_SPARKOV_320,C_lexical,8a07a960-50b6-484d-9a0e-a4c2e91267e5,blocked,generated_blocked,True,9909.38,9890.121,9.62,0.039,1564.398,507904.0
Sparkov,FOLLOWUP_SPARKOV_314,B_lexical,9b91641e-5dc9-4d5c-842a-b4261a5b4181,completed,generated_released,True,11576.89,11557.456,9.666,0.014,1868.625,950272.0
Sparkov,FOLLOWUP_SPARKOV_319,C_lexical,9c8fc3be-51f0-4ee3-b842-cc09057fb7e5,blocked,generated_blocked,True,9058.3,9039.323,9.62,0.025,1404.589,4227072.0
Sparkov,FOLLOWUP_SPARKOV_314,C_lexical,9ca05618-809c-4dde-82cd-f141ce5b5cf4,blocked,generated_blocked,True,9056.057,9036.103,9.664,0.031,1404.602,851968.0
Sparkov,FOLLOWUP_SPARKOV_313,C_dense,a20091d3-2fd0-44bb-a18c-0e3a91c7ba10,blocked,generated_blocked,True,10345.834,10331.187,5.101,0.035,1680.626,786432.0
Sparkov,FOLLOWUP_SPARKOV_314,D_hybrid,a3ca48b1-1759-480b-852d-c1da2b7de4f6,blocked,generated_blocked,True,10136.433,10111.65,15.282,0.021,1606.961,-2310144.0
Sparkov,FOLLOWUP_SPARKOV_314,A_direct,a45ea47a-88af-471a-8638-b25f30037636,completed,generated_released,True,8646.038,8636.354,0.0,0.031,1900.285,1015808.0
Sparkov,FOLLOWUP_SPARKOV_313,B_lexical,a7ced9e6-099e-4107-b4f4-c13268346010,completed,generated_released,True,9750.058,9730.702,9.582,0.019,1549.277,-2899968.0
Sparkov,FOLLOWUP_SPARKOV_314,C_dense,af0f56b9-b1d3-4dfa-afd1-9527c05765f5,blocked,generated_blocked,True,10517.157,10502.282,5.083,0.037,1713.758,688128.0
Sparkov,FOLLOWUP_SPARKOV_319,A_direct,b04bbf5f-cd2d-40ec-afb2-9cde67a7fc79,completed,generated_released,True,7909.84,7900.235,0.0,0.014,1670.869,2064384.0
Sparkov,FOLLOWUP_SPARKOV_319,B_lexical,b89c58ff-8389-4ddf-8e21-0638ddbd15fe,completed,generated_released,True,11865.262,11846.496,9.636,0.025,1859.438,1900544.0
Sparkov,FOLLOWUP_SPARKOV_311,A_direct,c1f60584-969d-44d9-a11d-6903e1918bed,completed,generated_released,True,6009.832,6000.605,0.0,0.015,1295.198,114688.0
Sparkov,FOLLOWUP_SPARKOV_312,B_lexical,d183835f-c4a2-4c8a-a817-7550480ed89e,completed,generated_released,True,10112.833,10093.079,9.687,0.014,1622.882,2850816.0
Sparkov,FOLLOWUP_SPARKOV_311,B_dense,d5e564a3-ab9d-4ae0-b2f2-f53c09ad14e9,completed,generated_released,True,7176.215,7160.887,5.438,0.013,1112.852,606208.0
Sparkov,FOLLOWUP_SPARKOV_317,B_lexical,d7fe302d-6f1e-460d-87b5-85bd4e395e1c,completed,generated_released,True,11920.068,11900.908,9.607,0.013,1904.828,-32768.0
Sparkov,FOLLOWUP_SPARKOV_320,A_direct,d864a57a-edcc-4780-9b23-1d491889ee92,completed,generated_released,True,6863.914,6854.397,0.0,0.018,1508.585,671744.0
Sparkov,FOLLOWUP_SPARKOV_314,B_dense,e1009ac5-df5d-4d35-bf54-0c708ed83f35,completed,generated_released,True,10165.15,10150.448,5.11,0.014,1647.261,1048576.0
Sparkov,FOLLOWUP_SPARKOV_311,D_hybrid,e3123d54-22bb-4183-b347-9095481cf1c1,blocked,generated_blocked,True,9497.839,9473.669,14.963,0.036,1546.969,65536.0
Sparkov,FOLLOWUP_SPARKOV_315,B_dense,e53895e2-3b2c-4c52-be35-4ede9e770677,completed,generated_released,True,11682.981,11668.219,4.904,0.021,1899.026,720896.0
Sparkov,FOLLOWUP_SPARKOV_320,D_hybrid,e6c30ef3-6fb6-401f-abe8-7dd701df9a72,blocked,generated_blocked,True,10511.924,10487.464,14.942,0.034,1674.303,737280.0
Sparkov,FOLLOWUP_SPARKOV_313,A_direct,f54551cc-9094-4ec4-bd1d-a5be2bfb5752,completed,generated_released,True,5223.237,5213.568,0.0,0.019,1115.034,32768.0
Sparkov,FOLLOWUP_SPARKOV_320,C_dense,f8223ea3-3ad2-48d3-9a0c-5afb76609046,blocked,generated_blocked,True,10785.502,10771.288,4.99,0.035,1742.69,655360.0
Sparkov,FOLLOWUP_SPARKOV_330,B_lexical,09b78775-3717-4bb5-92d0-f2da367433f0,completed,generated_released,True,9400.798,9382.028,9.615,0.013,1451.37,81920.0
Sparkov,FOLLOWUP_SPARKOV_322,B_lexical,10c613ae-fe18-4283-b5f9-657745a9427b,completed,generated_released,True,10154.404,10135.213,9.64,0.013,1576.321,835584.0
Sparkov,FOLLOWUP_SPARKOV_325,A_direct,12d5b496-fc44-45f4-bae2-d025d47293b3,completed,generated_released,True,6412.282,6400.797,0.0,0.015,1385.351,32768.0
Sparkov,FOLLOWUP_SPARKOV_321,D_hybrid,16555cc0-bd40-4ba5-9d83-9583dfbde05f,blocked,generated_blocked,True,11685.498,11660.121,16.017,0.023,1903.661,819200.0
Sparkov,FOLLOWUP_SPARKOV_324,A_direct,172c051b-af71-44c5-a462-78a9baa7013e,completed,generated_released,True,7476.918,7467.807,0.0,0.014,1631.49,-2162688.0
Sparkov,FOLLOWUP_SPARKOV_323,C_dense,1920d6be-3a57-4ecd-bc33-1447562632cc,blocked,generated_blocked,True,10374.818,10359.107,5.959,0.035,1658.124,3211264.0
Sparkov,FOLLOWUP_SPARKOV_322,B_dense,1b961fbe-1905-46a8-b1da-19f40f686b36,completed,generated_released,True,7937.961,7923.206,5.225,0.012,1244.797,3571712.0
Sparkov,FOLLOWUP_SPARKOV_322,A_direct,1ba3296e-0a65-43cb-8169-f3568b929bf1,completed,generated_released,True,6783.279,6773.758,0.0,0.014,1465.498,573440.0
Sparkov,FOLLOWUP_SPARKOV_327,D_hybrid,20cffbf7-f031-4e3b-b36a-665c8b7d8023,blocked,generated_blocked,True,9235.251,9210.888,14.863,0.025,1433.919,16384.0
Sparkov,FOLLOWUP_SPARKOV_330,A_direct,21dcde2d-74c9-4c20-ab3f-426503e0170f,completed,generated_released,True,7683.506,7674.465,0.0,0.023,1688.58,491520.0
Sparkov,FOLLOWUP_SPARKOV_324,B_lexical,237c5dd0-dd07-4434-96fa-4815372b6610,completed,generated_released,True,11916.459,11897.265,9.67,0.027,1902.184,720896.0
Sparkov,FOLLOWUP_SPARKOV_325,B_dense,33a28077-a34e-4597-93fa-ab77fc53f6d0,completed,generated_released,True,9154.236,9138.65,5.876,0.013,1494.467,491520.0
Sparkov,FOLLOWUP_SPARKOV_326,C_dense,364ef021-dbbf-4979-a5cc-1560599c1f44,blocked,generated_blocked,True,10635.144,10614.824,10.529,0.035,1719.457,4063232.0
Sparkov,FOLLOWUP_SPARKOV_330,C_lexical,388a93da-f3c9-4da7-b412-ce400251083a,blocked,generated_blocked,True,10554.097,10534.06,9.608,0.025,1661.493,688128.0
Sparkov,FOLLOWUP_SPARKOV_324,D_hybrid,3c8dad96-87ea-433f-badb-8a3289ce88a2,blocked,generated_blocked,True,9348.646,9323.915,15.182,0.038,1447.469,49152.0
Sparkov,FOLLOWUP_SPARKOV_328,B_dense,3d9e6eae-0254-40d6-9d10-e97a578138c9,completed,generated_released,True,7823.947,7809.12,5.51,0.018,1217.729,704512.0
Sparkov,FOLLOWUP_SPARKOV_329,B_lexical,403cdb86-73d6-4935-bce2-053c0119faea,completed,generated_released,True,11172.879,11151.974,10.115,0.021,1785.281,1032192.0
Sparkov,FOLLOWUP_SPARKOV_324,C_dense,40948995-c154-4daf-b600-023896fcca9d,blocked,generated_blocked,True,10824.067,10808.665,5.389,0.035,1723.007,3080192.0
Sparkov,FOLLOWUP_SPARKOV_330,D_hybrid,4242034b-abcc-41bf-ab57-e4879c9c970c,blocked,generated_blocked,True,9189.517,9163.955,15.87,0.042,1445.38,16384.0
Sparkov,FOLLOWUP_SPARKOV_325,D_hybrid,4789c4fa-b4ed-4922-96e5-d06478622cea,blocked,generated_blocked,True,6954.51,6930.306,14.944,0.027,1051.111,131072.0
Sparkov,FOLLOWUP_SPARKOV_326,B_lexical,57de9564-f8ac-4746-b60f-f5f23547a774,completed,generated_released,True,11270.386,11249.878,10.366,0.014,1782.705,-1949696.0
Sparkov,FOLLOWUP_SPARKOV_322,C_dense,5990970f-5b76-4378-9c97-60d1b85b215c,blocked,generated_blocked,True,11727.131,11711.895,5.271,0.03,1889.632,180224.0
Sparkov,FOLLOWUP_SPARKOV_324,B_dense,62f944a5-26a9-409b-ace9-ff09dd9471c7,completed,generated_released,True,9331.8,9316.248,5.701,0.014,1481.568,196608.0
Sparkov,FOLLOWUP_SPARKOV_323,B_lexical,68a5571f-b693-40df-b236-9edcebe0994f,completed,generated_released,True,10691.188,10672.289,9.579,0.02,1699.383,737280.0
Sparkov,FOLLOWUP_SPARKOV_329,D_hybrid,6985e78e-4a52-4d36-a6e1-6af1dd93eeac,blocked,generated_blocked,True,10875.074,10847.671,16.659,0.029,1737.995,1343488.0
Sparkov,FOLLOWUP_SPARKOV_322,C_lexical,69b7ed9a-a9c6-4751-bf10-cd1ad5b6ba98,blocked,generated_blocked,True,10606.191,10587.312,9.683,0.04,1673.15,-4800512.0
Sparkov,FOLLOWUP_SPARKOV_328,C_dense,6fa3d8cd-1a1a-4c04-93df-a18b0e43786e,blocked,generated_blocked,True,9833.468,9817.945,5.806,0.023,1576.413,622592.0
Sparkov,FOLLOWUP_SPARKOV_323,D_hybrid,735f66f9-e627-4210-975b-86e4e780267f,blocked,generated_blocked,True,6144.528,6119.89,14.997,0.023,904.278,704512.0
Sparkov,FOLLOWUP_SPARKOV_325,C_lexical,76d97468-041f-437f-865c-0d483ef9802a,blocked,generated_blocked,True,10089.937,10071.096,9.582,0.039,1599.601,212992.0
Sparkov,FOLLOWUP_SPARKOV_323,A_direct,77653acd-7528-48c9-bf64-c20d85a83da1,completed,generated_released,True,6767.991,6758.831,0.0,0.03,1473.311,540672.0
Sparkov,FOLLOWUP_SPARKOV_330,C_dense,7810e03a-36ab-4a07-97fc-558c3cbc3e0c,blocked,generated_blocked,True,8464.081,8448.495,5.007,0.023,1327.593,262144.0
Sparkov,FOLLOWUP_SPARKOV_326,A_direct,78929a41-aa4a-4a17-9c96-202686012c01,completed,generated_released,True,5192.263,5182.988,0.0,0.014,1110.91,999424.0
Sparkov,FOLLOWUP_SPARKOV_321,C_lexical,7a7465c6-de6b-4490-a901-ebeceff10b3c,blocked,generated_blocked,True,10692.458,10673.206,9.57,0.042,1712.564,3227648.0
Sparkov,FOLLOWUP_SPARKOV_327,C_dense,7aa860fa-0399-4137-b21f-d879f2c49e9d,blocked,generated_blocked,True,10568.93,10554.16,5.307,0.041,1695.322,0.0
Sparkov,FOLLOWUP_SPARKOV_325,C_dense,7c901c8a-7c0f-4235-b3a4-762020bc7d19,blocked,generated_blocked,True,10685.716,10669.5,6.512,0.035,1728.42,491520.0
Sparkov,FOLLOWUP_SPARKOV_327,A_direct,7f15dfb5-accd-490f-8180-0c49ab9ed533,completed,generated_released,True,7078.28,7068.634,0.0,0.014,1510.773,3014656.0
Sparkov,FOLLOWUP_SPARKOV_321,A_direct,822eb51c-11ec-405f-9246-69e7f63a295e,completed,generated_released,True,6568.293,6558.047,0.0,0.013,1429.948,32768.0
Sparkov,FOLLOWUP_SPARKOV_321,B_lexical,87cabd37-cfec-4e1c-ad5c-9e097d1fa1e0,completed,generated_released,True,11950.236,11931.007,9.603,0.025,1923.222,114688.0
Sparkov,FOLLOWUP_SPARKOV_325,B_lexical,88bc16cc-8511-4128-9bbb-47a8fa642858,completed,generated_released,True,10946.99,10928.174,9.626,0.014,1757.95,16384.0
Sparkov,FOLLOWUP_SPARKOV_327,C_lexical,8b73601c-df35-45c7-9b39-9f1061d46ca8,blocked,generated_blocked,True,8718.273,8698.541,9.627,0.026,1320.952,16384.0
Sparkov,FOLLOWUP_SPARKOV_329,A_direct,8c3fc6a7-98cb-47b2-8b7d-69fc699c6bd5,completed,generated_released,True,6010.165,6001.007,0.0,0.013,1296.088,983040.0
Sparkov,FOLLOWUP_SPARKOV_321,C_dense,8f771f2d-0c7a-4b4f-b970-eb50051fec4e,blocked,generated_blocked,True,10919.493,10904.471,5.206,0.035,1777.521,-2129920.0
Sparkov,FOLLOWUP_SPARKOV_328,D_hybrid,9240c25a-06eb-4f12-a62b-b1cdc143bade,blocked,generated_blocked,True,9871.571,9846.65,15.551,0.042,1560.449,-2408448.0
Sparkov,FOLLOWUP_SPARKOV_324,C_lexical,970f4296-c045-4bf8-aa7f-7437a7ed1eb5,blocked,generated_blocked,True,9187.132,9167.572,9.607,0.04,1418.195,770048.0
Sparkov,FOLLOWUP_SPARKOV_326,C_lexical,9a6d123a-225e-4cea-a77b-a12c0c3f4544,blocked,generated_blocked,True,11356.643,11336.879,9.67,0.048,1807.3,1310720.0
Sparkov,FOLLOWUP_SPARKOV_323,C_lexical,a26103ad-6c6f-42da-ac49-2bd373d338eb,blocked,generated_blocked,True,9585.366,9566.077,9.603,0.037,1509.21,-2211840.0
Sparkov,FOLLOWUP_SPARKOV_322,D_hybrid,a2aaa84f-e537-446a-8433-b9c06cce2eb8,blocked,generated_blocked,True,10652.465,10627.085,15.396,0.035,1681.273,163840.0
Sparkov,FOLLOWUP_SPARKOV_329,C_lexical,a51d1186-69f9-4c26-88e8-15cb1900fa3c,blocked,generated_blocked,True,9548.888,9388.58,58.594,9.673,1487.907,21315584.0
Sparkov,FOLLOWUP_SPARKOV_329,C_dense,b19083a7-a1b3-44f3-aecc-caa5db19c408,blocked,generated_blocked,True,10869.708,10716.924,140.54,0.044,1780.138,2064384.0
Sparkov,FOLLOWUP_SPARKOV_327,B_dense,bf3342c3-4c60-4a83-a0dc-66f50653f344,completed,generated_released,True,9177.438,9162.312,5.799,0.021,1446.437,0.0
Sparkov,FOLLOWUP_SPARKOV_323,B_dense,c2fefdb3-a692-4abf-be54-e70ce273b085,completed,generated_released,True,7317.063,7302.385,5.459,0.012,1134.363,3719168.0
Sparkov,FOLLOWUP_SPARKOV_328,C_lexical,c3ce78a6-9732-48a3-ab2d-74e5cb59f7fc,blocked,generated_blocked,True,10442.029,10423.3,9.562,0.035,1659.959,819200.0
Sparkov,FOLLOWUP_SPARKOV_326,B_dense,c6b99a20-0c26-4b42-a2df-a7cb5780eb84,completed,generated_released,True,8506.401,8491.699,5.099,0.013,1354.543,901120.0
Sparkov,FOLLOWUP_SPARKOV_321,B_dense,d0937b9c-5c5a-436c-b858-fbad5c1e37e1,completed,generated_released,True,7829.346,7813.037,5.195,0.013,1218.972,458752.0
Sparkov,FOLLOWUP_SPARKOV_326,D_hybrid,d4b7868c-d9f9-4aa8-8418-05ecf547a866,blocked,generated_blocked,True,8975.22,8950.309,15.346,0.025,1401.305,1294336.0
Sparkov,FOLLOWUP_SPARKOV_328,A_direct,db8ece17-d30e-4907-af13-c8a93ddfce1a,completed,generated_released,True,7543.192,7533.552,0.0,0.015,1646.332,3211264.0
Sparkov,FOLLOWUP_SPARKOV_329,B_dense,ddae3ad2-7e7b-4c2f-80fc-f625fe8d294d,completed,generated_released,True,89609.919,89265.212,328.343,2.157,15900.587,-558891008.0
Sparkov,FOLLOWUP_SPARKOV_328,B_lexical,ed5b7500-8406-4683-b290-7c667ae59a59,completed,generated_released,True,7666.45,7646.981,9.589,0.015,1175.093,1277952.0
Sparkov,FOLLOWUP_SPARKOV_330,B_dense,f320677f-b735-4a2b-a021-360b0e61ab8b,completed,generated_released,True,11618.252,11599.611,9.465,0.012,1871.256,458752.0
Sparkov,FOLLOWUP_SPARKOV_327,B_lexical,fe357d83-9663-4254-950c-e9da7fd579b6,completed,generated_released,True,7217.817,7198.696,9.605,0.02,1079.904,-2752512.0
Sparkov,FOLLOWUP_SPARKOV_332,D_hybrid,0b51f570-e929-41fa-baed-24999f36e028,blocked,generated_blocked,True,10763.131,10737.791,15.685,0.037,1688.42,2899968.0
Sparkov,FOLLOWUP_SPARKOV_336,B_dense,0e53108d-a4e7-4370-85ce-70c92c78d362,completed,generated_released,True,8599.021,8583.084,6.246,0.013,1407.937,835584.0
Sparkov,FOLLOWUP_SPARKOV_335,C_lexical,13d9785a-13ca-4f53-b591-cab3c571d8fa,blocked,generated_blocked,True,10241.119,10221.692,9.776,0.026,1470.118,475136.0
Sparkov,FOLLOWUP_SPARKOV_335,B_dense,175bb9b6-bb68-4a1c-a37e-2b77beb50ddf,completed,generated_released,True,9153.876,9132.027,12.407,0.013,1314.431,65536.0
Sparkov,FOLLOWUP_SPARKOV_331,B_dense,183f0039-35cf-4657-8161-0057dfd31857,completed,generated_released,True,9106.576,9085.866,11.451,0.021,1315.732,573440.0
Sparkov,FOLLOWUP_SPARKOV_336,D_hybrid,1fe77d22-4f60-423c-addc-715cd7a95546,blocked,generated_blocked,True,9286.736,9260.993,16.01,0.034,1485.159,1556480.0
Sparkov,FOLLOWUP_SPARKOV_334,B_dense,24e7e586-63cc-4038-b47d-642f3274ba8a,completed,generated_released,True,9452.271,9425.917,16.744,0.017,1552.946,-2883584.0
Sparkov,FOLLOWUP_SPARKOV_334,A_direct,25af2ae4-89b2-4bdd-88e7-7af1b728ae04,completed,generated_released,True,7247.462,7234.628,0.0,0.015,1503.931,4505600.0
Sparkov,FOLLOWUP_SPARKOV_335,B_lexical,288dfcfc-e30b-46a7-9cd2-3422bbc9447a,completed,generated_released,True,9347.494,9327.067,9.896,0.018,1296.821,344064.0
Sparkov,FOLLOWUP_SPARKOV_333,C_lexical,2b49aa0e-3ad0-43a3-90b1-e49d2592bab3,blocked,generated_blocked,True,9809.199,9789.228,9.916,0.041,1452.518,1310720.0
Sparkov,FOLLOWUP_SPARKOV_338,B_lexical,2dc0e50f-db27-4898-b753-d2b33a42eeed,completed,generated_released,True,10534.851,10515.948,9.694,0.024,1521.325,114688.0
Sparkov,FOLLOWUP_SPARKOV_331,A_direct,2e980758-a87e-40f5-b226-95bbfac32ad3,completed,generated_released,True,8591.146,8581.658,0.0,0.012,1713.554,688128.0
Sparkov,FOLLOWUP_SPARKOV_338,D_hybrid,31fe23b5-a38b-44f6-8319-63df0be73628,blocked,generated_blocked,True,9921.751,9896.1,15.758,0.032,1403.744,524288.0
Sparkov,FOLLOWUP_SPARKOV_336,A_direct,32f00f81-35dd-49a5-b53d-956471afce42,completed,generated_released,True,8024.149,8014.948,0.0,0.016,1818.559,1228800.0
Sparkov,FOLLOWUP_SPARKOV_338,A_direct,3a2812b6-10cc-44c4-a9c4-e6eaf06aa09b,completed,generated_released,True,7363.595,7353.687,0.0,0.015,1448.216,229376.0
Sparkov,FOLLOWUP_SPARKOV_339,B_dense,418f7fb6-7759-4f93-8df9-2b03cf519bd2,completed,generated_released,True,9554.932,8988.473,556.534,0.015,1510.067,1458176.0
Sparkov,FOLLOWUP_SPARKOV_334,B_lexical,43370a0b-ded1-4291-a9fd-8d51f3b14192,completed,generated_released,True,8776.787,8757.75,9.654,0.013,1265.807,884736.0
Sparkov,FOLLOWUP_SPARKOV_331,D_hybrid,4a52071a-6b7b-4da6-b7d7-c98c356d36e0,blocked,generated_blocked,True,11452.082,11425.782,16.395,0.031,1645.123,2998272.0
Sparkov,FOLLOWUP_SPARKOV_333,D_hybrid,4a5f33c0-54fb-423c-8755-01d4becbaeb9,blocked,generated_blocked,True,11704.043,11672.393,22.008,0.038,1713.191,573440.0
Sparkov,FOLLOWUP_SPARKOV_337,C_dense,4cb25711-4c8a-4510-9c80-ccc52f9b42a2,blocked,generated_blocked,True,10900.934,10879.788,11.787,0.037,1621.608,835584.0
Sparkov,FOLLOWUP_SPARKOV_340,C_lexical,4e6cf334-9a11-4520-8073-3f50b8445751,blocked,generated_blocked,True,9806.386,9787.052,9.776,0.038,1480.645,638976.0
Sparkov,FOLLOWUP_SPARKOV_339,A_direct,54415eee-975b-495f-a605-797483f9a511,completed,generated_released,True,9226.335,9216.464,0.0,0.068,2542.227,-256770048.0
Sparkov,FOLLOWUP_SPARKOV_334,D_hybrid,55583bc1-9d07-425c-8525-8d44f42c509d,blocked,generated_blocked,True,13362.763,13337.11,16.433,0.037,2286.672,-7438336.0
Sparkov,FOLLOWUP_SPARKOV_335,D_hybrid,5fa8b957-482e-4982-a700-a48cd2258172,blocked,generated_blocked,True,9498.557,9473.2,15.914,0.033,1342.284,49152.0
Sparkov,FOLLOWUP_SPARKOV_335,C_dense,60c91c82-969e-4730-971e-6edccade2a3c,blocked,generated_blocked,True,11502.462,11485.953,6.208,0.039,1660.825,163840.0
Sparkov,FOLLOWUP_SPARKOV_336,C_dense,62b38f7e-8be3-4e3e-8d9e-0126b4270ccb,blocked,generated_blocked,True,8485.466,8469.078,6.603,0.025,1334.041,3883008.0
Sparkov,FOLLOWUP_SPARKOV_337,C_lexical,630207c3-c0f7-45ec-913b-2819e073bb35,blocked,generated_blocked,True,10984.415,10965.551,9.636,0.038,1593.666,2162688.0
Sparkov,FOLLOWUP_SPARKOV_337,B_lexical,638e5007-365c-4047-8cca-bc2071c5f2e9,completed,generated_released,True,12389.254,12370.011,9.577,0.029,1882.334,2932736.0
Sparkov,FOLLOWUP_SPARKOV_332,A_direct,6c0f711a-a097-4ff6-9795-71f5c541af3f,completed,generated_released,True,7568.179,7559.04,0.0,0.019,1490.953,-2015232.0
Sparkov,FOLLOWUP_SPARKOV_337,D_hybrid,71fc5f9e-2e6d-4ec5-af94-3c64e0eb6689,blocked,generated_blocked,True,9660.527,9629.315,21.934,0.028,1473.079,-49152.0
Sparkov,FOLLOWUP_SPARKOV_332,B_dense,74278b0f-d450-4448-bdab-59cfe8346079,completed,generated_released,True,8935.789,8914.075,11.898,0.015,1344.49,819200.0
Sparkov,FOLLOWUP_SPARKOV_334,C_dense,7571f447-3fa5-4aa5-b833-e33b82fd0043,blocked,generated_blocked,True,10655.941,10639.254,7.374,0.035,1700.902,-12632064.0
Sparkov,FOLLOWUP_SPARKOV_338,C_dense,7b46376c-8eac-4eaa-87b9-a7e51247e350,blocked,generated_blocked,True,11999.657,11984.024,6.303,0.028,1746.609,-32768.0
Sparkov,FOLLOWUP_SPARKOV_332,C_lexical,8a96574e-aa07-4bd1-af56-3dc78b96fb31,blocked,generated_blocked,True,10430.618,10411.416,9.72,0.035,1625.681,1409024.0
Sparkov,FOLLOWUP_SPARKOV_333,B_dense,8fe905eb-5e16-4148-85fd-834ff540db2f,completed,generated_released,True,12037.382,12019.893,7.074,0.013,1773.433,1114112.0
Sparkov,FOLLOWUP_SPARKOV_331,B_lexical,9b9fafe9-1798-4310-b540-6ab101e27ad7,completed,generated_released,True,10991.686,10972.365,9.766,0.013,1563.746,983040.0
Sparkov,FOLLOWUP_SPARKOV_339,C_lexical,9c80ac05-e5c1-4abb-be8d-bf5efb9acb12,blocked,generated_blocked,True,9360.154,9341.021,9.585,0.058,1525.581,2359296.0
Sparkov,FOLLOWUP_SPARKOV_332,B_lexical,a1a9c187-73bb-4fb1-ac0f-38eaffb581f6,completed,generated_released,True,10180.127,10160.826,9.661,0.016,1522.245,1523712.0
Sparkov,FOLLOWUP_SPARKOV_340,C_dense,a8b4e0d4-750b-4672-b4d6-f63d7a9641ad,blocked,generated_blocked,True,11061.123,11046.261,5.688,0.024,1682.552,-11091968.0
Sparkov,FOLLOWUP_SPARKOV_338,B_dense,a95d8b8b-3dca-4e02-8e11-8291fe72e067,completed,generated_released,True,10801.56,10784.359,7.882,0.013,1563.203,-1310720.0
Sparkov,FOLLOWUP_SPARKOV_340,B_lexical,aa0070ae-c132-4ebb-818a-cfe4ff5cd032,completed,generated_released,True,8978.625,8959.892,9.574,0.018,1302.659,442368.0
Sparkov,FOLLOWUP_SPARKOV_339,C_dense,ad322188-cdca-467b-9e09-ea007a7b437a,blocked,generated_blocked,True,10752.945,10736.374,6.628,0.04,1801.622,1327104.0
Sparkov,FOLLOWUP_SPARKOV_333,A_direct,af8be4df-5ad4-4320-b589-e097dea7eb06,completed,generated_released,True,6939.827,6929.387,0.0,0.026,1364.687,1703936.0
Sparkov,FOLLOWUP_SPARKOV_332,C_dense,b03ea9d3-ee1d-475b-ba22-b98229aa78bf,blocked,generated_blocked,True,10993.635,10974.964,9.33,0.038,1649.713,-1769472.0
Sparkov,FOLLOWUP_SPARKOV_336,B_lexical,b42a3459-c3f1-4cad-bb76-19beb456d053,completed,generated_released,True,10298.214,10279.37,9.59,0.019,1684.297,131072.0
Sparkov,FOLLOWUP_SPARKOV_340,D_hybrid,c0b01e74-9815-4c65-9b46-8f2656b870ba,blocked,generated_blocked,True,11901.637,11876.035,15.893,0.02,1784.822,327680.0
Sparkov,FOLLOWUP_SPARKOV_339,D_hybrid,c245c37a-3a31-42a3-92ff-036580051141,blocked,generated_blocked,True,9064.73,9039.299,16.088,0.035,1462.828,835584.0
Sparkov,FOLLOWUP_SPARKOV_335,A_direct,c317cd27-30be-4b9b-8400-7511ee11f1d4,completed,generated_released,True,8378.448,8369.335,0.0,0.018,1640.895,655360.0
Sparkov,FOLLOWUP_SPARKOV_337,A_direct,c65a4088-ba34-465d-b537-3ba3e700d3c5,completed,generated_released,True,6985.492,6975.746,0.0,0.022,1412.632,1015808.0
Sparkov,FOLLOWUP_SPARKOV_333,B_lexical,cbacbcb0-1ade-4366-8ede-8e2bd654e362,completed,generated_released,True,9012.287,8992.243,10.018,0.025,1326.227,3751936.0
Sparkov,FOLLOWUP_SPARKOV_340,B_dense,ccc8816f-76f4-4a4a-a7fb-7e035cf8c753,completed,generated_released,True,10175.352,10160.632,5.548,0.013,1516.537,966656.0
Sparkov,FOLLOWUP_SPARKOV_338,C_lexical,d3f3bed5-c9b7-400c-9250-d8ac56069b60,blocked,generated_blocked,True,9420.957,9401.909,9.699,0.036,1324.6,655360.0
Sparkov,FOLLOWUP_SPARKOV_339,B_lexical,d72b8e4f-959d-45bf-b8fd-3f559bc1e7b7,completed,generated_released,True,10723.653,10635.145,68.569,0.014,1842.59,12124160.0
Sparkov,FOLLOWUP_SPARKOV_340,A_direct,d8b0cd2f-7a0d-409e-99a7-3468c12ea4b7,completed,generated_released,True,6770.927,6761.863,0.0,0.014,1426.141,311296.0
Sparkov,FOLLOWUP_SPARKOV_331,C_dense,de66df36-e8d6-4770-b08e-8ebf52e24c9f,blocked,generated_blocked,True,11459.853,11444.759,5.51,0.038,1705.619,-5013504.0
Sparkov,FOLLOWUP_SPARKOV_336,C_lexical,ee69243a-a16a-457c-ab41-f7952a782e4b,blocked,generated_blocked,True,9174.755,9155.731,9.7,0.036,1435.53,-3588096.0
Sparkov,FOLLOWUP_SPARKOV_337,B_dense,f0b584b8-05c4-4183-a23a-894508366b26,completed,generated_released,True,11644.096,11628.998,5.619,0.015,1866.78,1114112.0
Sparkov,FOLLOWUP_SPARKOV_333,C_dense,f55d9555-c892-47b5-9f63-41378a08c046,blocked,generated_blocked,True,4816.147,4798.435,7.678,0.024,594.713,1081344.0
Sparkov,FOLLOWUP_SPARKOV_331,C_lexical,fc6fb40b-81e0-4ee2-b7ac-0e49687fec6c,blocked,generated_blocked,True,10322.268,10302.723,10.017,0.026,1486.107,622592.0
Sparkov,FOLLOWUP_SPARKOV_334,C_lexical,fdad510a-be41-4741-b488-99ae23ec5fc4,blocked,generated_blocked,True,8589.021,8569.747,9.682,0.025,1345.802,835584.0
Sparkov,FOLLOWUP_SPARKOV_350,B_dense,02c20c38-e952-4ee6-998a-d99bbad60145,completed,generated_released,True,9811.639,9796.806,5.404,0.015,1582.721,753664.0
Sparkov,FOLLOWUP_SPARKOV_342,C_dense,03081293-28e1-4255-b918-f624bc6f34b8,blocked,generated_blocked,True,10652.341,10637.502,4.965,0.021,1564.998,0.0
Sparkov,FOLLOWUP_SPARKOV_342,A_direct,05a1e8e3-5bd5-4a72-b44f-aef4f9023d12,completed,generated_released,True,8320.384,8311.269,0.0,0.014,1650.633,0.0
Sparkov,FOLLOWUP_SPARKOV_345,D_hybrid,0a3382ce-4764-4d9b-a001-348d6c988151,blocked,generated_blocked,True,9670.832,9646.7,14.867,0.025,1552.067,720896.0
Sparkov,FOLLOWUP_SPARKOV_344,C_lexical,0cd2d149-048f-4590-9fb6-c3cd706a3129,blocked,generated_blocked,True,9707.795,9685.12,13.105,0.025,1383.44,819200.0
Sparkov,FOLLOWUP_SPARKOV_348,A_direct,10fe89e3-01d1-42a3-b697-7e5acd5b2248,completed,generated_released,True,7692.606,7683.443,0.0,0.013,1682.315,737280.0
Sparkov,FOLLOWUP_SPARKOV_344,B_lexical,1811302d-f594-4683-b535-c55a757dd935,completed,generated_released,True,12075.862,12053.396,12.655,0.013,1775.985,491520.0
Sparkov,FOLLOWUP_SPARKOV_341,D_hybrid,1bc84360-52be-469b-b477-91f79c651ce0,blocked,generated_blocked,True,9258.42,9233.486,15.023,0.034,1466.888,0.0
Sparkov,FOLLOWUP_SPARKOV_347,C_dense,1c86a97e-e337-4ac7-81ed-569205de0b76,blocked,generated_blocked,True,9627.658,9612.09,5.035,0.033,1428.271,786432.0
Sparkov,FOLLOWUP_SPARKOV_349,B_dense,1fe5b0b0-812b-4fd8-825d-d120b8b0e86c,completed,generated_released,True,9592.612,9577.404,5.242,0.013,1430.193,-1228800.0
Sparkov,FOLLOWUP_SPARKOV_349,B_lexical,259f5e7d-3315-4cde-b4f3-ac6e27830d1e,completed,generated_released,True,9946.386,9925.956,9.746,0.023,1448.71,5144576.0
Sparkov,FOLLOWUP_SPARKOV_350,D_hybrid,2d23c121-345a-490a-ba4f-ea3dd68f528d,blocked,generated_blocked,True,9527.733,9502.76,15.288,0.034,1491.792,786432.0
Sparkov,FOLLOWUP_SPARKOV_341,C_dense,2f165926-78fa-45af-86d5-27ccdce8a242,blocked,generated_blocked,True,10741.401,10725.645,5.908,0.023,1747.141,-16384.0
Sparkov,FOLLOWUP_SPARKOV_350,A_direct,32a6e7b1-567c-4147-8805-21b6f3eafa21,completed,generated_released,True,7238.61,7229.425,0.0,0.011,1579.573,770048.0
Sparkov,FOLLOWUP_SPARKOV_344,B_dense,34c28fe5-4c1c-430d-a352-f99011735263,completed,generated_released,True,10172.035,10157.562,5.043,0.013,1492.122,737280.0
Sparkov,FOLLOWUP_SPARKOV_343,B_dense,3c4ec228-be52-44e8-ba99-191d7e603c56,completed,generated_released,True,9049.673,9034.254,5.163,0.013,1431.558,98304.0
Sparkov,FOLLOWUP_SPARKOV_348,B_dense,44bc1214-193f-4942-a7a5-ff76cf1723b9,completed,generated_released,True,7658.358,7643.664,5.271,0.012,1197.281,704512.0
Sparkov,FOLLOWUP_SPARKOV_344,A_direct,478426f6-c692-45fb-920c-44156c776265,completed,generated_released,True,6799.803,6790.529,0.0,0.018,1369.483,737280.0
Sparkov,FOLLOWUP_SPARKOV_343,D_hybrid,4be5a49e-b132-4f11-8ed7-22abe577c358,blocked,generated_blocked,True,9079.068,9054.86,14.863,0.032,1415.598,65536.0
Sparkov,FOLLOWUP_SPARKOV_342,B_lexical,5559136e-4535-4d92-b043-806d12ca6e14,completed,generated_released,True,11649.51,11626.647,13.104,0.013,1747.27,98304.0
Sparkov,FOLLOWUP_SPARKOV_346,C_dense,564f4bc8-17a9-4822-852a-6ff941d2e4ea,blocked,generated_blocked,True,10480.934,10462.163,8.65,0.035,1546.953,3784704.0
Sparkov,FOLLOWUP_SPARKOV_349,D_hybrid,61fe8815-e75f-4da6-9df0-46d16eaba787,blocked,generated_blocked,True,9072.805,8886.555,107.752,0.041,1273.004,20447232.0
Sparkov,FOLLOWUP_SPARKOV_346,D_hybrid,68449566-5caf-41bd-8acb-9456e68527f3,blocked,generated_blocked,True,12536.496,12506.733,19.808,0.031,1852.699,4128768.0
Sparkov,FOLLOWUP_SPARKOV_343,A_direct,6ee9df7a-7666-474d-a087-76927211c00f,completed,generated_released,True,7292.233,7283.147,0.0,0.014,1579.944,16384.0
Sparkov,FOLLOWUP_SPARKOV_347,D_hybrid,735f2d2a-214f-4587-b2ec-edc195a95fae,blocked,generated_blocked,True,9153.369,9128.216,15.397,0.025,1305.162,-2277376.0
Sparkov,FOLLOWUP_SPARKOV_345,B_lexical,78eaf031-33e4-482a-9e0e-406f2ff91587,completed,generated_released,True,8792.347,8773.178,9.587,0.012,1366.295,114688.0
Sparkov,FOLLOWUP_SPARKOV_349,C_dense,7a0c1759-e4de-4671-ae9e-bc7c0a487f52,blocked,generated_blocked,True,101354.317,101051.197,286.819,3.239,17312.81,-536608768.0
Sparkov,FOLLOWUP_SPARKOV_348,C_dense,7e61efcb-de6e-41ba-8d44-47c9d17970d8,blocked,generated_blocked,True,10726.359,10712.104,5.021,0.023,1733.663,802816.0
Sparkov,FOLLOWUP_SPARKOV_343,B_lexical,82b5f644-d7cd-42ca-9211-d9edf13e7032,completed,generated_released,True,9228.882,9209.956,9.611,0.013,1449.642,0.0
Sparkov,FOLLOWUP_SPARKOV_345,C_dense,8931f319-6c5a-42f5-9011-e3838ce4b0e5,blocked,generated_blocked,True,11112.389,11097.708,5.422,0.033,1807.217,802816.0
Sparkov,FOLLOWUP_SPARKOV_346,B_dense,8a35c4aa-ac61-47e8-b6e0-56461f1db191,completed,generated_released,True,11171.273,11155.756,5.355,0.02,1678.926,638976.0
Sparkov,FOLLOWUP_SPARKOV_349,C_lexical,8d768d4f-7a32-4ce7-8e8d-e28e9c14cd7e,blocked,generated_blocked,True,11272.367,11253.157,9.57,0.04,1670.717,1310720.0
Sparkov,FOLLOWUP_SPARKOV_341,A_direct,91dfbab1-8dd1-49a0-9f66-430376edb529,completed,generated_released,True,6382.92,6373.316,0.0,0.022,1394.575,98304.0
Sparkov,FOLLOWUP_SPARKOV_347,A_direct,9bfb8a3f-e834-4b9c-b6a1-b3a54e746fb4,completed,generated_released,True,6449.582,6440.266,0.0,0.015,1357.937,-5160960.0
Sparkov,FOLLOWUP_SPARKOV_348,D_hybrid,9f2e1454-56ae-42da-ae37-c34c229c1363,blocked,generated_blocked,True,10916.208,10891.393,14.922,0.025,1742.44,671744.0
Sparkov,FOLLOWUP_SPARKOV_346,A_direct,a7127df0-062c-490c-8e2a-49dddd4779c3,completed,generated_released,True,7609.296,7599.668,0.0,0.014,1520.642,376832.0
Sparkov,FOLLOWUP_SPARKOV_349,A_direct,aa2438af-a600-4ca0-b8c7-b2fa6f51ca9d,completed,generated_released,True,7201.97,7191.065,0.0,0.014,1485.999,1589248.0
Sparkov,FOLLOWUP_SPARKOV_345,A_direct,aabe339e-36ab-4780-b352-a77eb6ecbe8f,completed,generated_released,True,8419.306,8410.068,0.0,0.024,1839.155,737280.0
Sparkov,FOLLOWUP_SPARKOV_348,C_lexical,ab8e1bc8-6532-4f31-bed8-a4caa3f50971,blocked,generated_blocked,True,10394.7,10375.557,9.618,0.023,1640.278,802816.0
Sparkov,FOLLOWUP_SPARKOV_341,C_lexical,abe97c3b-151d-41f8-a378-b702dd644c50,blocked,generated_blocked,True,7077.583,7058.69,9.637,0.024,1067.041,0.0
Sparkov,FOLLOWUP_SPARKOV_343,C_lexical,ad34db37-2671-40ae-a57a-02488c5acabb,blocked,generated_blocked,True,9206.202,9187.145,9.705,0.023,1437.475,32768.0
Sparkov,FOLLOWUP_SPARKOV_341,B_dense,b49c77a7-b14c-4cc9-9ff5-62443b304f2a,completed,generated_released,True,8564.031,8549.28,5.415,0.012,1368.621,0.0
Sparkov,FOLLOWUP_SPARKOV_347,C_lexical,bab46f78-5d96-45f3-907e-37c6962f5108,blocked,generated_blocked,True,7360.047,7339.792,10.077,0.025,1030.975,819200.0
Sparkov,FOLLOWUP_SPARKOV_348,B_lexical,cb800efd-6b1a-4695-a46b-3cadb1844d7f,completed,generated_released,True,10437.305,10418.075,9.614,0.013,1673.732,606208.0
Sparkov,FOLLOWUP_SPARKOV_343,C_dense,d3c3a0ad-6f4b-4487-b473-bde0a7284778,blocked,generated_blocked,True,10204.832,10189.944,5.03,0.038,1627.052,360448.0
Sparkov,FOLLOWUP_SPARKOV_350,C_lexical,d4da3a46-cedc-4a37-a30a-a478bf8c7469,blocked,generated_blocked,True,8747.504,8727.972,9.685,0.036,1339.871,3784704.0
Sparkov,FOLLOWUP_SPARKOV_345,C_lexical,d85134a3-6dce-41d3-9d5d-7831fe215143,blocked,generated_blocked,True,8986.831,8967.956,9.58,0.035,1406.665,720896.0
Sparkov,FOLLOWUP_SPARKOV_345,B_dense,d9dac5cd-d2a5-46ad-825a-45fca669957a,completed,generated_released,True,11711.603,11696.746,5.514,0.017,1927.188,638976.0
Sparkov,FOLLOWUP_SPARKOV_350,B_lexical,db09e9fb-dbf2-4760-986e-c2a4d00ad729,completed,generated_released,True,11940.563,11921.081,9.637,0.02,1920.18,868352.0
Sparkov,FOLLOWUP_SPARKOV_344,C_dense,dbe776f1-24e5-44ad-b26c-96d9004bf8fd,blocked,generated_blocked,True,11198.447,11182.329,5.49,0.035,1670.052,901120.0
Sparkov,FOLLOWUP_SPARKOV_342,C_lexical,e461fc8c-e1d3-4220-91aa-d98d04a2c817,blocked,generated_blocked,True,9986.385,9965.124,11.834,0.04,1471.261,32768.0
Sparkov,FOLLOWUP_SPARKOV_342,B_dense,eec6a3db-8baf-4012-ac10-23d842da709e,completed,generated_released,True,8875.818,8861.283,5.083,0.013,1317.392,32768.0
Sparkov,FOLLOWUP_SPARKOV_350,C_dense,eecaa62c-3a63-4298-8ccb-a570f59e3b4a,blocked,generated_blocked,True,10218.649,10203.359,5.889,0.023,1647.624,720896.0
Sparkov,FOLLOWUP_SPARKOV_347,B_dense,f08b8cc2-037c-4775-850d-14fe88c30ca3,completed,generated_released,True,9642.985,9626.684,4.866,0.014,1398.784,884736.0
Sparkov,FOLLOWUP_SPARKOV_347,B_lexical,f284a8a7-5c60-4c0a-8c5a-eed0861850d8,completed,generated_released,True,11003.202,10983.169,9.815,0.026,1686.288,737280.0
Sparkov,FOLLOWUP_SPARKOV_346,C_lexical,f3ba9b43-131a-40d1-8f43-3b3c25501d5e,blocked,generated_blocked,True,10363.251,10343.234,10.408,0.037,1526.774,163840.0
Sparkov,FOLLOWUP_SPARKOV_346,B_lexical,face054f-7b47-4d9a-8041-6db3f7cbf787,completed,generated_released,True,12821.552,12802.401,9.673,0.026,1902.686,-2768896.0
Sparkov,FOLLOWUP_SPARKOV_341,B_lexical,fb648871-3321-4572-a7b4-a9b843f33d26,completed,generated_released,True,11968.891,11950.02,9.597,0.023,1973.07,147456.0
Sparkov,FOLLOWUP_SPARKOV_344,D_hybrid,ff398013-9701-4012-9543-173713703187,blocked,generated_blocked,True,8742.303,8713.908,18.482,0.022,1266.196,851968.0
Sparkov,FOLLOWUP_SPARKOV_342,D_hybrid,ffba444c-6f5f-43a7-9b20-279370fafda7,blocked,generated_blocked,True,11281.849,11256.355,16.268,0.047,1666.793,163840.0
Sparkov,FOLLOWUP_SPARKOV_354,A_direct,066445f1-169f-456a-9c4d-9e3d773551bc,completed,generated_released,True,5927.267,5916.072,0.0,0.012,1265.17,983040.0
Sparkov,FOLLOWUP_SPARKOV_358,A_direct,07f9a0f9-527d-4c8c-a2da-c2f6ab380966,completed,generated_released,True,7230.344,7220.852,0.0,0.013,1571.275,2801664.0
Sparkov,FOLLOWUP_SPARKOV_355,A_direct,0bb6e7aa-a319-4b99-b685-3163c5e7407d,completed,generated_released,True,8376.444,8366.935,0.0,0.021,1683.182,3309568.0
Sparkov,FOLLOWUP_SPARKOV_359,D_hybrid,0ebe7472-acea-4a79-b9c7-bea4fd9d4318,blocked,generated_blocked,True,10943.342,10917.094,16.594,0.036,1735.654,1114112.0
Sparkov,FOLLOWUP_SPARKOV_358,B_dense,12d620b8-126b-466b-a3ca-63652afc4c8f,completed,generated_released,True,11785.872,11771.614,4.873,0.019,1773.916,606208.0
Sparkov,FOLLOWUP_SPARKOV_360,D_hybrid,1ff43064-ff0b-4a79-922e-d9cadf440e05,blocked,generated_blocked,True,11725.907,11701.293,15.092,0.037,1732.991,720896.0
Sparkov,FOLLOWUP_SPARKOV_358,B_lexical,28efd0be-9a2a-45b0-a937-bd5c8206620d,completed,generated_released,True,10018.177,9999.441,9.59,0.015,1447.809,360448.0
Sparkov,FOLLOWUP_SPARKOV_353,A_direct,29bbaa46-e563-4dfc-9aa1-f162c2fc1f66,completed,generated_released,True,6369.098,6359.884,0.0,0.013,1261.703,196608.0
Sparkov,FOLLOWUP_SPARKOV_357,B_lexical,2aa3fe19-0948-4eda-9fae-0a4451f61144,completed,generated_released,True,8287.087,8268.169,9.603,0.027,1284.307,2146304.0
Sparkov,FOLLOWUP_SPARKOV_352,C_lexical,2dd4e87a-ace3-484a-9bbe-9b9692518e60,blocked,generated_blocked,True,6615.931,6596.799,9.612,0.022,983.769,3588096.0
Sparkov,FOLLOWUP_SPARKOV_354,C_dense,3ca1d966-33eb-4e92-bc32-5254c85fef3d,blocked,generated_blocked,True,11768.476,11748.796,10.213,0.029,1898.664,1228800.0
Sparkov,FOLLOWUP_SPARKOV_357,C_lexical,42745bdb-ddfd-485b-90df-386843f55c2c,blocked,generated_blocked,True,8927.5,8907.826,9.762,0.045,1384.233,884736.0
Sparkov,FOLLOWUP_SPARKOV_355,C_lexical,42ab6041-5ff8-48e1-a636-c4285018d9e1,blocked,generated_blocked,True,7121.453,7102.599,9.624,0.019,962.886,2801664.0
Sparkov,FOLLOWUP_SPARKOV_355,C_dense,44cf1832-2de5-4f2e-aded-f81b329d6446,blocked,generated_blocked,True,10836.819,10822.154,4.523,0.035,1641.712,-2277376.0
Sparkov,FOLLOWUP_SPARKOV_353,C_dense,4f224673-abd0-4bb4-b99b-c412d6b3f8af,blocked,generated_blocked,True,11887.334,11872.471,5.214,0.036,1770.537,671744.0
Sparkov,FOLLOWUP_SPARKOV_359,C_dense,5639e725-9a0a-49ad-90c4-5547b3ffc6f3,blocked,generated_blocked,True,10795.78,10745.53,40.452,0.04,1716.96,4751360.0
Sparkov,FOLLOWUP_SPARKOV_358,C_lexical,59f8613c-e9c1-48ab-a534-727c239f1862,blocked,generated_blocked,True,11268.139,11248.56,9.717,0.038,1641.341,114688.0
Sparkov,FOLLOWUP_SPARKOV_355,D_hybrid,5e9b9a8c-942e-481c-8ff3-afd2890d1b6d,blocked,generated_blocked,True,9707.753,9684.13,14.203,0.022,1402.939,262144.0
Sparkov,FOLLOWUP_SPARKOV_359,B_dense,64b13b39-da70-49bf-aae8-3c07f4d3bbf4,completed,generated_released,True,94664.917,94341.519,307.056,2.348,16231.013,-526712832.0
Sparkov,FOLLOWUP_SPARKOV_351,C_dense,655c9bd5-ea25-4c6c-a5f5-c6b56b65f1dd,blocked,generated_blocked,True,11094.196,11079.639,5.02,0.028,1629.141,3047424.0
Sparkov,FOLLOWUP_SPARKOV_357,C_dense,68c27a87-8c8d-4301-8b5c-d2e9fcdf8420,blocked,generated_blocked,True,9131.12,9114.978,5.49,0.041,1454.823,753664.0
Sparkov,FOLLOWUP_SPARKOV_351,B_dense,69e38f00-36e6-4d10-8cfd-336c4d21a8ce,completed,generated_released,True,7679.322,7664.939,5.146,0.014,1089.722,-2277376.0
Sparkov,FOLLOWUP_SPARKOV_360,A_direct,6b47beb4-553f-48fb-9b0a-0bcc5484fc42,completed,generated_released,True,7876.326,7866.709,0.0,0.015,1581.56,655360.0
Sparkov,FOLLOWUP_SPARKOV_360,B_lexical,770be5ea-8eb1-4ef9-b817-2b15f77fde4f,completed,generated_released,True,9390.257,9370.576,9.819,0.014,1467.181,589824.0
Sparkov,FOLLOWUP_SPARKOV_355,B_lexical,7821f94f-7aa9-43bb-86cb-4870d47752b6,completed,generated_released,True,11416.263,11397.263,9.69,0.014,1673.073,147456.0
Sparkov,FOLLOWUP_SPARKOV_353,D_hybrid,8007b3b5-084b-4e20-ae22-a4b05c405245,blocked,generated_blocked,True,9750.19,9725.532,15.039,0.04,1405.145,671744.0
Sparkov,FOLLOWUP_SPARKOV_352,B_dense,85818e92-e407-4cbf-9fa3-bff01e492f00,completed,generated_released,True,7699.194,7684.067,5.785,0.013,1191.655,720896.0
Sparkov,FOLLOWUP_SPARKOV_351,C_lexical,86970701-d697-49ca-8f1c-a38422b57731,blocked,generated_blocked,True,9551.042,9532.212,9.587,0.038,1356.042,3686400.0
Sparkov,FOLLOWUP_SPARKOV_356,C_dense,8b0610d4-b2a5-45c3-ba76-36dd0e0e8b70,blocked,generated_blocked,True,10340.32,10324.959,5.72,0.035,1651.272,1032192.0
Sparkov,FOLLOWUP_SPARKOV_354,B_lexical,8df91f3b-6380-4c45-9bf3-64ad9af86627,completed,generated_released,True,11513.793,11493.646,9.585,0.013,1853.891,1064960.0
Sparkov,FOLLOWUP_SPARKOV_351,A_direct,988b1291-9b00-4100-bc8d-a1e561945c2d,completed,generated_released,True,6571.484,6560.498,0.0,0.012,1319.94,557056.0
Sparkov,FOLLOWUP_SPARKOV_356,D_hybrid,9d66a389-a7dd-4561-90e8-92d1382c0003,blocked,generated_blocked,True,10983.475,10958.929,15.481,0.04,1758.848,1146880.0
Sparkov,FOLLOWUP_SPARKOV_360,C_dense,9eb2aad5-e380-4c0d-a87d-8a3af70ad125,blocked,generated_blocked,True,10301.011,10286.028,5.18,0.024,1517.599,-2342912.0
Sparkov,FOLLOWUP_SPARKOV_355,B_dense,a0cdb7b8-b377-45a6-8fe5-fb99971524cb,completed,generated_released,True,12503.664,12489.465,5.019,0.022,1904.21,-4046848.0
Sparkov,FOLLOWUP_SPARKOV_352,D_hybrid,a5ca7571-734b-4ca8-b668-8f3118d7790b,blocked,generated_blocked,True,11205.626,11179.345,16.228,0.034,1781.271,1572864.0
Sparkov,FOLLOWUP_SPARKOV_354,B_dense,a5f4536e-cce7-48f7-87e5-1858341d403e,completed,generated_released,True,8924.333,8909.762,5.319,0.014,1391.639,-2228224.0
Sparkov,FOLLOWUP_SPARKOV_353,C_lexical,a733482f-0fb4-49ba-8e16-b8f2ab0a2edc,blocked,generated_blocked,True,9710.834,9691.068,9.826,0.028,1392.325,3096576.0
Sparkov,FOLLOWUP_SPARKOV_359,C_lexical,a95f3004-7b82-487f-b788-1f885e463f47,blocked,generated_blocked,True,8523.462,8379.223,56.658,0.065,1282.042,24576000.0
Sparkov,FOLLOWUP_SPARKOV_357,D_hybrid,b23dcfb2-25e9-47d1-81b3-f7c5149dcc62,blocked,generated_blocked,True,10454.787,10429.673,15.158,0.026,1662.722,147456.0
Sparkov,FOLLOWUP_SPARKOV_351,D_hybrid,b6e3e0bc-02d2-4520-be25-909281a19694,blocked,generated_blocked,True,11094.9,11069.77,15.426,0.04,1588.66,-2834432.0
Sparkov,FOLLOWUP_SPARKOV_358,C_dense,bf516ef0-0ea7-4113-be4e-1c8a62be7ff0,blocked,generated_blocked,True,11911.463,11895.223,6.797,0.035,1769.841,-2326528.0
Sparkov,FOLLOWUP_SPARKOV_359,B_lexical,bf869a35-bb7d-4ae8-969f-3afba4e21de0,completed,generated_released,True,9361.576,9342.424,9.528,0.013,1462.827,1081344.0
Sparkov,FOLLOWUP_SPARKOV_357,A_direct,c432c6ac-61d0-412a-b001-2c7e0f10b596,completed,generated_released,True,8715.524,8706.418,0.0,0.021,1900.712,-835584.0
Sparkov,FOLLOWUP_SPARKOV_356,B_lexical,c524b034-97ac-4563-91f6-381c7d46c5f8,completed,generated_released,True,11931.944,11912.3,9.485,0.032,1913.002,868352.0
Sparkov,FOLLOWUP_SPARKOV_356,A_direct,c8357070-5974-4ccb-84f2-d42d3241d33b,completed,generated_released,True,8525.928,8516.623,0.0,0.014,1875.657,-2080768.0
Sparkov,FOLLOWUP_SPARKOV_357,B_dense,cc9f9ea3-78ed-4196-89bb-fd03084dd4b0,completed,generated_released,True,6715.574,6699.084,5.991,0.02,1020.871,835584.0
Sparkov,FOLLOWUP_SPARKOV_352,B_lexical,ce7c08fa-701a-4c27-b374-4db2bcdf0205,completed,generated_released,True,9031.278,9012.294,9.526,0.02,1402.849,868352.0
Sparkov,FOLLOWUP_SPARKOV_354,D_hybrid,d045d46e-51e2-4fa4-851b-4a49536c89f7,blocked,generated_blocked,True,9078.506,9052.563,15.567,0.034,1423.696,901120.0
Sparkov,FOLLOWUP_SPARKOV_353,B_dense,d5c158c1-7b20-4716-b2fb-8ee9d992a2cd,completed,generated_released,True,12637.374,12622.108,5.537,0.021,1952.811,933888.0
Sparkov,FOLLOWUP_SPARKOV_352,C_dense,d5f15167-9620-43ba-a5ba-e791eb2e2168,blocked,generated_blocked,True,9708.472,9694.025,5.246,0.022,1550.428,786432.0
Sparkov,FOLLOWUP_SPARKOV_358,D_hybrid,e157f474-de1c-4bfe-a2ec-dd8d063e0883,blocked,generated_blocked,True,10456.148,10429.785,16.976,0.035,1562.735,-2719744.0
Sparkov,FOLLOWUP_SPARKOV_356,C_lexical,e15f7b21-0b99-4d76-915b-6ff648cd5495,blocked,generated_blocked,True,10213.146,10194.051,9.583,0.049,1611.379,868352.0
Sparkov,FOLLOWUP_SPARKOV_360,B_dense,e34849f8-9ffe-4d0a-b30a-0d2c928996d1,completed,generated_released,True,8358.886,8343.397,5.853,0.012,1313.323,-10698752.0
Sparkov,FOLLOWUP_SPARKOV_353,B_lexical,e52d55bd-81f5-40b4-861f-23a319ef4f73,completed,generated_released,True,12272.081,12252.807,9.606,0.013,1798.631,-2064384.0
Sparkov,FOLLOWUP_SPARKOV_360,C_lexical,e92326bd-8d13-44ef-b883-d9ebf5cffca7,blocked,generated_blocked,True,10596.514,10577.05,9.705,0.041,1543.973,3260416.0
Sparkov,FOLLOWUP_SPARKOV_356,B_dense,edc54e0b-c3c3-48af-abed-8e9afaa05cb4,completed,generated_released,True,8749.384,8734.518,5.109,0.014,1407.16,3784704.0
Sparkov,FOLLOWUP_SPARKOV_351,B_lexical,ef79c5d7-2164-4951-b672-076c1f0b15dc,completed,generated_released,True,9811.292,9792.046,9.656,0.022,1401.528,3063808.0
Sparkov,FOLLOWUP_SPARKOV_354,C_lexical,f7e442ba-086b-45a0-9662-b768f551335e,blocked,generated_blocked,True,10123.336,10103.811,9.522,0.035,1584.687,770048.0
Sparkov,FOLLOWUP_SPARKOV_359,A_direct,ff437900-e1ae-4625-b124-3a5404c61174,completed,generated_released,True,6238.751,6229.253,0.0,0.015,1336.028,1064960.0
Sparkov,FOLLOWUP_SPARKOV_352,A_direct,ff876183-0a6d-4d53-b590-a99a33407395,completed,generated_released,True,7520.689,7511.603,0.0,0.014,1642.539,-278528.0
Sparkov,FOLLOWUP_SPARKOV_365,B_lexical,02b7b07c-00c9-4aaf-b594-6c4af7244e02,completed,generated_released,True,11138.034,11117.368,9.745,0.022,1703.604,3211264.0
Sparkov,FOLLOWUP_SPARKOV_361,C_lexical,0424492f-6303-4ac2-acaf-d8f5da21aa47,blocked,generated_blocked,True,10609.458,10587.751,10.022,0.037,1631.064,-557056.0
Sparkov,FOLLOWUP_SPARKOV_364,A_direct,072271a3-a688-4d74-a6b5-3fd9ff9d7a52,completed,generated_released,True,68320.075,68310.688,0.0,0.023,10391.703,-6160384.0
Sparkov,FOLLOWUP_SPARKOV_362,B_lexical,098de57e-cbaf-4517-a5c0-a58459acdb58,completed,generated_released,True,13695.407,13674.264,9.694,0.04,2083.287,1605632.0
Sparkov,FOLLOWUP_SPARKOV_363,A_direct,099472c6-bf62-4cc2-8824-4c580949e9f8,completed,generated_released,True,59442.524,59432.431,0.0,0.019,9521.402,-5455872.0
Sparkov,FOLLOWUP_SPARKOV_361,A_direct,11ff39c0-e527-46e2-a27b-bc8f6586abc7,completed,generated_released,True,60038.018,60028.603,0.0,0.015,9037.611,-30310400.0
Sparkov,FOLLOWUP_SPARKOV_362,A_direct,18ddd1f2-de19-4e86-b7f7-3a32bc5e4bc5,completed,generated_released,True,59661.547,59650.845,0.0,0.014,8765.467,-6127616.0
Sparkov,FOLLOWUP_SPARKOV_369,A_direct,1b34be8a-e71e-4000-950e-460de707b2eb,completed,generated_released,True,8906.343,8896.521,0.0,0.067,2265.308,-182550528.0
Sparkov,FOLLOWUP_SPARKOV_368,C_dense,200acd58-9da8-4a60-b899-42d45bea32b1,blocked,generated_blocked,True,12830.058,12812.741,6.736,0.035,2002.133,753664.0
Sparkov,FOLLOWUP_SPARKOV_370,A_direct,30ab6b97-9176-4757-9bea-e7eb790dc0d4,completed,generated_released,True,54334.439,54325.164,0.0,0.024,8296.55,-63242240.0
Sparkov,FOLLOWUP_SPARKOV_368,C_lexical,31250fbc-daa1-42b1-896f-3f739cb5c1a7,blocked,generated_blocked,True,9799.233,9777.434,10.099,0.025,1510.343,147456.0
Sparkov,FOLLOWUP_SPARKOV_364,C_dense,31bfe78b-db20-4fea-99e9-8f0d76ab6c24,blocked,generated_blocked,True,11161.403,11144.593,6.868,0.036,1722.132,1032192.0
Sparkov,FOLLOWUP_SPARKOV_366,C_lexical,345f519d-43e8-464c-9aa6-40a587eaae85,blocked,generated_blocked,True,8070.462,8051.721,9.662,0.033,1177.795,933888.0
Sparkov,FOLLOWUP_SPARKOV_365,D_hybrid,40af0b9b-995d-46e8-8b33-3755e9b14316,blocked,generated_blocked,True,10293.4,10265.86,17.83,0.035,1577.292,311296.0
Sparkov,FOLLOWUP_SPARKOV_368,D_hybrid,41a9c54e-46f2-4f54-bf48-0e094c07ed34,blocked,generated_blocked,True,11591.622,11567.324,14.897,0.039,1809.965,229376.0
Sparkov,FOLLOWUP_SPARKOV_364,B_dense,42e97e1e-145f-4841-80c9-83d379631195,completed,generated_released,True,15361.078,11028.951,4320.551,0.013,1776.126,6307840.0
Sparkov,FOLLOWUP_SPARKOV_370,D_hybrid,4f3318e2-cbce-45dc-9fec-425a698699f5,blocked,generated_blocked,True,10493.533,10467.292,16.734,0.024,1596.711,770048.0
Sparkov,FOLLOWUP_SPARKOV_362,C_dense,52232084-71b2-4a08-8d8c-d5bb8c81dd4c,blocked,generated_blocked,True,11866.491,11848.071,7.807,0.039,1933.881,737280.0
Sparkov,FOLLOWUP_SPARKOV_361,D_hybrid,5266a0ad-fda1-499a-8bcc-e06ac27f09d9,blocked,generated_blocked,True,12084.388,12058.867,15.755,0.041,1869.16,753664.0
Sparkov,FOLLOWUP_SPARKOV_368,A_direct,5508c15f-0266-4446-86c7-1b2ae04ad6bb,completed,generated_released,True,70239.75,70229.848,0.0,0.017,10568.991,-16465920.0
Sparkov,FOLLOWUP_SPARKOV_365,C_lexical,57f527b0-c6b0-40a7-85a3-fd9e17205bc3,blocked,generated_blocked,True,11565.914,11546.721,9.612,0.036,1771.868,622592.0
Sparkov,FOLLOWUP_SPARKOV_367,C_dense,5a1c83f3-5310-4811-bd28-c39c063272ed,blocked,generated_blocked,True,11204.89,11189.831,5.518,0.048,1749.764,950272.0
Sparkov,FOLLOWUP_SPARKOV_368,B_lexical,60c98c87-83ab-46a9-ae4e-2cc63ed3c69a,completed,generated_released,True,17352.472,17330.035,9.778,0.019,2615.304,3686400.0
Sparkov,FOLLOWUP_SPARKOV_367,B_lexical,6c9f8be5-956e-41d8-84a9-ca41b4699ba3,completed,generated_released,True,10214.136,10191.97,9.809,0.02,1540.334,4308992.0
Sparkov,FOLLOWUP_SPARKOV_364,D_hybrid,6db3cada-d725-41ce-89c3-9295f77cae46,blocked,generated_blocked,True,11184.414,11160.643,14.698,0.024,1706.912,819200.0
Sparkov,FOLLOWUP_SPARKOV_366,B_dense,712dc92c-a08e-406c-969a-ce062d4b73e2,completed,generated_released,True,8387.376,8368.116,10.037,0.012,1274.154,1179648.0
Sparkov,FOLLOWUP_SPARKOV_370,B_dense,731c38ef-08fd-40b6-a29a-d539fa0cb3da,completed,generated_released,True,9847.59,9832.111,5.31,0.013,1555.21,294912.0
Sparkov,FOLLOWUP_SPARKOV_366,B_lexical,75251b65-1364-4052-affa-b1217b29694c,completed,generated_released,True,11479.779,11460.801,9.645,0.033,1759.035,802816.0
Sparkov,FOLLOWUP_SPARKOV_363,C_dense,758b0991-4ab6-4eed-9a9c-ca2b1cf0a90c,blocked,generated_blocked,True,11098.388,11082.635,5.53,0.03,1756.058,770048.0
Sparkov,FOLLOWUP_SPARKOV_362,D_hybrid,7714d582-5e6b-4eb5-b634-c2739db5c23c,blocked,generated_blocked,True,9490.975,9465.631,15.566,0.035,1555.284,835584.0
Sparkov,FOLLOWUP_SPARKOV_367,B_dense,7c0074b2-9333-42db-b083-8187618f01a7,completed,generated_released,True,9220.056,9202.257,6.385,0.015,1392.013,933888.0
Sparkov,FOLLOWUP_SPARKOV_369,C_dense,814c7f27-c406-48cf-abd7-8b46b4ee7bcd,blocked,generated_blocked,True,12242.989,12228.495,4.954,0.042,1914.768,-2080768.0
Sparkov,FOLLOWUP_SPARKOV_362,B_dense,81bf017b-2d3a-4301-9f66-22b92da43649,completed,generated_released,True,9693.619,9676.959,6.265,0.019,1498.296,3883008.0
Sparkov,FOLLOWUP_SPARKOV_370,C_lexical,8a69e348-7c2a-4bf5-867e-0a26c972f465,blocked,generated_blocked,True,9819.571,9798.776,10.499,0.039,1485.738,770048.0
Sparkov,FOLLOWUP_SPARKOV_362,C_lexical,8b402eec-485f-404b-83a7-aaa32f3a2059,blocked,generated_blocked,True,10557.276,10537.867,9.733,0.042,1615.227,786432.0
Sparkov,FOLLOWUP_SPARKOV_366,A_direct,8d345a20-d278-4f44-90d2-a5d61828c8ef,completed,generated_released,True,51571.657,51562.391,0.0,0.014,8290.052,-22806528.0
Sparkov,FOLLOWUP_SPARKOV_366,D_hybrid,8fc590d9-d9fc-4ca8-8d82-4577b4487da3,blocked,generated_blocked,True,10714.674,10689.674,15.501,0.039,1623.307,819200.0
Sparkov,FOLLOWUP_SPARKOV_363,C_lexical,9237e33a-550f-472f-a334-186528bc07c1,blocked,generated_blocked,True,10745.761,10726.079,10.081,0.033,1658.474,933888.0
Sparkov,FOLLOWUP_SPARKOV_361,C_dense,963d24e3-701a-4a78-b44c-9b8c2a73f011,blocked,generated_blocked,True,12315.495,12301.331,4.555,0.036,1934.75,1605632.0
Sparkov,FOLLOWUP_SPARKOV_367,A_direct,991eb991-3cef-4298-82ab-c977a2ed93fe,completed,generated_released,True,78177.747,78168.612,0.0,0.029,11962.022,-122978304.0
Sparkov,FOLLOWUP_SPARKOV_366,C_dense,a084aee4-8019-4989-9b57-edefd590eec6,blocked,generated_blocked,True,11726.865,11712.671,5.085,0.029,1835.888,720896.0
Sparkov,FOLLOWUP_SPARKOV_361,B_dense,a182679a-be7e-4a03-856a-f8b5b39f36fa,completed,generated_released,True,17779.603,11792.697,5974.502,0.02,1957.913,6045696.0
Sparkov,FOLLOWUP_SPARKOV_364,C_lexical,a1cf174a-2e23-4bdb-b945-543eaf63a57d,blocked,generated_blocked,True,8080.483,8058.859,9.563,0.024,1155.546,999424.0
Sparkov,FOLLOWUP_SPARKOV_363,B_dense,a6562d2c-7f61-4c94-b18f-7525cc8310e0,completed,generated_released,True,11765.308,11750.22,4.949,0.014,1859.08,704512.0
Sparkov,FOLLOWUP_SPARKOV_367,C_lexical,b19f8242-5e3e-447c-a197-febb96483b2c,blocked,generated_blocked,True,10693.727,10673.824,9.773,0.042,1602.945,868352.0
Sparkov,FOLLOWUP_SPARKOV_364,B_lexical,b4a01ae4-2041-4af8-bff4-c24cbde6d209,completed,generated_released,True,15173.865,15152.048,9.974,0.012,2281.232,5160960.0
Sparkov,FOLLOWUP_SPARKOV_363,D_hybrid,b95130d9-7e01-4c45-a963-bea6ef90f59e,blocked,generated_blocked,True,10493.825,10467.336,16.874,0.038,1624.355,-2850816.0
Sparkov,FOLLOWUP_SPARKOV_369,D_hybrid,bd97d813-201f-4dde-a23f-5558e436e57a,blocked,generated_blocked,True,9769.909,9745.383,15.047,0.036,1445.534,720896.0
Sparkov,FOLLOWUP_SPARKOV_367,D_hybrid,c1d4dea6-58c5-4a9d-920b-6b46784afef7,blocked,generated_blocked,True,9651.185,9625.896,15.538,0.035,1459.622,819200.0
Sparkov,FOLLOWUP_SPARKOV_368,B_dense,cfa4d79b-d615-4a05-88cd-d3278c4d74e8,completed,generated_released,True,11653.513,11636.494,5.048,0.011,1901.953,770048.0
Sparkov,FOLLOWUP_SPARKOV_369,C_lexical,d032f36e-9ff4-49cb-bd2a-ce910e9201fc,blocked,generated_blocked,True,9276.466,9257.368,9.631,0.052,1387.119,1163264.0
Sparkov,FOLLOWUP_SPARKOV_365,C_dense,d8462ee6-37bb-453e-be35-d5f40bb425f7,blocked,generated_blocked,True,6706.656,6691.386,5.577,0.026,968.339,835584.0
Sparkov,FOLLOWUP_SPARKOV_365,A_direct,dd842189-0c8a-4395-8e09-aff81e3f02a9,completed,generated_released,True,67402.382,67393.221,0.0,0.014,10212.602,-8126464.0
Sparkov,FOLLOWUP_SPARKOV_370,C_dense,e1f11d84-4e52-45f3-b11c-3676d9a8e051,blocked,generated_blocked,True,11005.393,10989.751,5.066,0.022,1714.926,360448.0
Sparkov,FOLLOWUP_SPARKOV_363,B_lexical,e23a4b67-28e5-4f00-ac4f-f64f0e51c4e7,completed,generated_released,True,15880.813,15859.683,9.725,0.013,2448.392,4702208.0
Sparkov,FOLLOWUP_SPARKOV_369,B_lexical,e45691f6-e5eb-4184-ab74-35345762e5c7,completed,generated_released,True,10543.414,10515.555,16.293,0.013,1609.106,3473408.0
Sparkov,FOLLOWUP_SPARKOV_361,B_lexical,ebe33727-71a0-45d4-b12b-4d524c93411f,completed,generated_released,True,15258.277,15234.443,10.779,0.014,2281.316,3981312.0
Sparkov,FOLLOWUP_SPARKOV_369,B_dense,ec97c68f-885f-41a3-b9de-1021d5891b57,completed,generated_released,True,11196.837,10838.667,347.912,0.013,1694.463,3112960.0
Sparkov,FOLLOWUP_SPARKOV_370,B_lexical,ecc0a42f-1e55-4c74-aa7f-28153fcb777f,completed,generated_released,True,14704.262,14680.32,10.238,0.013,2250.129,3915776.0
Sparkov,FOLLOWUP_SPARKOV_365,B_dense,eee6e970-2b42-43f9-88fd-1b5245d91435,completed,generated_released,True,10571.987,10557.386,5.09,0.01,1648.91,622592.0
Sparkov,FOLLOWUP_SPARKOV_378,B_lexical,067dac6b-12b3-4092-8cc4-0534ab1368e9,completed,generated_released,True,11898.166,11878.514,10.02,0.014,1774.537,294912.0
Sparkov,FOLLOWUP_SPARKOV_375,D_hybrid,0ee04fc1-32c0-405f-8fd8-6d1b9b268522,blocked,generated_blocked,True,9178.372,9153.726,14.893,0.034,1428.586,802816.0
Sparkov,FOLLOWUP_SPARKOV_377,C_dense,0fc336fc-d5ef-46cf-8c21-c91dfd4d4bd1,blocked,generated_blocked,True,8031.435,8013.255,6.097,0.027,1263.198,557056.0
Sparkov,FOLLOWUP_SPARKOV_374,B_lexical,1a6e575b-0eee-4109-8c2e-a38e0cf1c321,completed,generated_released,True,9297.61,9276.294,9.638,0.015,1476.442,147456.0
Sparkov,FOLLOWUP_SPARKOV_380,D_hybrid,2a7be980-b0a6-4d24-bd81-815dea6319af,blocked,generated_blocked,True,10833.768,10808.757,15.3,0.035,1757.131,-2310144.0
Sparkov,FOLLOWUP_SPARKOV_377,B_dense,2ca8d7cc-3082-4d66-935d-6a9f8c77346a,completed,generated_released,True,8493.665,8478.696,5.243,0.014,1346.228,1015808.0
Sparkov,FOLLOWUP_SPARKOV_376,C_dense,315bea2f-ad65-4349-82ab-b8e1f22d259c,blocked,generated_blocked,True,10297.441,10283.212,5.021,0.039,1677.41,884736.0
Sparkov,FOLLOWUP_SPARKOV_375,B_dense,33273d16-5443-40a2-bd21-3bc4c66b03d2,completed,generated_released,True,8416.824,8402.342,5.094,0.019,1295.575,-11042816.0
Sparkov,FOLLOWUP_SPARKOV_380,C_dense,33f4981b-eb2c-41be-9ee8-e6b716aed6d3,blocked,generated_blocked,True,10138.02,10122.556,5.521,0.022,1634.933,491520.0
Sparkov,FOLLOWUP_SPARKOV_373,B_dense,394404d1-661c-438e-bce1-7d44668e215f,completed,generated_released,True,8529.076,8514.579,5.027,0.021,1366.86,2457600.0
Sparkov,FOLLOWUP_SPARKOV_377,C_lexical,39673fd6-7260-4055-8448-db57d64bfbe0,blocked,generated_blocked,True,9883.209,9864.235,9.634,0.043,1572.913,376832.0
Sparkov,FOLLOWUP_SPARKOV_375,C_lexical,420dcf2c-e573-468b-be06-1bcdc4cdee31,blocked,generated_blocked,True,10291.838,10271.609,10.051,0.035,1480.042,3932160.0
Sparkov,FOLLOWUP_SPARKOV_379,B_lexical,42e261b2-de5a-40d5-af85-48586e88fe10,completed,generated_released,True,10938.166,10919.151,9.653,0.016,1938.504,-688128.0
Sparkov,FOLLOWUP_SPARKOV_373,D_hybrid,43c1adf6-7b56-49c4-aad7-33611304f19e,blocked,generated_blocked,True,9778.403,9754.287,14.852,0.037,1574.793,311296.0
Sparkov,FOLLOWUP_SPARKOV_374,A_direct,4c27e000-e781-40bd-a4f3-c8d0249ebcac,completed,generated_released,True,6380.034,6370.586,0.0,0.015,1381.716,49152.0
Sparkov,FOLLOWUP_SPARKOV_376,A_direct,55544c8a-5140-45bf-848c-0e0ba4b2efe5,completed,generated_released,True,7399.803,7390.11,0.0,0.014,1645.779,3473408.0
Sparkov,FOLLOWUP_SPARKOV_373,B_lexical,586153df-0c0a-465a-a69d-574d85f0a90b,completed,generated_released,True,9331.504,9312.33,9.592,0.021,1502.12,884736.0
Sparkov,FOLLOWUP_SPARKOV_374,C_lexical,59db5b06-473f-4f85-b7ed-afb88d2ab060,blocked,generated_blocked,True,9188.726,9169.896,9.593,0.035,1448.538,262144.0
Sparkov,FOLLOWUP_SPARKOV_379,A_direct,5cc96855-cde5-4735-b1d9-25a242341550,completed,generated_released,True,7522.96,7512.294,0.0,0.012,1645.431,4243456.0
Sparkov,FOLLOWUP_SPARKOV_376,D_hybrid,5e3c84e8-5a81-4679-ae0b-0eef60c78aad,blocked,generated_blocked,True,10697.742,10664.226,23.123,0.05,2141.178,-2097152.0
Sparkov,FOLLOWUP_SPARKOV_371,B_dense,5f008e6d-0805-4c5a-b00d-b7142f9c2cab,completed,generated_released,True,11701.789,11686.973,5.49,0.015,1756.86,-2785280.0
Sparkov,FOLLOWUP_SPARKOV_371,C_lexical,668a9464-ba75-41cd-9b84-ed97285acc80,blocked,generated_blocked,True,9503.211,9483.446,9.899,0.024,1367.085,49152.0
Sparkov,FOLLOWUP_SPARKOV_376,B_dense,6b05caaf-fe2c-48bd-9587-8cc4be79e19e,completed,generated_released,True,10702.75,10686.055,6.507,0.012,1759.097,868352.0
Sparkov,FOLLOWUP_SPARKOV_375,A_direct,6f60fef7-4e0e-4ec0-adda-9f18797f8bb8,completed,generated_released,True,5576.744,5567.469,0.0,0.027,1205.371,-4046848.0
Sparkov,FOLLOWUP_SPARKOV_379,D_hybrid,777b3f6d-1431-47ae-9501-47de67aa7807,blocked,generated_blocked,True,8478.474,8305.798,93.813,0.047,1287.263,20545536.0
Sparkov,FOLLOWUP_SPARKOV_380,C_lexical,7f38de19-daf0-4a44-abd7-493aada87d46,blocked,generated_blocked,True,8970.802,8951.636,9.639,0.037,1426.608,65536.0
Sparkov,FOLLOWUP_SPARKOV_377,A_direct,80d240c1-7fca-467c-b8a8-71f3c7d27601,completed,generated_released,True,7403.139,7393.564,0.0,0.022,1635.715,49152.0
Sparkov,FOLLOWUP_SPARKOV_374,C_dense,837f1616-1c60-42c8-9a8f-3edde9a21d66,blocked,generated_blocked,True,10277.634,10261.804,6.346,0.044,1669.169,442368.0
Sparkov,FOLLOWUP_SPARKOV_371,D_hybrid,89fc7999-5099-4727-bd78-df67de768239,blocked,generated_blocked,True,11768.297,11742.927,14.793,0.043,1730.863,180224.0
Sparkov,FOLLOWUP_SPARKOV_371,A_direct,8baf300d-d2fd-44db-aff7-f291aa2b822b,completed,generated_released,True,9295.232,9285.994,0.0,0.025,1874.102,147456.0
Sparkov,FOLLOWUP_SPARKOV_378,C_dense,8c13c69b-5424-4942-a989-4daad3b1e1f9,blocked,generated_blocked,True,11524.893,11509.497,5.363,0.024,1726.351,753664.0
Sparkov,FOLLOWUP_SPARKOV_378,C_lexical,93c339d7-ff71-4298-a83d-31d565c8101b,blocked,generated_blocked,True,8017.686,7997.932,9.641,0.024,1117.194,819200.0
Sparkov,FOLLOWUP_SPARKOV_375,B_lexical,9546ede0-b188-46c8-99fb-177d147c4dca,completed,generated_released,True,9063.641,9043.914,9.822,0.013,1388.188,884736.0
Sparkov,FOLLOWUP_SPARKOV_374,B_dense,994a6e88-ab5f-4a9e-9948-0e10962314d1,completed,generated_released,True,9618.477,9603.099,5.908,0.014,1563.429,786432.0
Sparkov,FOLLOWUP_SPARKOV_378,B_dense,9965f7f2-8d1d-4f1d-b6db-fceed213ee19,completed,generated_released,True,9722.652,9708.28,4.911,0.016,1465.455,524288.0
Sparkov,FOLLOWUP_SPARKOV_380,B_lexical,996abcec-bb58-4da2-90ca-5dbe3457f1e3,completed,generated_released,True,9139.803,9120.849,9.651,0.018,1427.943,245760.0
Sparkov,FOLLOWUP_SPARKOV_376,C_lexical,9eb9f0b2-f920-4c74-9ef3-d45540622d5f,blocked,generated_blocked,True,10143.402,10124.185,9.684,0.035,1608.245,1081344.0
Sparkov,FOLLOWUP_SPARKOV_377,D_hybrid,acb84d90-9e9a-4eb2-acfc-4bddc294dd80,blocked,generated_blocked,True,6631.6,6606.701,14.942,0.024,988.164,688128.0
Sparkov,FOLLOWUP_SPARKOV_376,B_lexical,ace67bc4-8694-4bb1-b4e2-f5a643a45c23,completed,generated_released,True,7253.763,7234.435,9.585,0.027,1109.828,1179648.0
Sparkov,FOLLOWUP_SPARKOV_378,D_hybrid,b5f1ee9f-2fe7-401f-a22a-0be8e445c6ce,blocked,generated_blocked,True,10116.468,10091.766,15.363,0.037,1484.517,458752.0
Sparkov,FOLLOWUP_SPARKOV_371,C_dense,b76c6868-f06f-4ef6-a14f-7cffb7bf5d65,blocked,generated_blocked,True,10817.141,10802.782,4.979,0.024,1611.383,3194880.0
Sparkov,FOLLOWUP_SPARKOV_379,C_lexical,bf0c2337-9477-4085-b151-f2ed93cfc42d,blocked,generated_blocked,True,10775.291,10752.978,11.295,0.041,1879.77,4308992.0
Sparkov,FOLLOWUP_SPARKOV_380,B_dense,bfd4a037-b411-4313-80a5-0754516bc798,completed,generated_released,True,9082.462,9066.958,5.475,0.013,1464.173,475136.0
Sparkov,FOLLOWUP_SPARKOV_373,A_direct,c059806f-30f7-4b55-b0d3-1003d1fa12a2,completed,generated_released,True,7936.067,7924.738,0.0,0.017,1740.026,-524288.0
Sparkov,FOLLOWUP_SPARKOV_375,C_dense,c49b4388-89fe-4941-b2d2-575dee9dedcd,blocked,generated_blocked,True,10148.751,10134.128,4.96,0.022,1515.297,819200.0
Sparkov,FOLLOWUP_SPARKOV_377,B_lexical,ccddf196-6c2c-4536-944d-b663db735fd8,completed,generated_released,True,11963.837,11944.977,9.603,0.022,1949.569,180224.0
Sparkov,FOLLOWUP_SPARKOV_372,C_dense,ce631960-a2fc-4f9c-9eb9-8ded39b4d5f5,blocked,generated_blocked,True,9281.039,9266.482,5.184,0.025,1496.293,819200.0
Sparkov,FOLLOWUP_SPARKOV_372,D_hybrid,d1b31307-79a6-4436-886a-9b72e4a2c9d2,blocked,generated_blocked,True,13820.739,13795.981,15.187,0.043,2263.495,-4603904.0
Sparkov,FOLLOWUP_SPARKOV_380,A_direct,d739bf11-ecd0-4aef-a5c7-a3c8400befc1,completed,generated_released,True,7317.668,7307.983,0.0,0.014,1604.059,2867200.0
Sparkov,FOLLOWUP_SPARKOV_379,C_dense,d8552c24-8bd1-4cbe-a68f-45cf422e6524,blocked,generated_blocked,True,104748.717,104431.726,298.293,4.804,17908.468,-514097152.0
Sparkov,FOLLOWUP_SPARKOV_372,C_lexical,e1f0c9c6-4e50-4a3f-8eeb-a2d1832a3d06,blocked,generated_blocked,True,9692.19,9671.796,9.706,0.04,1538.785,770048.0
Sparkov,FOLLOWUP_SPARKOV_372,B_dense,e9cc5d2e-cb18-43dc-8468-9469a8d70dd8,completed,generated_released,True,11729.734,11714.176,5.069,0.014,1944.369,3391488.0
Sparkov,FOLLOWUP_SPARKOV_378,A_direct,ebed1855-380f-422c-a1b2-409bbedccdf8,completed,generated_released,True,7600.045,7590.791,0.0,0.016,1569.118,491520.0
Sparkov,FOLLOWUP_SPARKOV_372,B_lexical,ebf3bec0-bc0a-40cb-acbf-ad0c4594b9a6,completed,generated_released,True,9271.738,9250.352,9.711,0.014,1470.396,-1638400.0
Sparkov,FOLLOWUP_SPARKOV_374,D_hybrid,ed950ff6-8066-4dae-a4c7-773d1e124b81,blocked,generated_blocked,True,10418.18,10392.216,15.764,0.048,1668.176,1130496.0
Sparkov,FOLLOWUP_SPARKOV_373,C_dense,efe44f44-6260-424a-b1e3-30624fa86c26,blocked,generated_blocked,True,11109.671,11095.068,5.233,0.039,1803.655,-2097152.0
Sparkov,FOLLOWUP_SPARKOV_372,A_direct,f4339fff-ad3d-4f29-a5f7-c5691ced95eb,completed,generated_released,True,7095.007,7085.288,0.0,0.014,1554.133,3473408.0
Sparkov,FOLLOWUP_SPARKOV_371,B_lexical,f556f613-085f-425b-aeff-22cd02d9eb0f,completed,generated_released,True,10865.536,10846.544,9.702,0.016,1590.434,458752.0
Sparkov,FOLLOWUP_SPARKOV_379,B_dense,f5c97627-4dd4-4997-812b-b2504b2c1fd6,completed,generated_released,True,9823.994,9808.052,5.559,0.015,1716.913,1261568.0
Sparkov,FOLLOWUP_SPARKOV_373,C_lexical,ffaf9202-a523-43f4-aa45-b494ba64ea24,blocked,generated_blocked,True,11297.359,11277.937,9.615,0.035,1801.757,720896.0
Sparkov,FOLLOWUP_SPARKOV_385,C_lexical,01b27df0-fbb3-4f34-83b3-7ab0c1d62ac2,blocked,generated_blocked,True,11395.293,11375.906,9.633,0.035,1692.615,147456.0
Sparkov,FOLLOWUP_SPARKOV_385,B_lexical,053bf122-744a-4d1b-b898-0e73c8e5a8cc,completed,generated_released,True,12868.346,12848.752,9.729,0.022,1923.426,32768.0
Sparkov,FOLLOWUP_SPARKOV_385,A_direct,0a22c3ff-b8a4-475c-80cc-94e668498abe,completed,generated_released,True,7266.995,7257.587,0.0,0.023,1448.37,16384.0
Sparkov,FOLLOWUP_SPARKOV_390,B_dense,0f19fb36-18ad-4d1d-94a9-89e4793519a2,completed,generated_released,True,9295.944,9280.351,5.479,0.016,1373.68,606208.0
Sparkov,FOLLOWUP_SPARKOV_390,B_lexical,1098095d-f226-4d7a-b2ba-9ff278fc9698,completed,generated_released,True,10576.822,10557.729,9.7,0.023,1570.988,753664.0
Sparkov,FOLLOWUP_SPARKOV_388,B_lexical,10ee396f-bbe3-4d60-867a-b3d58b23702f,completed,generated_released,True,10671.643,10651.023,10.217,0.024,1550.279,81920.0
Sparkov,FOLLOWUP_SPARKOV_389,C_dense,11692a15-801c-4356-9def-4148fb582a23,blocked,generated_blocked,True,9389.996,9344.957,33.246,0.04,1346.689,5046272.0
Sparkov,FOLLOWUP_SPARKOV_387,D_hybrid,116b6d6b-69aa-476b-8739-c708aeb0bec2,blocked,generated_blocked,True,9643.444,9616.452,15.13,0.027,1407.291,786432.0
Sparkov,FOLLOWUP_SPARKOV_381,B_dense,176359c5-18b3-4d28-a9c6-a6acdace4a87,completed,generated_released,True,9514.653,9500.489,4.824,0.016,1416.409,32768.0
Sparkov,FOLLOWUP_SPARKOV_383,D_hybrid,26f47f42-3c51-478c-b2a4-8102c811dfce,blocked,generated_blocked,True,11309.28,11284.568,15.077,0.038,1650.158,65536.0
Sparkov,FOLLOWUP_SPARKOV_390,C_lexical,2f7701ae-2fe3-4753-a65d-d7b565bd475f,blocked,generated_blocked,True,10010.614,9988.107,10.033,0.037,1483.753,753664.0
Sparkov,FOLLOWUP_SPARKOV_384,D_hybrid,318ddc33-684f-43db-a64f-7fa17eeef95c,blocked,generated_blocked,True,11541.546,11513.703,18.073,0.043,1732.649,-1769472.0
Sparkov,FOLLOWUP_SPARKOV_385,C_dense,31dadcb6-7940-4209-9cc2-462c571d2c6a,blocked,generated_blocked,True,11345.901,11330.765,5.681,0.034,1727.451,557056.0
Sparkov,FOLLOWUP_SPARKOV_387,C_dense,37149bdb-8b9b-4035-a64e-25c66875908f,blocked,generated_blocked,True,7744.714,7729.294,5.656,0.025,1103.448,589824.0
Sparkov,FOLLOWUP_SPARKOV_382,D_hybrid,3d674ef8-171b-4222-8331-c5e0a61b3279,blocked,generated_blocked,True,10759.591,10733.355,16.133,0.039,1601.059,3244032.0
Sparkov,FOLLOWUP_SPARKOV_389,B_lexical,441b8c77-b982-45e4-ae16-399948a8e7c5,completed,generated_released,True,12888.0,12867.907,10.028,0.03,1931.654,-1605632.0
Sparkov,FOLLOWUP_SPARKOV_382,A_direct,4557f738-3914-4f47-bfe8-967157d58054,completed,generated_released,True,7067.749,7058.729,0.0,0.013,1446.705,901120.0
Sparkov,FOLLOWUP_SPARKOV_383,B_dense,46d221b7-16e1-45de-a49d-ca32d78c026c,completed,generated_released,True,12614.891,12600.023,5.311,0.025,1908.472,131072.0
Sparkov,FOLLOWUP_SPARKOV_382,C_lexical,49ba7b4b-f027-42f5-92fe-64f914f1fe2e,blocked,generated_blocked,True,11103.377,11084.292,9.918,0.027,1649.179,-2064384.0
Sparkov,FOLLOWUP_SPARKOV_384,B_lexical,4b1ca6a9-ac2a-4927-a32c-5bc51ba67357,completed,generated_released,True,11116.537,11094.587,12.551,0.017,1678.035,245760.0
Sparkov,FOLLOWUP_SPARKOV_388,D_hybrid,562e7151-5a55-4a36-b37d-4543e72f447f,blocked,generated_blocked,True,12113.872,12089.87,14.815,0.042,1778.952,557056.0
Sparkov,FOLLOWUP_SPARKOV_386,B_lexical,5ae51697-5df9-4169-acf6-e4d5c38584a2,completed,generated_released,True,7553.296,7532.95,10.325,0.014,1074.51,327680.0
Sparkov,FOLLOWUP_SPARKOV_386,B_dense,5b14a1bf-3482-45ff-b7b0-94378e7bd5a9,completed,generated_released,True,10143.735,10128.514,5.747,0.016,1526.347,-2129920.0
Sparkov,FOLLOWUP_SPARKOV_381,C_lexical,5f73738a-bbe9-4794-845d-e283f81242bd,blocked,generated_blocked,True,10423.288,10401.175,10.151,0.033,1513.116,16384.0
Sparkov,FOLLOWUP_SPARKOV_387,B_dense,68e947b6-4028-430b-912f-27da586505d9,completed,generated_released,True,9865.795,9851.706,4.608,0.016,1475.885,-2015232.0
Sparkov,FOLLOWUP_SPARKOV_382,B_dense,71f69bef-637b-4b59-b8b9-906886b9d84c,completed,generated_released,True,10582.099,10564.478,7.947,0.014,1593.891,81920.0
Sparkov,FOLLOWUP_SPARKOV_383,A_direct,76dbee7f-22ba-46f5-8a7d-4f37a0681ecb,completed,generated_released,True,7714.521,7705.025,0.0,0.014,1558.663,622592.0
Sparkov,FOLLOWUP_SPARKOV_386,C_lexical,78213315-9980-499b-995f-b7688b6fdd1c,blocked,generated_blocked,True,10013.941,9995.081,9.555,0.025,1451.886,1212416.0
Sparkov,FOLLOWUP_SPARKOV_386,A_direct,84f1ad59-279c-40dc-af82-1b9cbd94088e,completed,generated_released,True,5437.536,5428.406,0.0,0.023,1074.716,704512.0
Sparkov,FOLLOWUP_SPARKOV_389,C_lexical,86d72960-ee00-40cb-88f4-744a2bae44bb,blocked,generated_blocked,True,11114.491,10983.283,40.616,0.72,1605.385,25067520.0
Sparkov,FOLLOWUP_SPARKOV_382,C_dense,88b4655b-8465-446a-bf0b-a9ea2d6b4977,blocked,generated_blocked,True,11123.916,11108.625,5.293,0.046,1722.376,65536.0
Sparkov,FOLLOWUP_SPARKOV_387,A_direct,8e49d15c-0cbc-486b-a4fd-68467d2cd4cd,completed,generated_released,True,7011.215,7001.504,0.0,0.014,1447.95,2932736.0
Sparkov,FOLLOWUP_SPARKOV_387,B_lexical,8ee20e09-24c9-4e31-9b85-ee734d477864,completed,generated_released,True,9980.924,9961.362,9.596,0.014,1459.382,114688.0
Sparkov,FOLLOWUP_SPARKOV_381,C_dense,96f94b64-cbe2-45bb-a516-52052d57abfa,blocked,generated_blocked,True,10817.431,10802.974,4.965,0.025,1567.615,65536.0
Sparkov,FOLLOWUP_SPARKOV_388,B_dense,9a440eee-b19d-4147-9bbe-1f3683862b27,completed,generated_released,True,9880.02,9864.975,5.183,0.022,1448.129,-16384.0
Sparkov,FOLLOWUP_SPARKOV_384,C_lexical,9a9e9f1c-d187-462d-a875-2c0f7d7bd7a4,blocked,generated_blocked,True,11238.055,11215.025,11.947,0.026,1696.868,-2080768.0
Sparkov,FOLLOWUP_SPARKOV_389,B_dense,9bd51ec7-ebb3-42e0-8c47-eb65fa0287bb,completed,generated_released,True,100830.629,100511.894,301.123,2.948,17699.332,-647217152.0
Sparkov,FOLLOWUP_SPARKOV_381,D_hybrid,9d248d10-45bb-4969-bdad-a189e033fcfb,blocked,generated_blocked,True,3206.493,3181.19,15.246,0.022,347.455,16384.0
Sparkov,FOLLOWUP_SPARKOV_381,A_direct,9ebaa90a-fbe8-4616-9aac-2c3de6b19632,completed,generated_released,True,7436.195,7426.431,0.0,0.015,1461.242,32768.0
Sparkov,FOLLOWUP_SPARKOV_390,C_dense,a4294f08-dd72-4d65-877c-b14344c544cc,blocked,generated_blocked,True,11472.984,11458.213,5.024,0.036,1726.382,3325952.0
Sparkov,FOLLOWUP_SPARKOV_385,D_hybrid,a5a3a26b-ad97-490c-981e-70f90fd21a81,blocked,generated_blocked,True,10348.751,10324.75,14.524,0.026,1538.187,114688.0
Sparkov,FOLLOWUP_SPARKOV_386,D_hybrid,a7e18230-5fe8-445b-bccb-570a4c24a552,blocked,generated_blocked,True,10073.837,10047.938,16.537,0.034,1491.0,966656.0
Sparkov,FOLLOWUP_SPARKOV_389,D_hybrid,a845a4ef-87d3-4bcd-ae2f-7127ed5d5daa,blocked,generated_blocked,True,10348.768,10323.715,15.397,0.035,1529.778,933888.0
Sparkov,FOLLOWUP_SPARKOV_389,A_direct,a95aa3ac-20e3-4c79-a751-610684b70a1b,completed,generated_released,True,7226.605,7217.451,0.0,0.016,1444.313,917504.0
Sparkov,FOLLOWUP_SPARKOV_390,A_direct,c2a2843c-9576-463b-a4a3-b41e7c09d270,completed,generated_released,True,8433.283,8423.959,0.0,0.015,1742.221,589824.0
Sparkov,FOLLOWUP_SPARKOV_387,C_lexical,c65d9a37-6a31-48c6-9df6-821fafccbb15,blocked,generated_blocked,True,8875.59,8856.495,9.827,0.025,1269.021,98304.0
Sparkov,FOLLOWUP_SPARKOV_388,A_direct,c7d91922-df34-48fe-86df-d258c9fc2341,completed,generated_released,True,8097.597,8088.066,0.0,0.014,1619.479,-81920.0
Sparkov,FOLLOWUP_SPARKOV_390,D_hybrid,c91e181b-f697-4c41-b5bc-838a5ff5ca55,blocked,generated_blocked,True,10836.272,10811.932,14.916,0.039,1620.924,540672.0
Sparkov,FOLLOWUP_SPARKOV_385,B_dense,ca7fb56c-6ad6-4230-be73-d7a1c375d784,completed,generated_released,True,8583.863,8569.009,5.187,0.019,1260.116,655360.0
Sparkov,FOLLOWUP_SPARKOV_388,C_lexical,cca85341-5d92-408d-9c6a-87f237ae2227,blocked,generated_blocked,True,11296.343,11277.124,9.565,0.043,1678.612,-262144.0
Sparkov,FOLLOWUP_SPARKOV_386,C_dense,d329ba52-e416-4c15-a402-a0730612a2fc,blocked,generated_blocked,True,9909.119,9887.942,10.811,0.043,1453.791,4161536.0
Sparkov,FOLLOWUP_SPARKOV_383,C_lexical,d33d2c4f-9a2c-4649-b606-6fcad7578914,blocked,generated_blocked,True,10777.265,10757.812,9.963,0.034,1579.514,753664.0
Sparkov,FOLLOWUP_SPARKOV_384,C_dense,d593f93f-0b3d-43f9-9251-3dc2e669e6ee,blocked,generated_blocked,True,11188.333,11173.933,5.063,0.04,1691.482,3653632.0
Sparkov,FOLLOWUP_SPARKOV_388,C_dense,da94d2ec-c494-40bc-a550-5c678470575e,blocked,generated_blocked,True,11920.815,11905.744,5.144,0.029,1798.75,524288.0
Sparkov,FOLLOWUP_SPARKOV_384,B_dense,db498bbb-1156-417c-b420-7a4ae57d2847,completed,generated_released,True,8658.927,8642.684,5.843,0.014,1297.553,3817472.0
Sparkov,FOLLOWUP_SPARKOV_383,C_dense,e0cc855d-cfc1-43a0-a056-2b78adb8b869,blocked,generated_blocked,True,12305.858,12291.264,5.067,0.038,1866.428,32768.0
Sparkov,FOLLOWUP_SPARKOV_384,A_direct,e2bd8534-96da-4473-bc9b-b0be3dea7abc,completed,generated_released,True,7325.193,7315.91,0.0,0.014,1494.129,524288.0
Sparkov,FOLLOWUP_SPARKOV_382,B_lexical,e3b884e0-1a46-4c25-8584-61031941fd17,completed,generated_released,True,10825.106,10804.392,11.358,0.014,1614.928,851968.0
Sparkov,FOLLOWUP_SPARKOV_381,B_lexical,e53e07e0-9032-4f49-910f-90ee3f1891be,completed,generated_released,True,11937.463,11918.536,9.759,0.015,1764.524,16384.0
Sparkov,FOLLOWUP_SPARKOV_383,B_lexical,e58b3e1c-9d00-4420-81f0-70c47fa9ae62,completed,generated_released,True,11649.014,11629.94,9.661,0.022,1725.334,704512.0
Sparkov,FOLLOWUP_SPARKOV_396,A_direct,0220fb64-237a-4dec-9bd8-dd0e16e34a38,completed,generated_released,True,60995.153,60985.583,0.0,0.021,9594.104,-24150016.0
Sparkov,FOLLOWUP_SPARKOV_399,D_hybrid,06a3882a-0f1d-45f3-8861-ea1a132a1631,blocked,generated_blocked,True,11276.347,11251.834,14.956,0.039,1696.927,983040.0
Sparkov,FOLLOWUP_SPARKOV_396,D_hybrid,0b73a1bc-7479-4c1a-b48e-682a28292021,blocked,generated_blocked,True,11359.1,11334.327,15.321,0.042,1719.468,196608.0
Sparkov,FOLLOWUP_SPARKOV_395,B_dense,10b816a0-0297-4508-a7ad-41e439387b5a,completed,generated_released,True,10796.174,10781.229,5.109,0.011,1793.589,245760.0
Sparkov,FOLLOWUP_SPARKOV_393,A_direct,12d6fbd1-680f-44f3-b57c-8e95d806ab8f,completed,generated_released,True,68981.527,68972.325,0.0,0.018,10549.477,-4800512.0
Sparkov,FOLLOWUP_SPARKOV_395,A_direct,1e602d2b-ca8f-48e4-891d-1320ef747187,completed,generated_released,True,66715.077,66705.399,0.0,0.015,10530.267,-4653056.0
Sparkov,FOLLOWUP_SPARKOV_394,A_direct,20fa701a-c445-4dca-b10d-846adeb167ac,completed,generated_released,True,59929.737,59920.55,0.0,0.028,9293.896,-4390912.0
Sparkov,FOLLOWUP_SPARKOV_397,A_direct,2171beb9-768d-4ad9-a6f8-24caa6206104,completed,generated_released,True,48138.589,48129.249,0.0,0.031,8638.908,-109477888.0
Sparkov,FOLLOWUP_SPARKOV_400,B_dense,2313381a-4029-4939-9da8-ec122a1b6093,completed,generated_released,True,9777.598,9762.519,5.324,0.013,1627.804,311296.0
Sparkov,FOLLOWUP_SPARKOV_392,A_direct,26b9384d-0809-4f45-ab75-2f07febe4a7b,completed,generated_released,True,53846.184,53836.616,0.0,0.014,8069.683,-24690688.0
Sparkov,FOLLOWUP_SPARKOV_397,D_hybrid,2b362578-0a1e-4058-92aa-16f6b71c1be4,blocked,generated_blocked,True,11482.349,11457.553,14.812,0.046,1743.563,851968.0
Sparkov,FOLLOWUP_SPARKOV_391,D_hybrid,2ba8693e-40fe-4430-be8b-c149bb0864cd,blocked,generated_blocked,True,8600.972,8576.113,15.567,0.024,1368.543,180224.0
Sparkov,FOLLOWUP_SPARKOV_392,B_lexical,35b5caa5-9793-4ec9-b3d9-b3cdbd9ca3a7,completed,generated_released,True,18106.662,18084.951,9.7,0.018,2635.215,3768320.0
Sparkov,FOLLOWUP_SPARKOV_394,B_lexical,3c057a78-f67e-44f0-b6dd-d41ba9d06ee2,completed,generated_released,True,13802.773,13781.673,9.696,0.021,2167.134,3702784.0
Sparkov,FOLLOWUP_SPARKOV_393,D_hybrid,3e771e3b-413e-4969-a017-f78250fdeddb,blocked,generated_blocked,True,11449.289,11424.691,14.221,0.022,1871.864,753664.0
Sparkov,FOLLOWUP_SPARKOV_394,C_dense,438418a6-9970-455d-97b0-d45b2a06e0fb,blocked,generated_blocked,True,12077.002,12062.498,4.885,0.032,1875.99,163840.0
Sparkov,FOLLOWUP_SPARKOV_397,C_dense,43a02de1-6fd4-45c0-93b0-8ca013bdd837,blocked,generated_blocked,True,11936.186,11920.777,5.559,0.049,1863.127,950272.0
Sparkov,FOLLOWUP_SPARKOV_396,C_dense,45f4d523-a7a7-4f09-a077-3e1c63c44128,blocked,generated_blocked,True,11632.208,11617.104,5.604,0.029,1768.884,1048576.0
Sparkov,FOLLOWUP_SPARKOV_399,A_direct,4989283b-2028-43b7-b438-efb7ed2e8113,completed,generated_released,True,8035.508,8025.205,0.0,0.031,2091.566,-241352704.0
Sparkov,FOLLOWUP_SPARKOV_395,C_dense,4c85da2d-8157-4ae0-9a43-b87b72c669e3,blocked,generated_blocked,True,11633.975,11619.581,4.954,0.053,1954.148,262144.0
Sparkov,FOLLOWUP_SPARKOV_391,C_lexical,4d612a25-1388-49b3-aa56-7f36570ffaaf,blocked,generated_blocked,True,12462.963,12443.678,9.549,0.023,2045.583,98304.0
Sparkov,FOLLOWUP_SPARKOV_396,C_lexical,56cef1bf-d206-4d4b-a19e-104294f39b5d,blocked,generated_blocked,True,10908.722,10889.735,9.607,0.04,1598.417,819200.0
Sparkov,FOLLOWUP_SPARKOV_399,C_dense,78106f68-55be-4719-82ca-c472b074e4b0,blocked,generated_blocked,True,11748.759,11733.588,5.501,0.044,1781.965,-2064384.0
Sparkov,FOLLOWUP_SPARKOV_399,B_lexical,7c29e5d3-9f06-40b4-9b6a-c1c8ede035af,completed,generated_released,True,10540.543,10509.29,17.292,0.029,1641.393,5259264.0
Sparkov,FOLLOWUP_SPARKOV_392,B_dense,7f46f820-42db-4252-a22f-15b3c2178f2e,completed,generated_released,True,11522.33,11504.804,5.357,2.314,1688.142,819200.0
Sparkov,FOLLOWUP_SPARKOV_396,B_dense,8286aa76-71aa-41d9-9c67-ecc3acc9735f,completed,generated_released,True,8703.775,8684.36,10.039,0.014,1269.998,835584.0
Sparkov,FOLLOWUP_SPARKOV_393,C_lexical,862223b0-17e4-4a49-a38d-0c7392150d07,blocked,generated_blocked,True,9480.445,9459.957,9.857,0.035,1526.497,294912.0
Sparkov,FOLLOWUP_SPARKOV_400,B_lexical,89b498a0-c7d0-4a68-82ba-59a15a6392b8,completed,generated_released,True,15451.514,15430.314,9.717,0.012,2411.098,3768320.0
Sparkov,FOLLOWUP_SPARKOV_400,A_direct,8ff36731-379f-4b83-bfef-d97846efc51d,completed,generated_released,True,59620.272,59610.49,0.0,0.022,9155.035,-6537216.0
Sparkov,FOLLOWUP_SPARKOV_400,D_hybrid,943ea1d6-d5e2-47c7-a98c-cca95e18cab4,blocked,generated_blocked,True,10527.824,10502.34,15.281,0.024,1718.616,163840.0
Sparkov,FOLLOWUP_SPARKOV_398,B_lexical,95d94752-5525-48c3-87f2-3afbb799e851,completed,generated_released,True,9859.26,9834.527,10.399,0.03,1659.511,7667712.0
Sparkov,FOLLOWUP_SPARKOV_397,B_dense,962b9b72-76a8-47ab-81cf-163033532054,completed,generated_released,True,7514.541,7498.687,6.095,0.014,1200.398,1015808.0
Sparkov,FOLLOWUP_SPARKOV_400,C_lexical,98a188a1-c29d-4de9-9559-75e4a91cdaaa,blocked,generated_blocked,True,10584.336,10565.031,9.588,0.038,1722.089,81920.0
Sparkov,FOLLOWUP_SPARKOV_398,C_lexical,9fbe7e11-e4e0-4fc7-afb5-0bc8fb82865d,blocked,generated_blocked,True,9265.156,9245.056,9.538,0.021,1518.944,3522560.0
Sparkov,FOLLOWUP_SPARKOV_395,B_lexical,a323170a-1f49-4ab8-87ae-0020889836c1,completed,generated_released,True,10266.716,10247.417,9.578,0.018,1665.09,409600.0
Sparkov,FOLLOWUP_SPARKOV_393,B_lexical,aa680612-b538-4078-ad05-617e0d77fce1,completed,generated_released,True,9400.876,9379.085,9.894,0.012,1519.677,2998272.0
Sparkov,FOLLOWUP_SPARKOV_399,B_dense,ad083de9-f408-4e91-b694-eedd0c6da09b,completed,generated_released,True,11256.954,10902.231,345.267,0.013,1653.464,3227648.0
Sparkov,FOLLOWUP_SPARKOV_398,B_dense,b41b8af3-2b8e-4c2f-b73b-10a30804b863,completed,generated_released,True,12074.228,12057.413,6.431,0.02,2101.035,-2310144.0
Sparkov,FOLLOWUP_SPARKOV_393,B_dense,b73dc1da-a653-47e6-8180-acf8836e6c43,completed,generated_released,True,9772.436,9757.972,4.562,0.013,1606.599,1540096.0
Sparkov,FOLLOWUP_SPARKOV_397,C_lexical,b9b12e43-ad4a-4686-923a-9b8a7b4b3e76,blocked,generated_blocked,True,10093.647,10074.7,9.672,0.036,1629.02,819200.0
Sparkov,FOLLOWUP_SPARKOV_397,B_lexical,bc7327dc-02da-4a7b-9f21-88671f0dbdcb,completed,generated_released,True,11248.467,11207.099,10.348,0.025,1844.548,3817472.0
Sparkov,FOLLOWUP_SPARKOV_391,B_dense,c1e984df-b9ee-43c6-a3ee-e6db090d2c90,completed,generated_released,True,8902.736,8883.842,5.413,0.02,1474.212,3686400.0
Sparkov,FOLLOWUP_SPARKOV_395,D_hybrid,c2ec0294-d854-4ab4-9a03-95b6bc5f2186,blocked,generated_blocked,True,10470.637,10445.788,15.001,0.034,1707.569,212992.0
Sparkov,FOLLOWUP_SPARKOV_391,C_dense,c5126581-0b71-49ff-b778-90603948ff1e,blocked,generated_blocked,True,11153.719,11139.028,5.084,0.035,1863.111,573440.0
Sparkov,FOLLOWUP_SPARKOV_393,C_dense,c6aef2e5-e747-4081-bcc1-64a7dc0babf9,blocked,generated_blocked,True,10258.478,10242.791,5.855,0.048,1689.747,770048.0
Sparkov,FOLLOWUP_SPARKOV_391,A_direct,ca68ae60-69f4-4526-b735-40e090fdd63b,completed,generated_released,True,61707.908,61698.392,0.0,0.014,9272.275,-4734976.0
Sparkov,FOLLOWUP_SPARKOV_392,D_hybrid,cd77f587-085e-46dc-b38e-d772e1e4f6b5,blocked,generated_blocked,True,11465.267,11439.812,15.358,0.038,1755.65,327680.0
Sparkov,FOLLOWUP_SPARKOV_394,C_lexical,ce4043b9-b013-491f-adaf-447297e326a4,blocked,generated_blocked,True,10887.942,10867.828,9.756,0.041,1645.694,393216.0
Sparkov,FOLLOWUP_SPARKOV_398,C_dense,d3a2a4a4-93bb-4157-bea8-1dec657b01eb,blocked,generated_blocked,True,10735.148,10719.662,5.82,0.036,1823.711,81920.0
Sparkov,FOLLOWUP_SPARKOV_392,C_lexical,d41037fc-afad-4031-a508-a85a15aa1dab,blocked,generated_blocked,True,10637.751,10617.349,10.108,0.057,1607.139,311296.0
Sparkov,FOLLOWUP_SPARKOV_398,A_direct,e0a975e9-6b11-4e23-822f-d4a624dc2407,completed,generated_released,True,70896.877,70887.723,0.0,0.034,10934.854,-22642688.0
Sparkov,FOLLOWUP_SPARKOV_394,D_hybrid,e4049a7e-0639-43e7-891e-6733163c95ef,blocked,generated_blocked,True,10885.556,10860.572,15.62,0.027,1639.811,966656.0
Sparkov,FOLLOWUP_SPARKOV_396,B_lexical,ea069a1e-3a18-49cc-a3ef-2daed905f6f8,completed,generated_released,True,9924.27,9905.038,9.564,0.025,1457.945,786432.0
Sparkov,FOLLOWUP_SPARKOV_392,C_dense,eb406564-880f-4d81-a0fe-567ffd37fa96,blocked,generated_blocked,True,10783.095,10766.951,5.418,0.036,1640.774,720896.0
Sparkov,FOLLOWUP_SPARKOV_394,B_dense,ee08f912-1897-4789-b07e-b9da95858532,completed,generated_released,True,10844.534,10824.089,8.81,0.013,1643.427,3702784.0
Sparkov,FOLLOWUP_SPARKOV_400,C_dense,ee286441-f48e-4560-8965-ba2b11be28c3,blocked,generated_blocked,True,11151.248,11136.418,5.102,0.042,1869.435,163840.0
Sparkov,FOLLOWUP_SPARKOV_399,C_lexical,efd8de30-c598-4277-9cbd-99f15e4dc576,blocked,generated_blocked,True,10077.891,10058.855,9.745,0.06,1478.274,983040.0
Sparkov,FOLLOWUP_SPARKOV_395,C_lexical,f128521c-e3b3-419b-93f9-ad30c7871d74,blocked,generated_blocked,True,8657.235,8636.232,9.618,1.754,1367.773,147456.0
Sparkov,FOLLOWUP_SPARKOV_398,D_hybrid,f2e9d739-b687-4ef1-911f-64ffdd814bf0,blocked,generated_blocked,True,7311.204,7286.709,14.965,0.026,1171.21,16384.0
Sparkov,FOLLOWUP_SPARKOV_391,B_lexical,f4759d15-2bfa-4371-8101-d2fdeacf3b0d,completed,generated_released,True,16785.719,16764.582,10.035,0.026,2848.637,704512.0
